Store Code,POD code,Bills,Amount,Ave Bill
CR,0,1,0,0
UL,F-03,1,0,0
NS,I-09,1,0,0
TH,X-99,1,0,0
TH,E-53,2,0,0
TE,X-99,2,0,0
SS,F-04,3,0,0
CC,X-99,3,0,0
MZ,X-99,4,0,0
JP,X-99,6,0,0
ST,X-99,6,0,0
YJ,X-99,9,0,0
WT,X-99,11,0,0
KE,X-99,12,0,0
ZH,X-99,15,0,0
PJ,X-99,17,0,0
HD,X-99,19,0,0
JF,X-99,37,0,0
KE,Others,61,0,0
DT,X-99,64,0,0
NL,X-99,92,0,0
CR,X-99,198,0,0
JF,Others,218,0,0
FH,X-99,385,274,0.71
JK,X-99,1964,2180,1.11
ZY,X-99,1315,1836,1.4
SZ,X-99,1028,1487,1.45
YT,X-99,204,660,3.24
KF,X-99,378,1339,3.54
DY,X-99,1370,5237,3.82
CL,X-99,149,738,4.95
HS,X-99,1654,9733,5.88
CK,X-99,885,7228,8.17
TK,X-99,151,1300,8.61
FG,X-99,1400,12059,8.61
TS,X-99,673,6085,9.04
NQ,X-99,346,3415,9.87
RZ,X-99,1169,13105,11.21
PK,X-99,730,8196,11.23
CG,X-99,35,398,11.37
TB,X-99,1473,16819,11.42
SS,X-99,224,3159,14.1
QH,X-99,779,13970,17.93
XS,X-99,101,1915,18.96
MA,X-99,231,4882,21.13
SL,X-99,117,2509,21.44
TI,X-99,246,5932,24.11
RJ,X-99,32,829,25.91
LM,X-99,576,16371,28.42
FW,X-99,103,2971,28.84
MG,X-99,77,2230,28.96
ZT,Others,328,9568,29.17
YW,X-99,85,2689,31.64
DO,X-99,852,28070,32.95
CU,X-99,2582,86718,33.59
LS,3,1,34,34
SD,X-99,18,700,38.89
PW,X-99,50,2002,40.04
QH,Others,2292,97498,42.54
SM,X-99,116,5237,45.15
SH,X-99,85,3934,46.28
KG,X-99,242,11816,48.83
LC,X-99,346,18800,54.34
DT,Others,3722,207487,55.75
WQ,Others,3085,179283,58.11
TA,X-99,150,8789,58.59
NC,Others,5190,309889,59.71
JR,X-99,191,11724,61.38
JW,X-99,2,125,62.5
TY,X-99,153,9838,64.3
MA,Others,5489,359616,65.52
FG,Others,3695,249463,67.51
PT,X-99,128,8786,68.64
DY,Others,2683,184782,68.87
ZT,X-99,104,7259,69.8
KD,X-99,182,13012,71.49
PS,Others,3080,231398,75.13
SZ,Others,3420,270904,79.21
MQ,X-99,1,80,80
HL,X-99,36,2926,81.28
SC,Others,4294,349364,81.36
CA,X-99,60,4899,81.65
PK,Others,2715,227181,83.68
YS,X-99,36,3133,87.03
DO,Others,2254,200351,88.89
JU,X-99,14,1248,89.14
FY,X-99,863,80917,93.76
PJ,Others,2799,268693,96
CT,Others,4964,479512,96.6
SA,X-99,1,100,100
ZH,Others,266,26708,100.41
FS,X-99,212,21335,100.64
PW,Others,3422,359460,105.04
SP,X-99,115,12451,108.27
CK,Others,1983,231511,116.75
YG,Others,601,70486,117.28
MH,X-99,87,10213,117.39
GM,X-99,17,2058,121.06
CA,Others,2415,298563,123.63
ZY,Others,1265,158060,124.95
CT,L-05,1,128,128
PC,Others,2487,321413,129.24
MS,X-99,68,9155,134.63
TA,Others,2886,390728,135.39
HD,Others,2170,296680,136.72
UH,X-99,1160,160656,138.5
CU,Others,3030,432343,142.69
RJ,Others,305,43553,142.8
HF,Others,1644,237240,144.31
YT,Others,1728,252500,146.12
KF,Others,2494,369830,148.29
TB,Others,1625,249180,153.34
DN,A-00,1,154,154
TS,D-11,1,154,154
LC,Others,2160,342268,158.46
ST,Others,2126,360915,169.76
PF,Others,674,115544,171.43
SS,Others,2149,371796,173.01
TN,X-99,80,14173,177.16
HS,Others,1332,238075,178.73
ZK,X-99,426,77194,181.21
LI,X-99,186,34657,186.33
XU,99,1,189,189
ZS,Others,686,136284,198.66
TE,Others,803,160998,200.5
JI,X-99,48,9679,201.65
LU,X-99,86,17537,203.92
WJ,X-97,1,205,205
HH,Others,2337,498761,213.42
WL,X-99,58,12454,214.72
MS,Others,1550,340960,219.97
SU,G-03,1,228,228
NS,X-99,291,66934,230.01
PD,Others,1189,273963,230.41
NZ,X-99,99,22887,231.18
JK,Others,1163,272505,234.31
FW,Others,756,178507,236.12
KW,X-99,161,38097,236.63
GH,Others,1226,294458,240.18
RZ,Others,1301,312771,240.41
DM,X-99,150,36787,245.25
PD,X-99,13,3200,246.15
CP,X-99,215,52923,246.15
DC,Others,1127,278127,246.79
LM,Others,2667,662238,248.31
HH,X-99,17,4269,251.12
TH,Others,1549,390468,252.08
SL,K-05,1,253,253
UL,F-05,4,1023,255.75
SQ,Others,173,44724,258.52
TS,Others,830,217478,262.02
MZ,Others,401,105954,264.22
UH,Others,1715,457858,266.97
NC,X-99,8,2138,267.25
PJ,B-01,4,1078,269.5
LF,Others,717,195423,272.56
CZ,Others,717,197099,274.89
CF,X-99,48,13323,277.56
HD,E-06,50,14040,280.8
YN,Others,598,168502,281.78
YD,Others,526,151010,287.09
FW,J-03,18,5228,290.44
LW,X-99,412,120080,291.46
KT,C-08,2,588,294
YK,Others,818,242229,296.12
NL,Others,914,273713,299.47
YH,Others,543,162667,299.57
YJ,Others,575,173565,301.85
MJ,E-08,1,303,303
HT,G9,1,303,303
UM,Others,633,192055,303.4
LF,99,3,912,304
JU,Others,1640,504238,307.46
DS,Q-01,1,308,308
KW,G-09,1,309,309
JU,319,1,317,317
CK,G-03,1,317,317
JK,A,1,318,318
SW,99,1,319,319
KW,B-01,2,642,321
DX,99,2,644,322
SN,Others,744,243286,327
LS,Others,647,211657,327.14
TW,G-05,1,328,328
TF,Others,1052,345615,328.53
DR,Others,445,146692,329.64
SC,X-99,435,143398,329.65
CQ,Others,1015,338341,333.34
IL,F-03,2,667,333.5
SH,99,1,334,334
AK,X-99,3,1002,334
BK,D-03,6,2010,335
TF,37,1,336,336
SC,C-05,1,337,337
CT,K-04,2,674,337
JP,Others,453,153103,337.98
DY,4,1,338,338
LH,99,1,338,338
ET,99,1,339,339
PW,K-05,1,339,339
JI,Others,786,268338,341.4
DY,I-01,2,689,344.5
DL,Others,657,226773,345.16
CC,Others,697,241283,346.17
TK,Others,916,318467,347.67
KW,Others,834,290919,348.82
PM,C-07,1,349,349
PW,X-98,1,350,350
NA,X-99,100,35178,351.78
WT,Others,505,180037,356.51
NY,Others,749,268291,358.2
NJ,X-99,49,17587,358.92
JL,Others,426,153342,359.96
JA,X-99,1,360,360
TY,A-01,3,1086,362
WJ,X-99,11,3992,362.91
HF,X-99,5292,1923015,363.38
TF,G-9,18,6571,365.06
CL,Others,994,363040,365.23
JW,Others,813,297936,366.46
TS,E-07,6,2205,367.5
KZ,C-04,1,368,368
JS,Others,798,294186,368.65
ZK,Others,1811,672707,371.46
NC,2,3,1116,372
SM,Others,552,206297,373.73
AP,Others,796,298898,375.5
WQ,H-08,41,15494,377.9
PD,F-09,1,378,378
HT,Others,1176,446776,379.91
TC,C-30,11,4197,381.55
TY,Others,697,266160,381.87
JH,Others,496,190483,384.04
CM,99,2,770,385
RL,X-99,151,58586,387.99
MT,Others,618,240715,389.51
CK,X-98,6,2360,393.33
CP,99,1,394,394
MJ,Others,892,353072,395.82
GS,X-99,51,20215,396.37
CR,Others,1615,641023,396.92
WL,Others,679,269629,397.1
NJ,99,1,398,398
PT,F-04,1,398,398
SM,H4,1,398,398
PZ,99,1,399,399
YS,C-07,1,399,399
KG,Others,523,208951,399.52
TC,Others,602,240788,399.98
HD,X-98,1,400,400
UM,F-03,12,4803,400.25
PT,F-03,2,805,402.5
NQ,Others,591,237945,402.61
PH,99,2,808,404
NC,J-09,6,2426,404.33
LU,Others,626,255144,407.58
UC,A-07,1,408,408
YD,X-99,3,1228,409.33
ML,G-01,25,10268,410.72
FY,4,3,1234,411.33
HD,E-05,19,7849,413.11
HD,F-05,12,4960,413.33
ML,B-01,2,827,413.5
SM,D4,8,3308,413.5
KC,Others,1203,498150,414.09
SH,Others,789,326963,414.4
FH,Others,434,180971,416.98
JG,Others,418,174529,417.53
CP,E-08,1,418,418
NC,H-09,1,418,418
SL,Others,396,166066,419.36
XS,H-06,7,2940,420
DT,G-05,5,2102,420.4
CJ,Others,575,241817,420.55
BD,99,1,421,421
XS,Others,431,181474,421.05
UM,99,1,422,422
TT,C-07,1,424,424
KT,Others,657,279280,425.08
DK,X-99,84,35790,426.07
NA,Others,824,351743,426.87
CG,Others,580,247804,427.25
MJ,K-08,6,2564,427.33
PS,X-99,99,42365,427.93
HZ,B-04,1,428,428
NC,J-10,1,428,428
TW,99,2,856,428
FS,I-08,1,429,429
PC,F-06,36,15452,429.22
CM,G-08,86,37014,430.4
TP,F-04,4,1725,431.25
CC,K-01,6,2588,431.33
GS,Others,700,303433,433.48
PC,J-07,4,1744,436
SL,E-09,72,31500,437.5
AN,3,1,438,438
TA,E-09,1,438,438
XT,B-04,28,12352,441.14
JB,Others,879,388830,442.35
MQ,99,4,1770,442.5
ZY,99,2,891,445.5
CT,4,3,1340,446.67
KZ,E4,1,448,448
SU,I-04,1,448,448
MQ,Others,973,436835,448.96
HD,G-04,10,4499,449.9
LC,G-07,6,2705,450.83
NC,H-08,6,2708,451.33
TN,99,3,1363,454.33
NS,E-09,63,28628,454.41
PG,G-03,1,457,457
WG,X-99,2,915,457.5
NS,B-05,15,6868,457.87
RL,7,2,916,458
DA,A-03,8,3670,458.75
SD,Others,437,200598,459.03
DK,Others,495,229288,463.21
CZ,99,3,1392,464
LW,Others,572,265438,464.05
TA,H-10,6,2788,464.67
MA,E-11,64,29743,464.73
NC,I-14,98,45598,465.29
KS,99,1,467,467
DM,C-02,18,8408,467.11
NL,99,2,935,467.5
TS,7,1,468,468
TA,D-10,1,468,468
CM,Others,1066,501749,470.68
YS,Others,527,248346,471.24
CT,J-04,5,2371,474.2
NC,I-12,29,13776,475.03
PL,F-07,44,20998,477.23
YP,X-98,12,5736,478
AE,X-99,2,961,480.5
TA,F-06,2,963,481.5
BK,99,2,966,483
DK,E-06,6,2902,483.67
UC,J06,3,1452,484
HM,D-05,11,5334,484.91
SP,Others,628,304705,485.2
TY,3,1,486,486
TC,X-98,14,6811,486.5
KW,D-03,17,8287,487.47
DA,X-99,93,45336,487.48
NJ,H-07,170,83215,489.5
NC,I-11,4,1963,490.75
SH,B-02,16,7883,492.69
BT,Others,947,466777,492.9
TH,D-06,52,25669,493.63
QX,E-07,30,14840,494.67
IL,C-11,1,496,496
JW,X-98,72,35744,496.44
TY,E-02,2,993,496.5
AK,2,2,997,498.5
PW,D-09,6,2995,499.17
JP,B-02,429,214663,500.38
JR,2,10,5005,500.5
OL,E-03,61,30554,500.89
YW,2,7,3512,501.71
MJ,G-06,20,10035,501.75
PC,H-06,68,34184,502.71
PU,B-05,14,7061,504.36
NJ,I-02,224,113124,505.02
LY,D-07,37,18739,506.46
SC,D-05,125,63335,506.68
DA,B-06,7,3551,507.29
FA,C-04,59,29933,507.34
TA,X-98,2,1015,507.5
AH,G-04,9,4596,510.67
DS,E-05,461,235982,511.89
HN,99,1,512,512
NC,H-14,7,3588,512.57
TL,I-07,3,1540,513.33
PE,Others,564,289586,513.45
DA,Others,3300,1694422,513.46
LY,G-07,3,1543,514.33
UG,X-99,129,66391,514.66
SA,J-03,1,515,515
ST,99,4,2064,516
RM,X-98,2,1033,516.5
GS,L-05,114,59009,517.62
FD,Others,1103,570946,517.63
FY,Others,442,228854,517.77
YH,2,27,14015,519.07
SC,D-03,61,31678,519.31
JR,Others,1044,543781,520.86
UG,Others,757,394791,521.52
NY,99,2,1046,523
PE,F-05,82,42888,523.02
IL,C-09,3,1571,523.67
DS,2,6,3146,524.33
JW,G-06,131,68689,524.34
NC,H-12,5,2623,524.6
DJ,2,8,4199,524.88
PG,F-05,209,109951,526.08
TY,D-07,2,1053,526.5
TA,B-04,52,27418,527.27
PE,G-06,80,42227,527.84
KC,2,7,3695,527.86
YW,Others,732,386393,527.86
TN,Others,528,278729,527.9
SM,C5,1,528,528
DD,C-05,1007,531850,528.15
DO,F-04,200,105656,528.28
JH,D-03,21,11094,528.29
ML,X-99,29,15321,528.31
SL,D-04,156,82425,528.37
PS,H-11,27,14277,528.78
TN,D-08,7,3706,529.43
ZU,D-03,23,12179,529.52
DS,E-06,22,11651,529.59
DU,C-02,36,19122,531.17
RS,X-99,18,9568,531.56
CT,F-03,1,532,532
HT,H-08,47,25033,532.62
CT,D-04,1,533,533
CP,E-09,1,533,533
CG,G-07,3,1602,534
YS,I-07,3,1602,534
DU,E-02,19,10151,534.26
SW,C-04,34,18193,535.09
FH,C-07,458,245076,535.1
KW,I-08,322,172346,535.24
HH,2,5,2682,536.4
YN,X-99,23,12346,536.78
PC,I-08,23,12350,536.96
CU,E-08,118,63420,537.46
DN,Others,794,426781,537.51
CC,G-03,93,49990,537.53
DS,X-98,1857,998883,537.9
QX,X-98,19,10241,539
FA,D-05,187,100873,539.43
TY,X-98,79,42657,539.96
JG,X-98,24,12965,540.21
HJ,Others,983,531089,540.27
HJ,J-05,1609,869592,540.45
XS,99,2,1081,540.5
AK,X-98,49,26486,540.53
WF,E-06,191,103286,540.76
HG,D02,12,6501,541.75
HJ,I-06,96,52077,542.47
RM,I-09,40,21714,542.85
SA,E-11,2,1086,543
CA,C4,17,9235,543.24
TL,G-08,134,72808,543.34
SZ,2,9,4892,543.56
TS,D-06,37,20134,544.16
AH,X-99,2,1089,544.5
NJ,C-06,4,2180,545
CU,F-08,158,86185,545.47
XS,H-09,2,1092,546
IL,C-10,10,5469,546.9
HL,F-04,42,22972,546.95
KT,C-09,4,2189,547.25
LI,C-01,56,30713,548.45
UM,I-03,5,2743,548.6
CC,F-02,137,75173,548.71
WT,J-10,141,77499,549.64
HK,G-09,434,238556,549.67
RS,D-04,501,275540,549.98
WT,2,5,2751,550.2
DA,B-02,18,9906,550.33
SM,D-06,51,28087,550.73
PH,F-02,62,34188,551.42
YH,C-02,63,34797,552.33
SD,99,4,2211,552.75
MO,E-04,104,57507,552.95
RL,G-06,139,76914,553.34
MG,Others,623,345167,554.04
BT,X-98,49,27149,554.06
AP,X-98,252,139623,554.06
JL,L-05,491,272081,554.14
WF,E-08,478,265016,554.43
LH,C-11,235,130368,554.76
DY,E-04,164,90993,554.84
SU,1,1,555,555
PD,3,1,555,555
CJ,F-08,1,555,555
KT,I-03,1,555,555
SS,J-06,1,555,555
DM,6,2,1110,555
DU,C-01,125,69405,555.24
KI,99,2,1111,555.5
DN,2,22,12221,555.5
QD,X-98,42,23338,555.67
YP,C-04,24,13339,555.79
HR,F-05,16,8908,556.75
TD,E-02,220,122526,556.94
LJ,F-05,63,35112,557.33
TH,2,32,17836,557.38
LT,E-06,110,61356,557.78
IL,D-08,1,558,558
TC,E-15,1,558,558
FW,G-05,1,558,558
CK,E-09,131,73192,558.72
YH,A-05,43,24031,558.86
TN,F-08,399,222989,558.87
NY,D-05,849,474495,558.89
TY,D-05,673,376264,559.08
TD,X-98,82,45849,559.13
SU,Others,723,404342,559.26
XH,C-04,80,44753,559.41
NC,G-14,10,5595,559.5
SW,G-03,90,50451,560.57
ML,F-10,351,196808,560.71
DC,X-98,247,138550,560.93
QX,C-03,113,63391,560.98
DS,C-11,1107,621039,561.01
JH,I-06,151,84782,561.47
DM,F-06,33,18566,562.61
FD,B-06,1294,728339,562.86
LW,99,1,563,563
SN,L-07,105,59166,563.49
LW,G-06,47,26485,563.51
TS,F-03,7,3945,563.57
TE,D-02,15,8454,563.6
CA,F4,10,5637,563.7
PT,2,6,3385,564.17
DJ,B-08,530,299083,564.31
SN,X-99,107,60388,564.37
SK,E-03,108,60987,564.69
DA,C-06,1,565,565
SL,J-09,67,37863,565.12
SK,E-04,128,72337,565.13
WF,H-06,86,48703,566.31
YP,F-05,59,33449,566.93
ZS,H-03,2,1134,567
YG,X-98,36,20416,567.11
SK,C-04,72,40843,567.26
TU,X-98,2,1135,567.5
PW,99,2,1136,568
DS,F-04,1613,916191,568
XH,E-04,147,83511,568.1
HD,D-06,205,116518,568.38
CF,C-07,336,191052,568.61
MJ,H-06,3,1707,569
XT,B-03,41,23337,569.2
PU,C-06,9,5127,569.67
LS,G-05,48,27358,569.96
XW,K-05,102,58140,570
NC,I-09,7,3995,570.71
DM,C-03,46,26263,570.93
WT,I-09,133,75941,570.98
LY,C-05,105,59977,571.21
YW,X-98,85,48557,571.26
TA,H-08,8,4572,571.5
JB,C-01,40,22861,571.53
SZ,D-03,126,72066,571.95
SK,D-03,219,125485,572.99
KT,I-04,1,573,573
PC,F-09,18,10314,573
WQ,D-06,636,364940,573.81
ZU,D-04,25,14347,573.88
MS,B-04,61,35008,573.9
XH,B-05,16,9187,574.19
ZS,X-98,47,26996,574.38
MQ,H-02,118,67806,574.63
HL,G-05,205,117828,574.77
DU,B-02,214,123047,574.99
LG,3,1,575,575
PW,K-06,1,575,575
WF,F-06,111,63869,575.4
HL,Others,730,420094,575.47
BK,C-04,107,61584,575.55
PZ,E-05,76,43768,575.89
IL,E-09,1,576,576
DY,F-08,278,160183,576.2
GS,L-04,216,124556,576.65
WZ,I-06,72,41533,576.85
MJ,F-08,8,4616,577
RZ,J-05,42,24236,577.05
NY,C-03,7,4040,577.14
PT,Others,786,453795,577.35
JK,F-01,16,9239,577.44
JK,H-06,70,40421,577.44
YN,C-05,189,109197,577.76
MD,X-98,96,55480,577.92
GS,I-06,419,242220,578.09
FH,4,3,1735,578.33
CX,E-06,136,78666,578.43
HL,I-03,3,1736,578.67
XL,C-05,5,2894,578.8
ML,D-03,54,31259,578.87
TN,C-05,2,1158,579
BT,E-05,2,1158,579
SL,E-04,51,29543,579.27
UM,F-04,3,1738,579.33
KD,X-30,936,542673,579.78
SC,C-03,14,8120,580
YD,99,2,1162,581
DD,B-03,235,136545,581.04
MA,E-08,918,533542,581.2
BK,D-04,198,115079,581.21
DT,F-07,510,296555,581.48
CQ,G-07,163,94788,581.52
SA,G-07,31,18032,581.68
CG,99,2,1164,582
GS,L-03,328,190943,582.14
PL,E-09,97,56478,582.25
TN,G-06,458,266671,582.25
RZ,H-06,537,312800,582.5
FH,D-06,652,379914,582.69
HT,2,24,13988,582.83
LZ,C-05,106,61789,582.92
TB,I-06,239,139339,583.01
QX,E-06,188,109665,583.32
JC,D-02,488,284907,583.83
JP,X-98,28,16353,584.04
SU,G-07,4,2337,584.25
DC,C-09,15,8765,584.33
DM,Others,735,429591,584.48
DN,I-05,164,95866,584.55
RL,F-01,1,585,585
YW,G-09,1,585,585
PG,F-06,2,1170,585
JK,G-06,493,288466,585.12
RZ,J-07,75,43910,585.47
DR,K-04,502,294050,585.76
LF,X-98,69,40418,585.77
DO,C-04,5,2929,585.8
DA,C-03,26,15246,586.38
JB,H-05,143,83852,586.38
KW,E-05,6,3520,586.67
CQ,99,1,587,587
DA,D-03,42,24657,587.07
DO,G-04,370,217309,587.32
HZ,X-99,3,1762,587.33
YW,G-03,51,29962,587.49
HZ,D-03,150,88175,587.83
UG,E-05,1,588,588
TC,E-38,1,588,588
MY,E-05,6,3529,588.17
SK,F-04,57,33533,588.3
NL,G-07,1224,720092,588.31
KT,C-07,3,1765,588.33
AP,C-03,1127,663043,588.33
FH,F-04,134,78898,588.79
JU,C-10,1,589,589
CP,C-33,109,64208,589.06
RS,Others,430,253309,589.09
SW,I-08,1081,636835,589.12
PE,E-02,283,166729,589.15
PH,G-02,16,9428,589.25
YH,F-06,15,8839,589.27
DS,C-09,505,297635,589.38
SK,I-08,2,1179,589.5
XU,D-06,72,42451,589.6
UM,B-03,128,75486,589.73
HI,G-03,199,117384,589.87
SH,C-03,9,5312,590.22
LF,E-03,204,120428,590.33
FH,C-06,86,50804,590.74
ML,L-06,185,109328,590.96
DD,Others,415,245249,590.96
LW,H-03,51,30145,591.08
DO,G-03,304,179690,591.09
BT,H-06,251,148492,591.6
JA,D-03,90,53299,592.21
HG,C-02,541,320449,592.33
LC,E-03,465,275509,592.49
PG,X-98,55,32588,592.51
TL,F-09,31,18372,592.65
MX,B-04,3,1778,592.67
FD,B-03,242,143492,592.94
TT,E-15,4,2375,593.75
JR,G-03,188,111653,593.9
WF,G-06,180,106979,594.33
WG,D-04,919,546327,594.48
KI,F-04,132,78475,594.51
DR,K-03,128,76143,594.87
UC,7,3,1785,595
TC,L-22,3,1785,595
HL,E-04,169,100556,595.01
YK,E-05,598,355891,595.14
DY,F-06,933,555548,595.44
SK,D-04,136,81030,595.81
NS,C-07,101,60195,595.99
AK,J-11,11,6557,596.09
SQ,D-03,120,71559,596.33
NY,X-98,362,215876,596.34
TY,B-01,2,1193,596.5
JU,C-07,190,113337,596.51
AP,C-05,1447,864279,597.29
PF,X-98,25,14937,597.48
KW,H-07,747,446475,597.69
CT,G-04,555,331880,597.98
TP,X-99,1,598,598
DY,X-98,144,86128,598.11
PL,D-04,73,43689,598.48
TA,G-03,7,4191,598.71
HZ,D-08,4,2395,598.75
LS,X-99,163,97620,598.9
FW,I-04,394,236093,599.22
YL,E-08,102,61129,599.3
NA,M-13,30,17980,599.33
LJ,F-04,164,98387,599.92
LT,C-06,312,187183,599.95
CA,C-02,451,270577,599.95
PC,I-05,5,3000,600
DN,G-06,460,276002,600
PM,C-09,12,7201,600.08
NQ,F-06,22,13208,600.36
CX,Others,818,491369,600.7
MD,D-03,452,271535,600.74
SW,C-05,22,13221,600.95
MQ,G-02,194,116595,601.01
GS,G-04,514,309103,601.37
NZ,D-11,172,103491,601.69
FS,F-08,108,64985,601.71
MJ,E-03,731,439953,601.85
TA,H-07,22,13242,601.91
FH,C-08,192,115574,601.95
MA,E-05,518,312016,602.35
MO,G-05,39,23492,602.36
PW,E-04,758,456654,602.45
SL,F-07,439,264544,602.61
ST,C-05,250,150731,602.92
TL,H-11,74,44625,603.04
CT,H-04,895,540188,603.56
WF,G-07,126,76074,603.76
TT,X-99,18,10870,603.89
AK,K-05,442,266980,604.03
DN,I-06,324,195787,604.28
AP,D-06,19,11483,604.37
SW,I-03,58,35058,604.45
GM,F-06,812,490873,604.52
HU,E-04,140,84642,604.59
JN,E-05,75,45372,604.96
TO,D-06,76,45981,605.01
UM,C-05,85,51461,605.42
TZ,99,2,1211,605.5
YN,E-09,330,199823,605.52
JW,E-03,463,280471,605.77
LI,Z-04,90,54551,606.12
RL,Others,550,333372,606.13
UH,A-03,11,6669,606.27
JK,E-07,500,303151,606.3
GS,F-06,5,3033,606.6
HM,D-04,74,44915,606.96
TN,G-09,380,230732,607.19
CQ,E-05,85,51612,607.2
TL,E-08,78,47370,607.31
NS,99,2,1215,607.5
KD,C-05,452,274645,607.62
DM,J-02,19,11549,607.84
SP,I-08,174,105779,607.93
DN,C-04,184,111902,608.16
ZK,F-04,356,216551,608.29
WZ,K-06,227,138131,608.51
JN,F-02,40,24342,608.55
DM,I-02,170,103475,608.68
DD,D-03,1193,726297,608.8
PC,I-03,6,3653,608.83
JK,F-08,571,347688,608.91
CK,E-11,1,609,609
PC,99,3,1827,609
ZU,E-03,193,117592,609.28
SN,I-09,419,255343,609.41
JA,G-05,570,347502,609.65
FA,E-05,162,98820,610
RS,G-02,263,160438,610.03
DC,D-02,21,12823,610.62
MS,J-07,143,87335,610.73
TT,D-10,105,64150,610.95
YN,X-98,165,100826,611.07
TD,B-01,390,238385,611.24
YD,F-09,304,185979,611.77
XT,X-98,25,15305,612.2
ZU,X-98,11,6736,612.36
PT,D-09,241,147581,612.37
GS,I-04,655,401353,612.75
TL,C-05,214,131159,612.89
NJ,G-06,522,319965,612.96
MT,F-03,425,260515,612.98
JL,L-07,516,316317,613.02
PJ,F-10,189,115877,613.11
BD,F-03,57,34951,613.18
JB,I-04,350,214626,613.22
QD,C-04,46,28209,613.24
TH,E-61,58,35572,613.31
LZ,E-05,54,33122,613.37
WF,F-07,121,74226,613.44
HU,E-05,165,101217,613.44
HK,F-06,269,165020,613.46
HZ,C-05,481,295188,613.7
YH,F-05,352,216058,613.8
JL,J-05,18,11049,613.83
TD,C-02,358,219840,614.08
MZ,D-05,174,106952,614.67
BD,H-06,50,30740,614.8
UH,E-07,347,213353,614.85
YK,G-09,38,23380,615.26
IL,C-08,127,78151,615.36
DO,I-03,287,176608,615.36
AE,G-05,232,142765,615.37
LH,B-09,198,121846,615.38
JA,E-03,608,374206,615.47
QH,K-03,843,518958,615.61
JP,B-04,416,256098,615.62
QH,K-04,556,342288,615.63
GS,I-03,61,37559,615.72
KT,C-02,383,235823,615.73
NN,F-03,212,130544,615.77
TP,F-05,121,74509,615.78
KS,G-09,283,174282,615.84
HL,H-03,367,226012,615.84
YS,C-05,106,65297,616.01
PT,E-04,212,130624,616.15
JI,I-04,173,106600,616.18
WT,D-05,43,26503,616.35
WZ,J-06,177,109096,616.36
JK,D-07,395,243482,616.41
TY,D-6,2,1233,616.5
NZ,D-08,670,413304,616.87
SC,E-05,52,32083,616.98
JB,D-03,3,1851,617
PK,F-08,252,155502,617.07
RZ,I-05,97,59857,617.08
LZ,F-04,165,101831,617.16
CR,E-09,1117,689440,617.22
SN,K-09,495,305559,617.29
PT,B-06,480,296333,617.36
YH,F-08,2,1235,617.5
JW,E-04,114,70422,617.74
TE,D-05,17,10502,617.76
TN,G-08,471,291004,617.84
BT,I-06,277,171153,617.88
IL,C-03,1,618,618
TF,D-06,1,618,618
NS,J-08,1,618,618
SL,J-10,1,618,618
HZ,C-04,86,53162,618.16
SQ,X-99,92,56877,618.23
CG,F-06,4,2473,618.25
MS,E-08,14,8659,618.5
DA,2,5,3094,618.8
SK,H-04,165,102108,618.84
HL,D-05,1263,781675,618.9
NY,F-05,190,117607,618.98
QX,D-04,152,94111,619.15
KG,C-06,855,529564,619.37
JA,C-05,212,131319,619.43
MH,E-05,494,306009,619.45
GS,J-06,577,357429,619.46
DA,H-01,236,146202,619.5
MD,F-04,428,265351,619.98
CJ,C-06,3,1860,620
ML,E-08,338,209602,620.12
DC,X-99,50,31009,620.18
CT,I-03,1131,701820,620.53
YH,B-05,210,130323,620.59
CK,E-08,313,194266,620.66
PC,E-06,9,5586,620.67
JW,G-04,456,283168,620.98
KW,3,11,6831,621
JN,Others,1274,791209,621.04
LZ,E-06,180,111812,621.18
JW,I-04,590,366531,621.24
NJ,H-04,395,245458,621.41
TA,E-04,2,1243,621.5
DZ,D-03,319,198267,621.53
ML,J-07,75,46619,621.59
KI,E-04,37,23000,621.62
XW,J-02,18,11192,621.78
YJ,E-03,313,194700,622.04
ZS,F-04,132,82113,622.07
PC,D-03,488,303575,622.08
WZ,X-98,363,225863,622.21
TS,C-10,239,148720,622.26
SL,F-06,75,46671,622.28
PC,D-05,830,516593,622.4
LZ,D-03,249,154989,622.45
XT,D-04,102,63500,622.55
WJ,G-05,19,11832,622.74
CG,E-02,726,452201,622.87
RJ,F-07,222,138301,622.98
TT,D-06,57,35519,623.14
WT,E-07,119,74155,623.15
TD,D-05,536,334007,623.15
AN,D-05,262,163286,623.23
RZ,H-05,492,306679,623.33
FG,E-05,509,317283,623.35
XS,C-08,97,60484,623.55
YH,E-03,484,301797,623.55
HL,D-03,743,463457,623.76
KC,I-09,227,141628,623.91
KT,C-13,1,624,624
SP,G-07,727,453712,624.09
CC,E-03,510,318427,624.37
CL,F-06,192,119880,624.38
MS,F-06,290,181119,624.55
LT,E-04,180,112424,624.58
TL,E-07,100,62471,624.71
MJ,L-09,10,6249,624.9
SN,J-9,311,194351,624.92
NS,C-10,550,343725,624.95
TA,C-06,22,13753,625.14
TT,F-07,34,21257,625.21
DS,D-01,17,10629,625.24
JL,K-08,2,1251,625.5
TD,D-03,163,101986,625.68
NS,D-07,296,185200,625.68
ZY,F-08,873,546345,625.82
MA,E-07,709,443924,626.13
NC,I-08,27,16911,626.33
LW,E-06,396,248048,626.38
KG,C-05,2455,1538089,626.51
NN,E-05,217,135954,626.52
HG,D-02,253,158535,626.62
EH,C-05,27,16921,626.7
DS,E-04,585,366676,626.8
WT,J-07,171,107190,626.84
LT,E-07,180,112848,626.93
YJ,F-05,587,368018,626.95
SM,D-05,60,37625,627.08
NJ,I-04,221,138604,627.17
KS,E-10,66,41410,627.42
TF,X-98,457,286748,627.46
MD,C-03,325,204031,627.79
UG,C-03,41,25740,627.8
PJ,F-08,207,129982,627.93
TL,J-99,2,1256,628
GH,F-03,480,301515,628.16
YH,C-06,376,236245,628.31
RM,J-07,44,27648,628.36
HX,X-98,8,5027,628.38
TN,F-06,440,276507,628.43
YT,J-06,670,421063,628.45
FY,E-04,73,45889,628.62
PW,E-05,449,282279,628.68
XL,X-99,4,2516,629
SM,D-04,45,28319,629.31
PT,G-05,5,3148,629.6
SC,I-06,577,363361,629.74
LJ,D-03,540,340092,629.8
CG,D-02,717,451597,629.84
LS,G-07,390,245676,629.94
TO,X-98,44,27734,630.32
EH,D-03,37,23324,630.38
GS,I-08,277,174616,630.38
GM,Others,586,369415,630.4
DY,F-09,696,438767,630.41
LI,Others,929,585694,630.46
HD,G-07,19,11983,630.68
WF,I-08,121,76313,630.69
LS,G-09,355,223920,630.76
AP,H-03,240,151408,630.87
PT,E-06,353,222727,630.95
DY,C-05,643,405921,631.29
YS,G-09,402,253789,631.32
KC,X-98,11,6947,631.55
FY,E-05,9,5684,631.56
DS,G-03,964,609027,631.77
AH,B-08,4,2528,632
DY,E-05,219,138489,632.37
YW,F-06,19,12016,632.42
YH,B-06,89,56286,632.43
LW,K-03,4,2530,632.5
TR,B-04,413,261249,632.56
AK,G-05,315,199259,632.57
YP,G-04,95,60111,632.75
PM,C-03,67,42404,632.9
PL,F-09,56,35443,632.91
YT,E-06,930,588602,632.91
UG,H-05,1031,652619,633
MJ,X-99,20,12661,633.05
FY,G-05,92,58246,633.11
HL,X-98,75,47485,633.13
PL,E-07,98,62050,633.16
LG,B-06,6,3800,633.33
KW,L-05,77,48768,633.35
PT,C-04,147,93109,633.39
PW,I-05,575,364222,633.43
JR,F-02,647,409968,633.64
BT,I-07,334,211660,633.71
SM,D-03,70,44362,633.74
UC,D-05,372,235753,633.74
YP,E-05,66,41833,633.83
WZ,99,2,1268,634
IC,B-04,19,12046,634
GS,K-04,412,261241,634.08
YK,G-07,883,559916,634.11
YL,E-06,64,40590,634.22
AE,F-06,322,204227,634.25
AK,I-07,520,329809,634.25
DS,G-02,652,413571,634.31
DS,C-10,40,25383,634.58
WT,I-08,39,24750,634.62
DU,X-98,431,273590,634.78
MG,E-04,855,542803,634.86
JR,G-05,46,29208,634.96
ET,H-07,278,176527,634.99
NL,H-08,1,635,635
TO,F-07,20,12701,635.05
DC,C-10,629,399509,635.15
SF,C-04,837,531624,635.15
NS,X-98,143,90856,635.36
LD,H-08,151,95978,635.62
RS,F-03,725,460898,635.72
SC,G-04,1022,649782,635.79
JL,L-08,504,320463,635.84
KW,H-08,501,318560,635.85
PD,H-07,233,148212,636.1
RS,G-09,655,416759,636.27
RL,F-03,156,99287,636.46
DN,H-04,529,336729,636.54
GS,J-04,127,80842,636.55
GS,I-02,199,126715,636.76
RM,J-05,25,15924,636.96
DL,F-06,116,73891,636.99
NS,2,1,637,637
KZ,E-03,63,40131,637
YS,F-05,181,115339,637.23
CR,C-08,366,233281,637.38
CT,I-04,402,256238,637.41
YH,C-07,371,236526,637.54
QD,C-05,195,124330,637.59
NS,E-08,242,154296,637.59
ML,I-08,104,66329,637.78
SZ,H-05,649,413963,637.85
WG,E-04,1211,772449,637.86
QD,D-04,355,226443,637.87
TC,C-28,1,638,638
HZ,D-05,1,638,638
SL,E-08,479,305600,638
PZ,D-05,94,59983,638.12
CU,E-07,534,340757,638.12
NJ,G-08,154,98278,638.17
HU,D-02,3,1915,638.33
XT,E-05,54,34470,638.33
JU,G-09,137,87457,638.37
YW,I-04,2,1277,638.5
PU,E-99,4,2554,638.5
HT,F-07,6,3832,638.67
PJ,E-09,230,146908,638.73
TZ,G-07,499,318728,638.73
WL,I-05,292,186638,639.17
YP,C-03,112,71609,639.37
CM,G-05,257,164341,639.46
DS,D-07,241,154114,639.48
CP,C-04,575,367709,639.49
YS,H-08,2,1279,639.5
YK,G-05,722,461764,639.56
HG,D-01,267,170764,639.57
WQ,H-05,651,416441,639.69
CX,E-03,9,5758,639.78
CP,2,15,9597,639.8
TS,E-09,591,378163,639.87
PC,E-05,496,317398,639.92
ZK,D-04,1103,705952,640.03
FH,G-09,80,51204,640.05
HL,H-04,367,234909,640.08
ZS,F-03,252,161328,640.19
PS,F-08,21,13445,640.24
BT,H-07,561,359215,640.31
NA,M-10,369,236337,640.48
UH,E-09,226,144799,640.7
MO,E-99,28,17940,640.71
TR,B-03,75,48058,640.77
ML,C-09,157,100607,640.81
TA,C-08,12,7691,640.92
YN,E-05,486,311512,640.97
FS,D-08,474,303835,641
DR,H-03,142,91032,641.07
GH,I-03,416,266742,641.21
JN,C-02,91,58366,641.38
TL,D-05,178,114170,641.4
JK,I-09,46,29508,641.48
DS,C-07,748,479931,641.62
YJ,I-02,416,266975,641.77
CU,I-07,1011,648937,641.88
YW,E-05,2,1284,642
LT,F-05,318,204177,642.07
CU,H-09,344,220889,642.12
RZ,J-03,270,173408,642.25
WQ,E-03,783,503116,642.55
XW,L-02,8,5141,642.63
DS,H-01,112,71993,642.79
TN,J-11,50,32152,643.04
LM,G-06,54,34729,643.13
BT,H-09,458,294573,643.17
SL,D-01,124,79756,643.19
LS,J-06,291,187171,643.2
NC,D-08,4,2573,643.25
TN,G-11,308,198159,643.37
FH,G-06,147,94592,643.48
DM,H-03,527,339158,643.56
SU,E-05,722,464691,643.62
KZ,E5,4,2575,643.75
LM,F-06,547,352130,643.75
JW,F-03,715,460281,643.75
WZ,J-04,187,120383,643.76
JA,F-05,683,439698,643.77
DS,F-03,10,6438,643.8
HJ,H-06,91,58603,643.99
MJ,I-05,18,11592,644
MJ,A-02,710,457388,644.21
FD,C-05,721,464515,644.26
DS,C-04,11,7087,644.27
FY,H-04,76,48978,644.45
TP,D-03,84,54140,644.52
WT,J-11,134,86370,644.55
QH,L-04,186,119886,644.55
MA,2,3,1934,644.67
LD,L-04,73,47063,644.7
LG,C-04,339,218620,644.9
SL,E-07,172,110939,644.99
MJ,C-06,1,645,645
CT,K-03,1,645,645
TD,X-99,2,1290,645
TA,G-07,3,1935,645
DO,I-05,386,248980,645.03
RM,I-05,132,85147,645.05
AH,E-07,1207,778712,645.16
MO,X-99,3,1936,645.33
LZ,G-04,501,323356,645.42
UM,C-04,7,4518,645.43
UC,E-08,314,202733,645.65
CL,G-04,617,398518,645.9
PJ,F-09,359,231907,645.98
KC,G-07,940,607268,646.03
JU,E-05,223,144070,646.05
SM,C-05,25,16155,646.2
XW,K-07,18,11632,646.22
JK,I-08,13,8402,646.31
TD,D-01,345,222979,646.32
MJ,F-06,3,1939,646.33
SC,F-05,851,550030,646.33
MS,H-06,505,326435,646.41
AP,B-03,107,69194,646.67
CG,E-04,1343,868536,646.71
RL,H-07,217,140340,646.73
HL,F-03,716,463061,646.73
CQ,I-05,238,153940,646.81
RL,C-09,87,56292,647.03
MH,E-04,409,264636,647.03
MJ,F-09,20,12941,647.05
PD,E-09,147,95116,647.05
CX,E-04,449,290545,647.09
SD,B-05,275,177954,647.11
PK,F-09,439,284088,647.13
PG,F-04,93,60190,647.2
HS,F-07,1065,689299,647.23
UG,C-02,11,7120,647.27
CG,C-02,476,308111,647.29
DT,H-06,493,319136,647.33
CL,D-05,1086,703134,647.45
FH,D-08,231,149581,647.54
JC,F-05,130,84191,647.62
SZ,D-04,496,321227,647.64
CM,X-98,713,461776,647.65
UC,D-06,442,286302,647.74
SL,F-03,109,70607,647.77
YD,G-08,390,252641,647.8
DS,Others,1032,668612,647.88
CX,X-98,311,201525,647.99
SA,D-08,1,648,648
YL,C-09,128,82945,648.01
RL,F-06,496,321545,648.28
LY,D-06,45,29177,648.38
TG,H-09,11,7133,648.45
LJ,E-04,35,22700,648.57
ZK,C-04,357,231580,648.68
LH,D-05,34,22058,648.76
DU,B-03,520,337422,648.89
HF,G-06,448,290843,649.2
HS,F-03,7,4548,649.71
PW,F-07,511,332001,649.71
FA,F-05,44,28594,649.86
CM,D-07,312,202760,649.87
SC,X-98,383,248900,649.87
RM,I-07,145,94233,649.88
ML,E-03,208,135188,649.94
CC,F-03,146,94894,649.96
FG,F-06,453,294430,649.96
OL,G-06,161,104658,650.05
QH,J-04,452,293866,650.15
DZ,C-04,189,122887,650.2
TC,B-02,37,24058,650.22
RJ,F-05,2948,1917051,650.29
CK,C-09,321,208786,650.42
AP,C-07,1150,748069,650.49
LY,C-04,105,68314,650.61
TS,E-05,109,70917,650.61
XS,C-06,410,266752,650.61
JI,E-03,278,180891,650.69
YL,E-09,101,65731,650.8
AH,F-08,313,203732,650.9
GS,L-02,8,5208,651
WF,F-05,173,112628,651.03
SZ,C-05,59,38413,651.07
NZ,D-09,267,173840,651.09
XS,C-10,432,281281,651.11
HT,G-11,41,26697,651.15
CK,F-08,575,374423,651.17
ST,C-08,754,490984,651.17
AP,H-05,63,41030,651.27
DY,D-06,213,138731,651.32
MJ,C-01,1654,1077294,651.33
JS,X-98,231,150461,651.35
CM,F-04,56,36492,651.64
TN,F-05,11,7169,651.73
GH,F-06,876,570927,651.74
NY,F-06,571,372184,651.81
FG,F-03,47,30637,651.85
CU,D-03,187,121914,651.95
SA,F-04,4,2608,652
PF,A-02,328,213864,652.02
WZ,J-05,396,258223,652.08
PH,X-98,109,71081,652.12
BT,I-09,210,136952,652.15
CR,D-08,433,282416,652.23
KG,D-04,1122,731994,652.4
HD,C-09,673,439171,652.56
NJ,G-04,817,533329,652.79
TI,C-09,403,263118,652.9
YJ,E-02,378,246815,652.95
KT,B-02,694,453171,652.98
YL,C10,1,653,653
DT,X-98,135,88184,653.21
DL,X-98,297,194083,653.48
CC,K-02,287,187551,653.49
TO,E-05,179,117002,653.64
AP,D-05,462,302006,653.69
DY,H-06,370,241868,653.7
FA,C-05,157,102632,653.71
YL,D-08,81,52961,653.84
TN,H-10,246,160845,653.84
YP,E-07,137,89579,653.86
TK,D-07,774,506156,653.95
CJ,F-07,1,654,654
YL,X-99,9,5887,654.11
DL,F-05,288,188384,654.11
FS,H-08,30,19627,654.23
ZU,E-05,114,74582,654.23
CG,G-03,37,24213,654.41
RL,E-10,262,171478,654.5
NC,C-06,5,3273,654.6
KS,X-98,138,90356,654.75
DM,I-03,86,56314,654.81
CP,X-98,524,343134,654.84
RS,F-04,460,301234,654.86
SA,I-06,13,8514,654.92
SC,C-07,1178,771564,654.98
KT,D-10,1,655,655
CM,E-07,678,444099,655.01
TF,H-06,132,86462,655.02
JN,D-03,174,113984,655.08
TP,D-04,34,22281,655.32
DK,D-05,683,447652,655.42
FY,J-05,111,72758,655.48
JD,C-05,603,395326,655.6
PD,G-08,186,121943,655.61
FG,G-05,301,197420,655.88
IC,X-98,14,9183,655.93
NS,D08,28,18367,655.96
YH,B-02,882,578594,656
TD,C-03,568,372624,656.03
WZ,J-07,215,141056,656.07
DJ,C-08,670,439587,656.1
YW,B-03,343,225049,656.12
FG,H-09,72,47243,656.15
TH,G-03,867,568914,656.19
SW,I-07,282,185047,656.2
CL,E-04,279,183084,656.22
LY,E-06,11,7219,656.27
DM,C-04,115,75472,656.28
SZ,C-03,981,643836,656.31
JW,D-04,90,59072,656.36
NJ,H-05,246,161466,656.37
DC,B-08,604,396487,656.44
CG,G-06,41,26921,656.61
TS,F-05,147,96523,656.62
DU,D-02,186,122154,656.74
LC,B-08,4,2627,656.75
KC,H-06,1024,672515,656.75
HZ,E-04,154,101162,656.9
CC,H-03,280,183953,656.98
PD,F-05,599,393541,657
CJ,E-04,660,433631,657.02
JN,C-03,98,64408,657.22
RS,D-05,351,230695,657.25
FS,99,3,1972,657.33
DJ,C-06,788,518048,657.42
JN,C-01,349,229508,657.62
JK,E-05,435,286065,657.62
DR,G-04,249,163756,657.65
TF,L-09,117,76946,657.66
SU,F-08,610,401170,657.66
YN,B-05,299,196659,657.72
BK,D-06,39,25652,657.74
SW,F-05,16,10525,657.81
NA,L-08,424,278928,657.85
LI,B-02,365,240146,657.93
TN,F-09,551,362530,657.95
NY,E,1,658,658
WT,J-08,206,135570,658.11
PH,G-03,275,180980,658.11
ZK,F-05,310,204033,658.17
KC,G-05,558,367301,658.25
DA,F-01,312,205377,658.26
DD,B-07,513,337737,658.36
FY,G-07,387,254810,658.42
SL,C-05,28,18437,658.46
SU,F-05,253,166603,658.51
FG,G-04,1071,705305,658.55
AN,G-06,305,200875,658.61
SA,X-98,7764,5114145,658.7
CP,C-05,198,130426,658.72
CG,2,8,5271,658.88
FG,G-10,487,320897,658.93
ZY,D-06,753,496193,658.95
ZS,G-03,40,26359,658.98
SZ,D-01,455,299858,659.03
RM,K-09,109,71838,659.06
HL,E-03,188,123923,659.16
HR,G-10,11,7251,659.18
JP,D-01,428,282139,659.2
JD,D-03,110,72516,659.24
TZ,E-07,590,388966,659.26
LI,D-02,268,176684,659.27
CJ,99,3,1978,659.33
CG,F-04,291,191878,659.37
DY,E-06,258,170140,659.46
JK,F-06,622,410227,659.53
CU,G-09,688,453798,659.59
MY,F07,3,1979,659.67
NS,D-10,357,235502,659.67
PZ,D-04,347,228938,659.76
NA,H-05,415,273806,659.77
PJ,D-07,284,187385,659.81
KI,F-03,141,93044,659.89
RJ,G-07,78,51473,659.91
JG,H-02,394,260030,659.97
CJ,E-02,457,301607,659.97
BT,G-03,1216,802539,659.98
TC,D-15,1,660,660
PT,E-01,1,660,660
TC,E-35,1,660,660
UG,H-06,1,660,660
DL,I-07,1,660,660
DR,L-05,1,660,660
PV,X-99,1,660,660
FA,C-03,830,547823,660.03
NA,N-11,297,196032,660.04
SN,K-10,77,50828,660.1
LU,2,8,5281,660.13
BT,G-06,122,80554,660.28
FY,I-06,119,78574,660.29
OL,D-03,50,33018,660.36
DA,H-03,267,176345,660.47
SL,D-02,56,36989,660.52
FD,B-05,360,237788,660.52
NY,C-05,817,539647,660.52
CC,E-05,556,367305,660.62
LF,E-06,128,84564,660.66
NY,F-07,179,118273,660.74
TE,B-06,209,138095,660.74
CA,C-03,1768,1168256,660.78
UG,D-04,1609,1063293,660.84
CC,G-02,207,136800,660.87
AK,G-06,526,347633,660.9
MO,F-06,105,69398,660.93
JR,X-98,433,286198,660.97
YL,H-08,103,68081,660.98
KW,F-07,128,84606,660.98
DY,H-05,242,159958,660.98
JW,J-01,2,1322,661
RL,G-07,383,253166,661.01
DL,F-03,507,335144,661.03
LH,C-10,1531,1012072,661.05
YS,2,15,9917,661.13
LY,F-04,33,21820,661.21
NA,K-09,284,187784,661.21
TR,A-05,64,42320,661.25
HR,C-06,34,22483,661.26
LI,A-01,96,63481,661.26
YK,G-08,33,21823,661.3
XU,C-03,44,29100,661.36
JD,D-04,558,369058,661.39
BK,E-05,105,69451,661.44
PT,G-07,484,320231,661.63
HT,L-08,771,510166,661.69
RZ,D-05,177,117123,661.71
DN,H-05,720,476445,661.73
TL,F-06,81,53605,661.79
LG,B-03,704,465951,661.86
CQ,C-05,97,64214,662
MH,C-03,621,411117,662.02
LY,E-05,84,55616,662.1
MS,E-05,621,411175,662.12
KG,C-04,1249,827200,662.29
YS,X-98,223,147693,662.3
YJ,F-03,619,409963,662.3
JU,E-09,217,143729,662.35
FD,B-02,1123,743836,662.37
WT,L-09,299,198052,662.38
HZ,X-98,1134,751136,662.38
YS,H-06,717,475016,662.5
DA,D-02,449,297486,662.55
AN,E-05,891,590377,662.6
HI,J-03,308,204096,662.65
SP,E-03,628,416150,662.66
DU,A-02,309,204765,662.67
SC,G-06,1941,1286292,662.7
MO,F-04,52,34467,662.83
PE,F-03,502,332770,662.89
WT,E-06,149,98777,662.93
NL,F-03,247,163747,662.94
JR,G-06,112,74253,662.97
LZ,99,1,663,663
YS,C-06,1,663,663
CU,F-09,361,239343,663
GH,D-03,646,428379,663.13
LI,B-03,147,97481,663.14
DA,A-02,5,3316,663.2
MS,H-04,367,243396,663.2
TZ,F-07,207,137289,663.23
HZ,C-03,18,11939,663.28
MS,J-06,312,206960,663.33
MJ,A-01,839,556596,663.4
PZ,G-03,95,63028,663.45
JL,F-04,31,20572,663.61
DY,G-04,147,97579,663.8
HN,B-02,971,644558,663.81
XH,D-06,34,22573,663.91
PH,E-01,423,280940,664.16
NS,B-06,244,162061,664.18
DR,F-05,281,186706,664.43
HL,H-06,1179,783520,664.56
SZ,E-03,350,232619,664.63
LQ,F-06,223,148220,664.66
NS,F-10,194,128949,664.69
JP,B-05,409,271881,664.75
WZ,J-08,83,55177,664.78
JB,E-04,51,33910,664.9
FD,X-98,409,271963,664.95
HD,E-07,1,665,665
KZ,C-07,94,62513,665.03
TT,E-09,61,40569,665.07
TZ,E-05,423,281324,665.07
ZT,B-04,168,111738,665.11
HG,C-01,244,162289,665.12
PZ,F-03,426,283373,665.19
PE,F-04,236,156991,665.22
CU,F-07,414,275435,665.3
NC,G-11,13,8649,665.31
CC,J-02,399,265468,665.33
YN,B-09,601,399935,665.45
TZ,F-06,211,140413,665.46
CX,C-04,306,203645,665.51
WT,K-07,547,364048,665.54
JU,D-09,72,47928,665.67
WT,F-09,426,283579,665.68
CL,E-07,575,382806,665.75
FG,G-09,678,451385,665.76
SC,C-09,997,663809,665.81
CZ,X-98,109,72581,665.88
JK,H-07,610,406186,665.88
SC,2,2,1332,666
HM,H-03,86,57291,666.17
ML,F-04,249,165910,666.31
CM,F-07,350,233221,666.35
PC,H-07,12,7998,666.5
NJ,I-06,239,159296,666.51
YM,C-01,536,357275,666.56
YK,H-08,15,9999,666.6
YP,F-06,47,31330,666.6
GH,E-03,115,76659,666.6
PZ,E-04,132,87996,666.64
MQ,H-03,1181,787323,666.66
SM,E-03,167,111345,666.74
AH,B-07,4,2667,666.75
JP,C-02,254,169356,666.76
FW,H-01,988,658761,666.76
KW,K-06,448,298718,666.78
PS,E-09,5,3334,666.8
DJ,B-07,1314,876181,666.8
KW,L-06,190,126696,666.82
RL,H-08,763,508784,666.82
MQ,E-02,649,432811,666.89
AN,F-03,424,282780,666.93
DN,D-07,754,502913,666.99
LC,D-04,412,274831,667.07
CQ,D-05,139,92725,667.09
PL,E-05,54,36044,667.48
TN,I-08,86,57406,667.51
JS,G-02,207,138187,667.57
ZS,C-04,125,83463,667.7
HS,H-11,501,334559,667.78
PK,D-09,458,305883,667.87
JW,C-04,790,527620,667.87
UG,H-04,797,532295,667.87
DR,X-99,3,2004,668
WG,Others,268,179039,668.06
NZ,D-10,103,68815,668.11
DX,D-08,1364,911306,668.11
LG,X-98,119,79510,668.15
HR,H-08,24,16036,668.17
PN,G-06,29,19378,668.21
JL,H-04,171,114265,668.22
RS,E-04,545,364193,668.24
GH,E-07,690,461090,668.25
AP,C-06,429,286719,668.34
WG,D-05,1727,1154230,668.34
PV,B-02,392,262009,668.39
HD,F-04,17,11363,668.41
WF,D-08,97,64836,668.41
AP,F-05,614,410412,668.42
PE,F-02,279,186502,668.47
SP,F-06,885,591653,668.53
DS,D-08,12,8023,668.58
AE,Others,23,15379,668.65
CL,G-06,611,408592,668.73
MJ,B-02,783,523643,668.77
XH,X-98,12,8027,668.92
NJ,I-07,367,245504,668.95
ZY,F-05,719,480974,668.95
CL,H-04,492,329186,669.08
PJ,G-07,207,138519,669.17
SN,J-11,404,270343,669.17
JU,E-03,93,62242,669.27
RM,J-06,160,107083,669.27
PJ,D-13,44,29450,669.32
SZ,E-02,716,479318,669.44
JL,K-07,224,149958,669.46
RL,F-05,190,127204,669.49
NZ,F-09,356,238364,669.56
IL,C-05,344,230331,669.57
AP,H-04,265,177438,669.58
CL,H-06,721,482828,669.66
PJ,D-10,357,239108,669.77
MQ,G-04,883,591525,669.9
LF,E-04,2532,1696256,669.93
JW,H-03,1296,868265,669.96
YM,99,1,670,670
CC,C-06,1,670,670
DN,J-03,802,537446,670.13
DN,I-04,222,148776,670.16
ZY,X-98,272,182297,670.21
JR,E-01,63,42225,670.24
KW,E-01,12,8043,670.25
PK,F-06,123,82444,670.28
JU,G-11,185,124009,670.32
YJ,I-03,125,83808,670.46
NZ,C-07,500,335231,670.46
MO,G-06,61,40899,670.48
PW,I-03,2,1341,670.5
CG,D-06,58,38892,670.55
JD,E-04,194,130109,670.66
TC,E-32,14,9390,670.71
DY,G-05,1027,688833,670.72
RL,F-07,170,114040,670.82
GH,F-04,306,205283,670.86
CJ,C-02,373,250243,670.89
CL,D-04,769,516007,671.01
HU,G-02,59,39597,671.14
DC,D-08,412,276509,671.14
DO,L-04,309,207410,671.23
XS,B-03,280,187959,671.28
CK,F-10,367,246387,671.35
AN,D-04,598,401506,671.41
PS,H-08,33,22157,671.42
CU,G-06,703,472122,671.58
DL,J-03,228,153145,671.69
SH,B-01,358,240484,671.74
PU,D-02,12,8061,671.75
DM,F-05,503,337927,671.82
DZ,F-04,87,58451,671.85
JC,C-03,508,341302,671.85
SC,F-07,814,546967,671.95
FW,I-03,432,290294,671.98
HI,E-07,9,6048,672
JI,G-04,576,387094,672.04
WJ,D-04,123,82674,672.15
CL,D-06,204,137123,672.17
YS,G-04,234,157290,672.18
NY,E-06,1223,822126,672.22
WT,M-09,211,141843,672.24
MG,D-06,300,201709,672.36
MT,E-05,260,174819,672.38
YJ,H-07,255,171469,672.43
UC,J-06,478,321423,672.43
YK,F-08,23,15467,672.48
SZ,F-03,751,505058,672.51
MG,C-06,620,416994,672.57
DK,D-06,1190,800536,672.72
NC,I-05,650,437292,672.76
TB,X-98,13,8746,672.77
DM,H-05,746,501901,672.79
JR,I-05,634,426556,672.8
YJ,F-07,360,242245,672.9
JB,3,3,2019,673
DX,E-07,23,15480,673.04
ET,F-06,429,288733,673.04
IC,F-04,47,31634,673.06
DS,E-03,114,76730,673.07
JK,D-09,358,240979,673.13
TZ,Others,521,350703,673.13
MH,F-04,289,194554,673.2
YK,H-03,250,168330,673.32
JU,E-07,80,53866,673.33
CF,B-07,840,565630,673.37
LD,H-09,683,459974,673.46
CC,H-05,407,274132,673.54
NL,D-03,827,557027,673.55
OL,C-07,9,6062,673.56
MA,F-08,386,259998,673.57
YT,2,30,20208,673.6
JB,D-04,231,155617,673.67
PC,X-98,155,104428,673.73
FG,X-98,86,57944,673.77
QX,D-06,73,49199,673.96
TT,E-14,1,674,674
TK,F-07,1,674,674
HZ,C-06,460,310077,674.08
QD,C-03,312,210327,674.13
NJ,F-06,298,200900,674.16
PC,D-02,805,542744,674.22
ST,E-06,557,375546,674.23
PS,F-09,8,5394,674.25
HT,E-08,955,643959,674.3
YD,H-07,893,602302,674.47
RM,J-09,160,107937,674.61
NS,E-10,237,159887,674.63
XL,F-04,295,199037,674.7
LH,C-08,616,415644,674.75
JW,G-03,622,419763,674.86
TK,X-98,251,169393,674.87
MG,F-02,31,20922,674.9
AE,X-98,39,26322,674.92
TW,H-09,16,10799,674.94
LY,C-07,29,19575,675
HM,H-05,151,101926,675.01
HS,G-11,1043,704056,675.03
JE,C-03,141,95187,675.09
PT,C-07,262,176874,675.09
TS,D-03,9,6077,675.22
YW,B-02,629,424713,675.22
CR,D-09,691,466594,675.24
LC,2,13,8779,675.31
NA,M-11,375,253247,675.33
ET,G-07,359,242455,675.36
SZ,D-07,583,393742,675.37
PS,E-08,26,17560,675.38
TS,X-98,218,147241,675.42
XL,D-04,9,6079,675.44
DC,B-04,201,135766,675.45
IL,B-05,103,69573,675.47
PE,C-01,984,664660,675.47
SK,J-05,46,31073,675.5
DK,F-05,918,620128,675.52
PN,E-09,284,191856,675.55
BL,E-5,1423,961338,675.57
LD,E-07,66,44591,675.62
TR,B-02,579,391265,675.76
CL,E-06,864,583868,675.77
ZY,E-06,631,426417,675.78
TL,E-09,44,29742,675.95
AE,D-05,666,450182,675.95
NJ,X-98,52,35151,675.98
KW,E-07,1,676,676
TC,E-27,2,1352,676
SW,F-03,66,44618,676.03
CF,B-06,1033,698353,676.04
CC,K-07,1127,761925,676.06
PE,G-04,373,252187,676.1
JU,G-07,86,58151,676.17
GS,I-01,16,10819,676.19
CQ,D-07,382,258321,676.23
HK,E-06,140,94675,676.25
TT,E-05,83,56132,676.29
YK,F-06,739,499819,676.35
CL,D-03,583,394329,676.38
CM,D-05,364,246212,676.41
TN,F-03,18,12177,676.5
CM,E-06,584,395107,676.55
FH,E-09,148,100146,676.66
ZU,F-03,218,147526,676.72
MG,F-07,239,161758,676.81
AN,X-98,85,57539,676.93
SZ,D-06,497,336448,676.96
LI,X-98,114,77176,676.98
WJ,F-06,44,29788,677
PJ,F-07,532,360174,677.02
DD,C-08,282,190923,677.03
JE,D-05,187,126611,677.06
MS,F-07,532,360219,677.1
HG,D-03,662,448260,677.13
IC,C-02,71,48077,677.14
HF,E-05,783,530234,677.18
LD,I-05,265,179470,677.25
MG,F-06,825,558735,677.25
SM,E-07,29,19642,677.31
PT,D-06,302,204579,677.41
JK,J-06,2,1355,677.5
HS,G-09,653,442500,677.64
XH,E-05,60,40665,677.75
DM,E-06,190,128782,677.8
MT,H-06,490,332140,677.84
LT,C-03,223,151182,677.95
DK,F-09,46,31188,678
TN,E-11,266,180350,678.01
LG,B-05,791,536325,678.03
GH,H-03,822,557363,678.06
JA,E-04,73,49500,678.08
ZS,H-04,307,208176,678.1
WZ,I-07,219,148513,678.14
GH,B-03,629,426548,678.14
LD,I-03,564,382502,678.2
TR,D-01,161,109197,678.24
PM,G-03,162,109875,678.24
CJ,B-04,1128,765075,678.26
ZY,E-08,469,318113,678.28
CX,F-06,350,237414,678.33
DO,J-05,153,103790,678.37
YN,B-08,421,285609,678.41
DC,C-07,934,633658,678.43
TR,C-02,768,521084,678.49
HD,D-05,646,438316,678.51
SP,I-06,645,437709,678.62
MJ,J-01,3,2036,678.67
NQ,H-06,25,16967,678.68
CG,H-03,55,37331,678.75
DJ,X-98,22,14933,678.77
EH,C-08,40,27151,678.78
JB,H-04,205,139151,678.79
NL,F-07,1011,686355,678.89
YN,B-06,265,179910,678.91
WT,E-04,339,230151,678.91
IL,F-04,12,8147,678.92
LS,X-98,31,21047,678.94
JL,H-06,2,1358,679
ST,E-07,348,236302,679.03
TT,D-04,59,40067,679.1
CC,H-02,365,247873,679.1
TR,A-01,28,19017,679.18
TL,E-04,185,125662,679.25
XW,K-02,77,52304,679.27
JK,D-08,822,558474,679.41
SD,X-98,817,555094,679.43
SA,I-11,201,136608,679.64
YP,F-04,143,97193,679.67
CJ,D-04,515,350034,679.68
PS,D-12,39,26509,679.72
KS,E-05,54,36707,679.76
KT,C-12,9,6118,679.78
MA,E-06,180,122361,679.78
HM,H-07,129,87698,679.83
NY,C-04,404,274666,679.87
CA,E2,36,24476,679.89
SW,I-06,163,110822,679.89
LW,H-01,89,60519,679.99
CX,D-03,140,95244,680.31
GS,K-06,290,197294,680.32
LG,C-03,475,323213,680.45
HJ,H-05,381,259259,680.47
JC,E-02,151,102788,680.72
FH,C-03,578,393500,680.8
PJ,C-13,180,122559,680.88
LW,X-98,803,546816,680.97
KC,J-10,219,149135,680.98
WQ,D-05,574,390923,681.05
SZ,X-98,461,314010,681.15
JR,J-07,416,283361,681.16
PV,B-01,1656,1128040,681.18
SK,G-05,13,8856,681.23
TW,D-05,479,326330,681.27
UC,G-05,118,80391,681.28
NZ,E-07,489,333162,681.31
DC,B-09,2225,1516151,681.42
LD,H-05,216,147197,681.47
UL,X-99,2,1363,681.5
CL,F-03,739,503650,681.53
AK,H-05,553,376909,681.57
LS,H-03,58,39532,681.59
MA,E-04,596,406234,681.6
DC,D-01,46,31354,681.61
JK,D-05,390,265842,681.65
MT,G-06,47,32038,681.66
LQ,I-06,150,102252,681.68
WT,J-09,280,190879,681.71
SH,C-04,101,68869,681.87
TC,C-08,4,2728,682
SA,G-11,137,93455,682.15
MH,E-03,1270,866333,682.15
JD,E-05,235,160308,682.16
GH,E-08,950,648050,682.16
RL,G-09,215,146671,682.19
TZ,G-08,588,401164,682.25
YH,C-03,539,367772,682.32
PW,J-05,602,410765,682.33
CP,C-66,173,118046,682.35
LC,E-08,187,127605,682.38
GH,C-05,562,383508,682.4
YJ,H-06,392,267549,682.52
JW,E-06,142,96922,682.55
ZT,C-06,153,104439,682.61
TT,D-12,3,2048,682.67
LY,F-05,76,51883,682.67
FG,E-03,241,164572,682.87
XS,A-03,354,241750,682.91
CP,D-05,1757,1199894,682.92
PJ,C-06,126,86055,682.98
LZ,C-04,513,350373,682.99
SD,C-02,65,44395,683
MD,H-04,427,291664,683.05
RM,K-05,120,81993,683.28
DX,X-98,164,112058,683.28
TL,G-07,49,33484,683.35
CZ,D-03,406,277447,683.37
AK,K-06,521,356041,683.38
CM,F-08,567,387515,683.45
MJ,G-05,24,16404,683.5
PT,G-09,995,680287,683.71
HM,C-06,52,35556,683.77
KZ,D-06,67,45816,683.82
LG,B-02,611,417895,683.95
HT,E-06,4,2736,684
AK,H-04,35,23942,684.06
PW,I-04,335,229177,684.11
CP,C-07,592,404991,684.11
NS,F-06,308,210746,684.24
TZ,E-08,861,589224,684.35
TC,D-03,315,215577,684.37
HJ,J-06,386,264179,684.4
CU,F-06,152,104033,684.43
CP,D-08,2,1369,684.5
HD,C-07,489,334752,684.56
HD,G-06,44,30126,684.68
DS,G-01,194,132848,684.78
LU,D-03,316,216390,684.78
LG,A-04,754,516353,684.82
DZ,X-98,976,668385,684.82
CM,E-08,422,289003,684.84
GH,F-07,821,562285,684.88
RL,F-09,354,242496,685.02
JW,G-05,240,164406,685.03
PL,C-09,52,35623,685.06
DS,D-09,130,89061,685.08
WG,X-98,412,282332,685.27
HX,G-12,302,206959,685.29
DN,G-04,736,504377,685.29
JW,F-06,299,204913,685.33
TB,G-06,132,90477,685.43
NL,E-08,413,283095,685.46
NN,D-05,166,113803,685.56
JH,H-06,607,416145,685.58
NZ,E-06,713,488840,685.61
TF,I-05,267,183061,685.62
NL,E-06,1015,695947,685.66
NC,H-10,3,2057,685.67
UM,B-02,2049,1405110,685.75
TL,C-07,386,264728,685.82
YP,E-04,60,41150,685.83
NS,B-07,297,203755,686.04
IL,C-07,1484,1018255,686.16
LU,E-06,661,453556,686.17
TY,E-05,584,400731,686.18
TI,E-06,412,282711,686.19
TP,C-06,68,46662,686.21
QH,L-03,117,80286,686.21
XU,X-98,14,9608,686.29
HM,G-04,72,49415,686.32
ZK,E-05,51,35005,686.37
MQ,E-05,955,655588,686.48
NA,L-13,707,485359,686.5
CJ,D-02,365,250593,686.56
LS,J-12,7,4806,686.57
JL,X-98,57,39141,686.68
ZH,X-98,451,309723,686.75
KW,J-06,485,333076,686.75
UC,Others,621,426475,686.76
YD,I-07,52,35717,686.87
WT,K-10,164,112651,686.9
MT,E-04,499,342782,686.94
PW,E-02,117,80376,686.97
LJ,D-05,209,143581,686.99
ML,C-19,1,687,687
BT,G-07,730,501517,687.01
FD,A-02,501,344213,687.05
JB,G-02,117,80389,687.09
PE,G-03,465,319496,687.09
MA,F-07,298,204768,687.14
LZ,D-04,98,67346,687.2
ZK,D-03,384,263934,687.33
BD,F-05,96,65985,687.34
MG,F-05,1104,758891,687.4
XU,D-04,280,192507,687.53
TR,C-01,721,495707,687.53
KS,G-07,497,341726,687.58
WZ,M-07,29,19944,687.72
DU,E-01,71,48828,687.72
CZ,C-05,831,571492,687.72
JL,G-05,153,105223,687.73
JC,E-08,133,91471,687.75
PH,E-05,688,473197,687.79
RM,I-08,131,90104,687.82
FD,X-99,183,125885,687.9
HX,F-13,84,57788,687.95
DO,D-05,204,140350,687.99
PK,D-06,357,245640,688.07
UH,I-04,411,282804,688.09
CM,D-06,338,232580,688.11
JR,J-03,624,429382,688.11
SL,C-03,226,155528,688.18
SD,C-04,708,487241,688.19
HF,E-04,1402,964850,688.2
HG,C-03,384,264288,688.25
LT,D-06,288,198223,688.27
PV,C-01,1297,892838,688.39
CK,G-09,392,269860,688.42
WL,D-03,1249,859912,688.48
KT,C-05,768,528848,688.6
FY,G-06,369,254109,688.64
HF,D-04,6,4132,688.67
DC,C-08,837,576446,688.7
ZS,E-03,309,212821,688.74
JS,M-01,322,221808,688.84
PS,I-10,26,17911,688.88
MJ,E-02,1740,1198676,688.89
SH,G-02,665,458117,688.9
HI,H-04,225,155023,688.99
CP,C-03,1111,765498,689.02
PH,E-02,1023,704876,689.03
UH,X-98,95,65459,689.04
JH,D-04,240,165376,689.07
WJ,E-05,25,17228,689.12
HD,E-04,36,24810,689.17
ZK,G-04,98,67545,689.23
RL,G-03,388,267433,689.26
LG,C-02,171,117869,689.29
LF,F-03,775,534216,689.31
PK,D-07,614,423286,689.39
TZ,G-05,195,134441,689.44
RL,E-08,234,161330,689.44
TB,H-05,535,368865,689.47
ZS,E-04,454,313075,689.59
LY,D-03,3,2069,689.67
DJ,B-04,25,17243,689.72
BT,I-05,272,187618,689.77
CU,I-08,715,493184,689.77
RL,E-09,5,3449,689.8
HH,H-06,20,13798,689.9
DO,H-04,240,165591,689.96
CL,G-03,439,302949,690.09
MT,E-06,374,258123,690.17
ZY,D-07,849,585953,690.17
JH,K-06,417,287808,690.19
YW,D-03,239,164972,690.26
ZS,C-05,9,6213,690.33
CA,C3,27,18639,690.33
WZ,K-08,33,22781,690.33
JI,F-03,432,298272,690.44
PW,D-06,1616,1115747,690.44
FG,F-04,89,61461,690.57
YN,B-03,573,395697,690.57
HH,E-05,1133,782487,690.63
HD,D-04,769,531110,690.65
JI,K-05,724,500087,690.73
SP,H-08,516,356453,690.8
DM,k-06,46,31778,690.83
TS,C-08,421,290917,691.01
GH,C-07,1211,836824,691.02
YW,F-09,16,11059,691.19
JD,G-03,288,199089,691.28
UC,D-04,117,80899,691.44
HM,F-05,480,331903,691.46
MA,G-04,431,298032,691.49
LI,C-02,408,282142,691.52
CK,E-06,334,230981,691.56
SZ,D-05,365,252421,691.56
DK,E-04,1080,746939,691.61
PC,D-04,363,251059,691.62
PF,A-01,1062,734498,691.62
JE,E-07,43,29741,691.65
RZ,D-03,495,342366,691.65
DM,K-04,251,173617,691.7
JL,J-07,134,92697,691.77
WT,F-08,462,319607,691.79
NC,I-06,724,500888,691.83
ML,J-03,402,278139,691.89
DT,C-05,537,371604,692
NS,D-04,103,71284,692.08
RL,G-04,332,229794,692.15
CG,H-04,12,8306,692.17
KZ,E-05,287,198662,692.2
NS,D-08,108,74760,692.22
DO,G-06,391,270661,692.23
CG,D-03,566,391806,692.24
AN,F-05,390,269986,692.27
LZ,X-98,36,24922,692.28
PS,X-98,569,393924,692.31
JD,H-04,193,133617,692.32
NS,B-02,44,30465,692.39
TO,F-06,16,11080,692.5
SN,K-05,313,216776,692.58
PT,B-04,289,200158,692.59
PW,E-06,777,538210,692.68
MA,E-03,472,326955,692.7
CQ,D-99,487,337345,692.7
ZS,E-05,181,125397,692.8
PM,D-07,217,150351,692.86
JW,H-05,509,352683,692.89
XH,D-02,107,74144,692.93
DR,K-06,293,203062,693.04
PC,E-02,901,624496,693.11
LD,I-06,431,298746,693.15
MS,F-05,469,325101,693.18
PD,E-08,867,601062,693.27
JS,H-02,270,187186,693.28
ZK,F-06,387,268315,693.32
AE,E-05,639,443039,693.33
WT,H-05,116,80432,693.38
TY,D-04,697,483332,693.45
PJ,D-11,371,257276,693.47
JD,I-04,265,183773,693.48
UG,H-03,192,133152,693.5
CC,F-05,209,144952,693.55
HX,G-09,204,141493,693.59
SN,J-10,470,325990,693.6
GS,J-02,196,135947,693.61
PW,I-07,292,202550,693.66
BL,E-05,36,24972,693.67
JP,D-06,451,312846,693.67
DC,B-05,671,465485,693.72
WT,I-06,308,213684,693.78
LY,G-03,25,17345,693.8
NS,B-04,309,214385,693.8
YH,A-02,69,47885,693.99
DO,I-85,2,1388,694
HL,I-05,1131,784957,694.04
YN,B-02,375,260292,694.11
WG,D-06,2353,1633300,694.14
CM,G-06,144,99959,694.16
NQ,I-08,944,655298,694.17
SL,D-06,79,54847,694.27
YD,F-07,246,170820,694.39
ZK,E-04,248,172224,694.45
PS,I-08,9,6251,694.56
MS,J-05,373,259071,694.56
PF,A-03,898,623765,694.62
TA,A-03,439,304945,694.64
NS,C-09,141,97947,694.66
KC,H-07,1050,729449,694.71
DA,E-01,1251,869091,694.72
HR,J-07,14,9727,694.79
BT,G-05,137,95192,694.83
LW,G-05,1781,1237492,694.83
MJ,C-02,1948,1353669,694.9
WT,I-07,234,162627,694.99
IC,99,1,695,695
SU,G-05,1,695,695
TO,X-99,1,695,695
FH,X-98,132,91747,695.05
DY,D-07,563,391316,695.06
PS,D-08,15,10426,695.07
CP,D-77,136,94532,695.09
TH,F-03,557,387193,695.14
JG,G-05,228,158494,695.15
DR,I-05,265,184225,695.19
HJ,K-04,313,217617,695.26
KS,F-07,164,114043,695.38
KT,X-99,216,150205,695.39
ML,J-05,427,296932,695.39
CZ,C-09,872,606456,695.48
CU,D-06,432,300482,695.56
PC,E-04,722,502215,695.59
DM,G-05,362,251829,695.66
LF,F-04,1630,1134049,695.74
CL,E-03,534,371548,695.78
PJ,E-08,235,163535,695.89
NA,L-10,400,278423,696.06
WT,J-12,293,203969,696.14
PH,H-03,420,292377,696.14
ET,E-05,132,91905,696.25
SZ,C-07,284,197752,696.31
DN,I-07,362,252066,696.31
ZS,D-05,90,62670,696.33
QD,Others,113,78689,696.36
TW,D-11,185,128861,696.55
CT,H-05,1342,935175,696.85
XW,M-02,7,4878,696.86
ZU,E-04,321,223728,696.97
TP,C-04,132,92010,697.05
TZ,F-09,405,282312,697.07
JS,G-01,549,382706,697.1
TP,E-05,73,50892,697.15
NS,B-03,304,211955,697.22
CP,Others,730,509025,697.29
TK,C-03,445,310299,697.3
KZ,E-10,18,12554,697.44
MA,D-06,777,541950,697.49
RJ,C-03,26,18136,697.54
YH,C-05,240,167417,697.57
CA,F3,41,28601,697.59
LU,D-05,1371,956435,697.62
YH,E-02,841,586741,697.67
SC,I-04,763,532354,697.71
JB,G-01,178,124204,697.78
FG,E-04,326,227484,697.8
BL,G-5,1179,822756,697.84
PS,H-7,424,295888,697.85
YS,F-04,1460,1018994,697.94
NA,O-12,453,316204,698.02
DT,E-04,415,289694,698.06
ET,G-08,172,120068,698.07
EH,D-04,103,71904,698.1
DZ,E-04,306,213620,698.1
KC,K-12,587,409785,698.1
WZ,L-07,275,191983,698.12
LW,E-04,704,491485,698.13
PJ,F-11,583,407116,698.31
ZH,E-03,270,188546,698.32
FD,A-01,1518,1060110,698.36
AH,E-06,865,604111,698.39
AK,J-06,1687,1178219,698.41
CP,D-04,154,107558,698.43
NC,J-08,2,1397,698.5
KW,F-04,4,2794,698.5
MO,C-05,21,14670,698.57
CK,D-09,164,114580,698.66
KZ,E-06,223,155804,698.67
YN,C-07,837,584807,698.69
LQ,G-08,171,119477,698.7
MJ,X-98,226,157908,698.71
EH,X-99,4,2795,698.75
DJ,B-06,1543,1078164,698.75
WF,F-04,2013,1406650,698.78
WL,D-05,1129,788992,698.84
RL,F-08,135,94345,698.85
YG,G-04,42,29352,698.86
NZ,C-08,460,321491,698.89
HJ,I-03,936,654173,698.9
MS,D-05,110,76880,698.91
SZ,H-03,1052,735285,698.94
TP,X-98,113,78982,698.96
LG,D-02,1,699,699
TU,C-02,136,95078,699.1
SW,I-04,110,76908,699.16
UG,E-03,647,452402,699.23
DZ,D-04,1136,794435,699.33
KC,G-06,1211,846954,699.38
FH,E-03,490,342752,699.49
HD,C-08,886,619781,699.53
FA,E-03,432,302208,699.56
YK,I-06,36,25186,699.61
MX,B-02,74,51772,699.62
PK,D-08,537,375705,699.64
YK,F-07,23,16092,699.65
YJ,K-02,777,543822,699.9
RL,H-05,414,289777,699.94
TS,D-10,1018,712560,699.96
TL,E-05,155,108502,700.01
TU,F-02,3676,2573259,700.02
TK,D-06,1050,735038,700.04
HF,E-07,817,571956,700.07
JK,H-08,749,524385,700.11
FD,C-02,1547,1083147,700.16
DJ,B-03,2006,1404532,700.17
DY,D-05,77,53927,700.35
KW,K-05,130,91046,700.35
TB,L-08,1119,783888,700.53
AK,F-05,1166,816861,700.57
NS,D-09,295,206681,700.61
YJ,H-02,196,137328,700.65
WL,F-03,953,667733,700.66
YK,H-06,195,136644,700.74
PW,H-04,505,353876,700.74
AN,F-06,360,252281,700.78
HI,F-06,182,127605,701.13
PU,C-03,43,30149,701.14
TG,C-03,6,4207,701.17
MJ,C-05,6,4207,701.17
LW,K-04,5,3506,701.2
SP,H-06,614,430552,701.22
SW,F-04,68,47690,701.32
TS,E-06,142,99592,701.35
DT,F-08,578,405409,701.4
TZ,H-06,26,18239,701.5
PF,B-03,324,227324,701.62
YJ,E-05,261,183141,701.69
TI,C-08,600,421022,701.7
CA,E3,55,38597,701.76
JK,F-05,135,94759,701.92
RM,K-08,60,42117,701.95
DJ,C-10,656,460477,701.95
LF,D-03,966,678081,701.95
TB,2,2,1404,702
NL,F-04,243,170586,702
DT,G-07,262,183929,702.02
HS,F-06,586,411394,702.04
PS,E-6,586,411402,702.05
HT,G-05,1020,716113,702.07
AP,J-03,18,12638,702.11
PJ,F-06,266,186777,702.17
RZ,I-04,358,251417,702.28
CT,G-03,583,409431,702.28
WL,H-05,511,358881,702.31
TY,E-04,442,310426,702.32
HF,C-07,503,353280,702.35
WQ,F-05,151,106067,702.43
CQ,X-99,249,174921,702.49
FY,X-98,354,248683,702.49
YS,H-07,293,205844,702.54
YD,H-08,716,503050,702.58
SZ,F-07,869,610547,702.59
YT,H-06,1619,1137670,702.7
FA,F-07,216,151791,702.74
YD,G-09,910,639595,702.85
JR,I-08,722,507496,702.9
HG,E-02,226,158857,702.91
CG,B-03,586,411925,702.94
PV,E-01,263,184875,702.95
DS,D-06,139,97714,702.98
JL,K-05,502,352895,702.98
WT,I-05,185,130054,702.99
LC,D-09,1,703,703
PE,E-01,908,638350,703.03
JI,X-98,144,101251,703.13
DO,J-04,486,341729,703.15
KG,D-05,363,255250,703.17
TK,D-04,1526,1073039,703.17
JB,F-03,22,15472,703.27
KT,C-03,615,432516,703.28
MQ,C-07,1164,818620,703.28
JB,J -0,159,111826,703.31
DK,E-05,1020,717410,703.34
WL,3,2,1407,703.5
TI,E-04,4,2814,703.5
LW,H-04,577,406022,703.68
CU,E-06,343,241383,703.74
PW,F-06,1223,860797,703.84
MA,D-07,543,382192,703.85
GM,D-07,705,496268,703.93
LQ,G-07,207,145718,703.95
FA,F-04,274,192886,703.96
TL,L-06,1,704,704
LI,A-05,1463,1030056,704.07
JH,D-02,700,492866,704.09
CG,G-02,1037,730186,704.13
LS,H-02,72,50707,704.26
CQ,C-11,163,114794,704.26
DN,G-07,553,389543,704.42
TT,C-06,204,143719,704.5
CC,2,13,9159,704.54
DN,L-03,101,71175,704.7
CG,F-03,343,241722,704.73
TR,A-04,181,127568,704.8
AK,Others,474,334079,704.81
MD,G-03,1164,820414,704.82
KI,D-03,82,57797,704.84
ZT,C-04,901,635078,704.86
CC,X-98,181,127589,704.91
SA,E-05,1,705,705
LD,K-06,97,68388,705.03
FW,X-98,101,71214,705.09
YN,E-03,288,203073,705.11
DA,F-03,1093,770727,705.15
TF,F-05,101,71224,705.19
YK,X-98,235,165734,705.25
YD,F-08,397,280007,705.31
NA,G-04,349,246159,705.33
HF,E-08,519,366068,705.33
JB,H-02,58,40914,705.41
JA,C-04,166,117110,705.48
UH,C-05,369,260327,705.49
UC,C-07,377,265974,705.5
CZ,F-03,537,378855,705.5
QD,E-03,150,105827,705.51
CZ,C-08,464,327384,705.57
IL,E-06,5,3528,705.6
YH,A-03,669,472127,705.72
EH,C-06,675,476394,705.77
PD,E-07,949,669806,705.8
ML,K-09,122,86127,705.96
CU,H-10,451,318396,705.98
DA,A-01,4,2824,706
DO,X-98,202,142641,706.14
WQ,E-05,241,170182,706.15
JW,C-03,558,394030,706.15
PU,F-05,38,26835,706.18
JU,C-09,214,151129,706.21
PC,C-03,447,315702,706.27
CG,D-04,419,295987,706.41
SC,G-05,290,204888,706.51
HG,F-01,128,90447,706.62
YG,G-03,341,240956,706.62
YM,B-02,880,621914,706.72
CM,F-06,257,181637,706.76
ZH,G-05,62,43837,707.05
ML,H-04,206,145662,707.1
JW,J-04,1263,893132,707.15
PU,F-03,4,2829,707.25
CT,J-05,8,5659,707.38
DS,D-03,2,1415,707.5
YS,G-07,434,307069,707.53
MG,E-02,523,370072,707.59
MA,F-03,274,193886,707.61
CL,H-03,696,492512,707.63
JK,G-10,264,186820,707.65
CJ,E-03,409,289506,707.84
NS,F-09,1163,823350,707.95
DC,B-10,1948,1379185,708
WJ,D-07,49,34695,708.06
KI,X-98,14,9913,708.07
UC,J-07,309,218804,708.1
HL,G-06,218,154375,708.14
ZT,X-98,54,38240,708.15
YK,F-05,1201,850504,708.16
NJ,I-05,246,174212,708.18
HM,I-06,242,171394,708.24
SP,G-05,388,274806,708.26
SL,H-11,3,2125,708.33
ZH,G-03,376,266390,708.48
BL,F-3,1490,1055771,708.57
MX,D-04,254,179981,708.59
PU,F-06,15,10629,708.6
PW,F-03,935,662542,708.6
CF,J-07,1607,1138879,708.7
DL,H-03,736,521749,708.9
PS,H-05,1,709,709
TW,E-06,4,2836,709
GH,E-04,222,157402,709.02
UC,C-06,172,121966,709.1
WZ,E-06,716,507735,709.13
WL,G-05,766,543194,709.13
JG,E-03,879,623427,709.25
SH,A-01,316,224136,709.29
YN,C-08,406,287988,709.33
WT,I-11,736,522083,709.35
TL,H-10,62,43988,709.48
PJ,H-11,96,68117,709.55
SP,I-03,132,93664,709.58
SU,E-06,230,163212,709.62
HU,F-02,13,9227,709.77
NS,G-09,103,73116,709.86
TF,G-04,526,373385,709.86
CG,C-03,491,348546,709.87
SQ,E-05,324,230010,709.91
DT,H-07,678,481358,709.97
KW,J-09,2685,1906334,709.99
AN,D-03,343,243564,710.1
PF,B-01,935,664054,710.22
HM,I-05,329,233724,710.41
CL,D-07,219,155584,710.43
NY,D-06,241,171219,710.45
GS,L-07,1041,739679,710.55
TR,X-99,9,6395,710.56
HX,D-07,211,149931,710.57
HK,X-98,115,81718,710.59
PT,G-06,290,206121,710.76
JK,I-07,270,191926,710.84
GH,H-04,1199,852295,710.84
SS,E-08,452,321333,710.91
PC,B-02,906,644111,710.94
ST,C-07,1048,745110,710.98
JI,D-04,725,515498,711.03
LD,H-04,348,247463,711.1
CM,E-09,475,337786,711.13
DY,H-07,522,371217,711.14
JR,G-01,951,676357,711.21
SL,X-98,56,39829,711.23
PD,F-04,359,255369,711.33
ZH,G-04,202,143695,711.36
BD,G-07,131,93189,711.37
HF,F-05,597,424688,711.37
ML,E-06,366,260394,711.46
LU,C-04,908,646054,711.51
JK,I-06,278,197806,711.53
MT,F-08,692,492409,711.57
YS,I-06,504,358639,711.59
WF,D-04,104,74010,711.63
YN,E-02,224,159419,711.69
CZ,E-04,1326,943711,711.7
MT,G-09,69,49109,711.72
MT,C-05,494,351749,712.04
TY,D-06,815,580323,712.05
OL,X-98,326,232156,712.13
HH,D-05,950,676537,712.14
CM,D-08,225,160236,712.16
YN,C-02,241,171634,712.17
TR,B-05,251,178757,712.18
PW,H-06,259,184470,712.24
PJ,C-12,1065,758563,712.27
CC,J-05,344,245051,712.36
HF,C-09,319,227246,712.37
SP,I-07,493,351226,712.43
WQ,D-04,1213,864242,712.48
DR,I-03,243,173143,712.52
PV,X-98,2696,1921065,712.56
YN,E-07,291,207367,712.6
JL,J-06,233,166039,712.61
ZY,E-05,363,258680,712.62
YS,D-09,329,234458,712.64
ZT,C-05,339,241620,712.74
WF,D-07,46,32792,712.87
CC,K-03,535,381431,712.96
HF,E-06,755,538308,712.99
TL,H-09,81,57759,713.07
TW,D-08,215,153323,713.13
RZ,E-03,889,633999,713.16
PJ,E-10,574,409381,713.21
JN,G-01,210,149777,713.22
XW,M-04,13,9272,713.23
JB,F-04,45,32098,713.29
WT,H-10,599,427262,713.29
CL,X-98,115,82048,713.46
CX,C-06,408,291111,713.51
MD,D-04,361,257591,713.55
XH,C-07,15,10704,713.6
LT,D-05,424,302610,713.7
FS,H-05,521,371836,713.7
DN,X-99,175,124904,713.74
ZK,E-06,91,64962,713.87
MQ,C-08,1583,1130105,713.9
TC,C-07,1,714,714
XS,C-02,718,512670,714.03
SZ,F-04,1119,799060,714.08
JL,E-05,317,226373,714.11
SC,H-05,976,696977,714.12
SZ,E-01,1732,1236916,714.15
HM,I-07,71,50706,714.17
DM,E-07,148,105703,714.21
CM,E-05,1091,779221,714.23
FS,G-09,237,169288,714.3
JK,D-06,253,180748,714.42
TR,B-01,4240,3029256,714.45
LC,E-07,553,395107,714.48
PT,D-07,351,250793,714.51
UH,H-04,342,244378,714.56
CC,G-05,976,697509,714.66
DX,C-09,1755,1254230,714.66
MO,E-06,118,84343,714.77
SZ,C-06,253,180848,714.81
KD,F-02,85,60762,714.85
MA,F-04,457,326702,714.88
JW,G-02,62,44324,714.9
JR,F-01,882,630582,714.95
ML,J-06,130,92946,714.97
XS,C-09,310,221649,715
LI,A-04,370,264550,715
YP,D-05,74,52913,715.04
TZ,F-08,186,133005,715.08
HS,E-10,361,258170,715.15
HS,E-06,722,516343,715.16
SL,F-01,113,80816,715.19
EH,X-98,331,236751,715.26
DM,D-05,59,42201,715.27
UH,I-03,318,227460,715.28
UM,A-02,749,535769,715.31
TW,D-09,207,148071,715.32
JP,C-04,62,44353,715.37
DN,X-98,1232,881391,715.41
MZ,D-04,9,6439,715.44
JU,G-04,105,75124,715.47
PS,F-7,635,454322,715.47
ZH,E-04,222,158857,715.57
TH,G-51,80,57247,715.59
TC,C-01,317,226843,715.59
LW,E-05,2749,1967266,715.63
NL,D-07,253,181064,715.67
NS,B-08,243,173927,715.75
KW,F-05,17,12168,715.76
CG,B-04,607,434464,715.76
HS,D-06,447,319958,715.79
MS,J-08,238,170417,716.04
AK,I-06,1781,1275376,716.1
PC,E-08,11,7881,716.45
PJ,C-08,13,9314,716.46
CK,D-05,1450,1038909,716.49
UG,D-03,824,590397,716.5
LD,L-05,461,330311,716.51
PK,D-05,764,547439,716.54
PU,E-05,95,68082,716.65
HN,B-03,230,164859,716.78
DT,D-05,471,337606,716.79
PJ,E-05,414,296758,716.81
EG,C-04,27,19356,716.89
CG,X-98,1,717,717
HF,G-05,454,325545,717.06
JD,E-03,261,187173,717.14
EH,C-09,56,40161,717.16
JB,K-02,281,201522,717.16
FA,D-07,245,175720,717.22
YG,F-05,191,136993,717.24
NL,D-05,291,208753,717.36
JN,D-02,172,123392,717.4
DR,X-98,117,83950,717.52
SU,E-07,725,520222,717.55
FS,E-06,318,228200,717.61
LH,B-10,583,418460,717.77
MT,H-05,172,123470,717.85
RS,D-03,693,497488,717.88
FG,G-11,75,53844,717.92
PW,E-03,860,617434,717.95
LG,H-08,556,399184,717.96
KT,C-06,701,503291,717.96
XS,C-05,324,232623,717.97
YN,E-08,85,61028,717.98
KC,F-04,1815,1303258,718.05
LI,C-05,950,682201,718.11
XS,E-02,570,409376,718.2
JK,G-08,846,607639,718.25
YL,X-98,318,228435,718.35
AH,D-06,256,183900,718.36
WT,L-07,241,173142,718.43
NJ,C-04,112,80470,718.48
JK,H-09,2,1437,718.5
FG,H-06,192,137961,718.55
PZ,C-03,409,293900,718.58
XU,E-03,281,201948,718.68
CF,E-08,759,545487,718.69
AK,E-05,464,333491,718.73
CU,D-05,446,320591,718.81
TN,G-05,526,378103,718.83
WL,H-04,677,486653,718.84
TH,G-06,803,577234,718.85
PZ,X-98,181,130116,718.87
PT,G-08,542,389644,718.9
HF,99,5,3595,719
FA,D-04,130,93474,719.03
TO,E-06,198,142375,719.07
PM,F-07,271,194893,719.16
LZ,E-07,128,92068,719.28
DJ,B-10,486,349608,719.36
DU,B-01,208,149629,719.37
DN,K-06,909,653931,719.4
NC,H-03,483,347506,719.47
HU,F-04,88,63319,719.53
TI,D-03,25,17989,719.56
ET,H-06,232,166938,719.56
TZ,G-06,234,168396,719.64
NS,E-06,27,19431,719.67
KI,C-03,519,373518,719.69
TD,E-03,80,57578,719.73
JR,J-0I,925,665757,719.74
HT,H-07,918,660743,719.76
DX,D-10,913,657180,719.8
GM,F-07,934,672327,719.84
FG,2,8,5759,719.88
HM,H-06,293,210930,719.9
TC,C-12,4,2880,720
LC,B-05,6,4320,720
XS,D-02,2121,1527114,720
RZ,J-06,97,69844,720.04
JA,B-03,11,7923,720.27
XL,C-03,11,7923,720.27
WZ,L-06,265,190934,720.51
PM,H-05,220,158524,720.56
TR,A-02,1197,862570,720.61
YH,F-07,115,82871,720.62
ZK,F-03,204,147009,720.63
UL,E-05,949,683912,720.67
TK,E-07,1846,1330349,720.67
RM,K-10,72,51893,720.74
CJ,B-05,816,588121,720.74
JW,H-04,369,265967,720.78
ET,F-05,724,521849,720.79
DT,G-06,286,206167,720.86
TD,A-01,3,2163,721
JE,E-06,103,74267,721.04
LH,D-08,1372,989282,721.05
PS,D-11,18,12979,721.06
PZ,F-04,43,31006,721.07
JU,G-05,105,75712,721.07
CG,G-05,11,7933,721.18
KD,C-02,447,322367,721.18
SC,D-04,27,19472,721.19
FG,H-08,566,408218,721.23
PJ,G-05,746,538085,721.29
JW,J-03,480,346225,721.3
ML,F-05,567,409005,721.35
DR,F-03,125,90170,721.36
PT,B-09,239,172406,721.36
IC,F-03,242,174589,721.44
WJ,D-05,169,121940,721.54
LH,B-11,483,348515,721.56
ZH,D-04,296,213589,721.58
HT,G-09,2908,2098843,721.75
TF,J-05,6,4331,721.83
CQ,C-09,287,207182,721.89
AK,J-12,43,31042,721.91
BK,E-06,118,85196,722
PJ,D-06,105,75815,722.05
TK,E-04,1492,1077293,722.05
TB,E-05,424,306218,722.21
JK,E-09,379,273759,722.32
UM,E-02,3,2167,722.33
LU,C-06,650,469542,722.37
WT,I-10,298,215276,722.4
JB,H-03,359,259361,722.45
TH,E-65,248,179180,722.5
FW,K-04,1080,780429,722.62
FG,H-05,192,138763,722.72
CT,H-03,1853,1339449,722.85
DD,B-04,151,109152,722.86
PS,I-7,886,640533,722.95
BK,D-05,95,68682,722.97
SU,F-09,471,340535,723
ZH,F-04,346,250163,723.01
TE,D-03,620,448352,723.15
TC,G-01,735,531582,723.24
LF,E-05,1124,812951,723.27
BD,F-02,44,31825,723.3
PJ,C-07,293,211951,723.38
JU,D-04,530,383391,723.38
TF,X-99,10,7234,723.4
DR,H-04,518,374719,723.4
AP,D-03,764,552720,723.46
ZU,D-05,103,74521,723.5
LC,D-03,820,593345,723.59
SN,L-08,453,327811,723.64
KT,A-02,316,228707,723.76
DX,F-08,1470,1063936,723.77
HR,G-08,247,178777,723.79
DR,G-05,207,149826,723.8
HJ,H-03,1122,812192,723.88
JU,H-04,344,249074,724.05
PD,C-06,451,326549,724.06
FD,L-06,132,95587,724.14
DX,C-08,380,275209,724.23
XW,J-03,68,49248,724.24
SC,E-04,19,13761,724.26
JH,D-01,585,423695,724.26
YM,C-03,1051,761250,724.31
AK,D-05,346,250620,724.34
PJ,G-06,271,196315,724.41
JL,E-06,872,631760,724.5
TW,F-09,382,276785,724.57
PC,B-05,2202,1595493,724.57
CQ,G-06,480,347797,724.58
CF,F-07,2059,1491995,724.62
SK,E-05,98,71014,724.63
FH,E-08,144,104348,724.64
WL,E-03,647,468883,724.7
RJ,F-06,326,236279,724.78
LT,C-07,343,248605,724.8
RL,X-98,248,179774,724.9
JD,F-05,258,187031,724.93
JG,D-03,355,257349,724.93
TK,3,1,725,725
PT,G-10,502,363979,725.06
TE,E-03,90,65256,725.07
SF,Others,1195,866460,725.07
TE,A-04,559,405319,725.08
DL,G-04,246,178372,725.09
HT,G-06,530,384319,725.13
YM,B-01,179,129810,725.2
MT,C-04,411,298056,725.2
KT,C-04,503,364778,725.2
CK,C-05,1575,1142192,725.2
SD,D-04,2289,1660018,725.22
TG,G-05,167,121126,725.31
JW,F-05,224,162481,725.36
DO,I-04,244,177008,725.44
JB,K-04,813,589796,725.46
PL,D-09,83,60214,725.47
FH,D-07,315,228537,725.51
DX,E-09,1308,949050,725.57
ZT,B-05,5,3628,725.6
TZ,E-04,1022,741630,725.67
MS,H-07,870,631364,725.71
NC,J-12,11,7984,725.82
MS,J-03,574,416643,725.86
ZY,F-09,770,558948,725.91
TC,D-04,338,245367,725.94
DK,G-03,180,130671,725.95
ZK,C-03,526,381868,725.98
TB,F-05,253,183691,726.05
KZ,F-03,94,68257,726.14
GH,D-04,736,534498,726.22
TE,A-02,462,335544,726.29
TW,X-99,6,4358,726.33
CK,F-11,166,120585,726.42
CJ,E-05,425,308735,726.44
RZ,E-05,569,413371,726.49
MD,C-5,34,24705,726.62
DC,C-03,56,40695,726.7
HX,F-04,97,70496,726.76
JI,F-06,384,279084,726.78
JW,F-02,426,309613,726.79
XH,D-04,283,205709,726.89
LD,I-08,207,150490,727
CF,E-06,1063,772946,727.14
LJ,H-03,301,218885,727.19
HT,G-10,3,2182,727.33
WQ,G-07,785,571017,727.41
PC,F-07,14,10184,727.43
HD,E-01,564,410273,727.43
LY,E-03,157,114216,727.49
NC,J-14,13,9458,727.54
BT,I-04,876,637378,727.6
MT,F-05,451,328150,727.61
LJ,E-05,181,131699,727.62
SM,G-06,384,279450,727.73
YG,F-04,238,173208,727.76
TA,H-06,12,8734,727.83
JH,G-07,585,425781,727.83
FS,F-09,240,174705,727.94
JW,E-05,156,113562,727.96
CX,F-04,63,45862,727.97
LY,F-08,127,92453,727.98
DA,X-98,81,58976,728.1
SL,B-03,239,174038,728.19
FY,I-03,566,412159,728.2
SQ,F-04,372,270934,728.32
YW,H-03,6,4370,728.33
PS,I-6,367,267301,728.34
PD,E-06,989,720429,728.44
TS,F-10,1071,780189,728.47
AH,B-06,96,69938,728.52
KS,F-09,354,257911,728.56
PJ,D-05,150,109291,728.61
LD,I-07,639,465579,728.61
RZ,I-03,187,136261,728.67
NZ,F-07,177,128984,728.72
CZ,E-03,388,282747,728.73
CJ,C-03,814,593207,728.76
SS,F-09,1517,1105533,728.76
DL,G-05,396,288634,728.87
JI,I-05,414,301807,729
PE,C-02,153,111538,729.01
NQ,F-05,224,163314,729.08
PC,I-04,10,7291,729.1
JB,L-01,116,84580,729.14
PC,C-02,998,727725,729.18
MY,G-05,7,5105,729.29
MD,D-05,353,257452,729.33
TL,G-09,100,72938,729.38
DL,E-04,417,304156,729.39
HL,H-05,284,207153,729.41
JU,E-04,219,159775,729.57
RZ,I-08,126,91928,729.59
CR,E-08,1187,866126,729.68
LS,I-08,127,92670,729.69
SH,X-98,246,179529,729.79
TY,E-06,875,638592,729.82
XL,G-04,127,92688,729.83
YJ,K-01,467,340918,730.02
DD,A-07,445,324877,730.06
JR,F-03,948,692116,730.08
DS,E-01,312,227810,730.16
DK,G-05,1468,1071960,730.22
LU,C-05,1001,731105,730.37
TL,E-03,266,194284,730.39
OL,E-05,161,117594,730.4
JH,K-08,263,192098,730.41
DY,C-04,56,40906,730.46
LC,B-03,2,1461,730.5
MA,G-07,383,279861,730.71
QH,J-05,290,211970,730.93
CX,E-05,408,298252,731.01
RZ,X-98,434,317268,731.03
MA,F-06,395,288760,731.04
TI,C-07,1794,1311635,731.12
SL,G-01,176,128680,731.14
NY,G-05,887,648565,731.19
XH,E-06,10,7312,731.2
KW,G-06,430,314432,731.24
TZ,D-05,372,272062,731.35
DR,G-03,285,208438,731.36
JB,G-03,122,89229,731.39
HT,E-07,627,458702,731.58
TD,E-04,651,476278,731.61
SM,G-04,580,424352,731.64
HH,C-06,1582,1157455,731.64
FH,D-10,439,321195,731.65
UM,B-01,1771,1295837,731.7
CP,C-06,1648,1205953,731.77
TL,D-06,248,181498,731.85
IC,B-03,362,264982,731.99
TP,E-04,96,70285,732.14
TZ,X-99,154,112753,732.16
JD,C-04,1022,748411,732.3
QH,K-05,367,268763,732.32
BK,D-07,5,3662,732.4
XW,X-98,887,649727,732.5
DK,F-04,514,376544,732.58
DM,I-04,319,233712,732.64
XT,D-03,70,51286,732.66
LG,A-03,860,630110,732.69
SN,M-05,198,145076,732.71
OL,E-06,468,342937,732.77
BT,H-05,470,344431,732.83
SW,G-04,69,50570,732.9
HS,F-09,398,291715,732.95
HT,J-07,700,513104,733.01
MO,G-04,125,91635,733.08
LQ,H-05,77,56449,733.1
WT,K-09,111,81375,733.11
SC,I-07,603,442118,733.2
DA,B-01,21,15398,733.24
MA,E-09,21,15401,733.38
YN,E-06,424,311016,733.53
ET,H-08,697,511300,733.57
MD,D-06,815,597893,733.61
HT,H-06,2750,2017465,733.62
PC,I-06,8,5869,733.63
LH,C-09,300,220096,733.65
KS,E-08,259,190036,733.73
PN,D-07,44,32287,733.8
TI,D-06,1106,811619,733.83
JB,J-03,289,212084,733.85
WF,E-07,115,84399,733.9
GS,G-06,808,592996,733.91
PS,E-10,18,13211,733.94
TY,F-05,433,317794,733.94
LD,E-08,92,67523,733.95
KS,F-08,132,96883,733.96
PS,E-11,13,9543,734.08
YG,E-04,576,422894,734.19
CK,E-07,269,197508,734.23
LY,F-07,19,13952,734.32
PS,G-7,277,203408,734.32
JN,G-02,129,94739,734.41
HI,F-04,174,127811,734.55
HH,C-08,365,268125,734.59
LT,C-08,283,207978,734.9
IL,3,1,735,735
BD,X-99,2,1470,735
AH,X-98,1065,782776,735
WT,E-08,254,186707,735.07
MH,Others,270,198471,735.08
DO,E-05,284,208778,735.13
DM,C-05,158,116153,735.15
LT,C-05,412,302890,735.17
ML,D-04,72,52936,735.22
ZS,F-02,304,223519,735.26
PS,D-09,7,5147,735.29
YG,G-05,72,52941,735.29
LT,C-04,161,118399,735.4
IC,D-09,17,12502,735.41
WJ,E-07,128,94133,735.41
TF,J-04,316,232390,735.41
JP,D-05,363,266953,735.41
JH,F-05,193,141942,735.45
LT,E-03,16,11768,735.5
TS,D-09,560,411889,735.52
MT,F-07,596,438377,735.53
YW,B-04,316,232435,735.55
YJ,H-05,588,432532,735.6
YJ,F-02,224,164777,735.61
AE,D-06,745,548037,735.62
RL,H-09,771,567211,735.68
HH,X-98,132,97115,735.72
TE,C-03,439,322983,735.72
HN,X-98,38,27963,735.87
AK,J-13,77,56664,735.9
SU,D-06,554,407711,735.94
MS,H-05,515,379063,736.04
PW,H-05,447,329021,736.06
NA,F-06,567,417375,736.11
JL,D-04,277,203925,736.19
AK,F-06,985,725176,736.22
MZ,J-03,37,27241,736.24
TF,K-05,85,62580,736.24
TA,C-01,653,480776,736.26
MO,F-05,30,22088,736.27
PS,G-6,641,471984,736.32
WT,F-07,199,146536,736.36
CQ,X-98,29,21358,736.48
AP,F-03,168,123752,736.62
SC,G-07,311,229097,736.65
DL,F-04,515,379380,736.66
DK,D-03,71,52305,736.69
JB,M-01,256,188615,736.78
DN,D-06,567,417787,736.84
YL,E-11,155,114215,736.87
PC,B-03,587,432622,737.01
SQ,H-04,167,123082,737.02
UC,G-10,424,312576,737.21
JR,I-02,209,154080,737.22
JA,D-04,406,299364,737.35
LS,K-06,345,254402,737.4
LC,F-04,889,655588,737.44
MT,C-03,557,410772,737.47
JC,D-03,804,592923,737.47
PT,E-09,147,108409,737.48
AN,X-99,2,1475,737.5
HM,E-06,375,276563,737.5
SP,E-04,1099,810591,737.57
KG,C-03,221,163024,737.67
DT,E-03,406,299518,737.73
XW,N-03,5,3689,737.8
FW,H-03,747,551199,737.88
YH,E-08,1,738,738
MG,E-08,849,626581,738.02
ZS,G-05,111,81921,738.03
RZ,D-04,1001,738771,738.03
LU,C-03,716,528470,738.09
HU,D-03,154,113677,738.16
NY,F-04,1297,957514,738.25
JC,B-08,75,55371,738.28
JK,F-07,356,262852,738.35
TN,J-07,462,341125,738.37
FW,J-02,569,420168,738.43
DA,G-01,1757,1297786,738.64
CK,F-05,780,576156,738.66
FH,99,3,2217,739
TW,E-07,328,242411,739.06
CU,H-07,837,618643,739.12
KT,D-03,1067,788688,739.16
SM,F-03,708,523344,739.19
SU,F-07,185,136754,739.21
CC,J-03,577,426544,739.24
DM,L-03,153,113112,739.29
LG,Others,203,150079,739.31
PU,C-04,31,22919,739.32
YD,E-08,400,295759,739.4
NN,D-06,259,191524,739.47
PM,D-05,104,76924,739.65
XS,C-07,307,227098,739.73
TH,F-62,514,380224,739.74
YK,G-03,100,73980,739.8
RL,E-07,174,128736,739.86
CC,K-05,321,237505,739.89
DO,K-05,319,236027,739.9
HF,C-10,99,73259,739.99
TC,C-15,1,740,740
JL,K-06,2,1480,740
KZ,G-05,50,37000,740
SZ,H-01,383,283440,740.05
LJ,F-03,175,129516,740.09
MH,C-04,559,413735,740.13
MT,F-06,489,361953,740.19
PS,H-5,809,598892,740.29
SA,99,2,1481,740.5
SH,A-02,1037,767922,740.52
TI,D-04,443,328063,740.55
TZ,D-03,342,253272,740.56
YH,A-06,248,183669,740.6
TD,E-01,271,200711,740.63
PJ,E-11,351,259971,740.66
DJ,E-07,884,654820,740.75
SU,E-04,296,219288,740.84
DK,D-04,451,334126,740.86
JR,I-09,1342,994257,740.88
JN,F-01,204,151171,741.03
HR,D-07,95,70400,741.05
JH,C-04,455,337191,741.08
SH,D-02,446,330611,741.28
TL,F-08,166,123055,741.3
FG,G-06,518,384032,741.37
XW,L-05,40,29657,741.43
TT,F-05,47,34851,741.51
PH,E-04,348,258151,741.81
TW,G-11,117,86799,741.87
SP,C-08,140,103862,741.87
MA,G-03,302,224063,741.93
WL,F-04,847,628494,742.02
GM,E-05,411,305016,742.13
DO,F-03,445,330255,742.15
LD,H-06,64,47499,742.17
MD,H-03,420,311714,742.18
PV,C-03,462,342917,742.24
HI,G-04,116,86112,742.34
JG,H-03,222,164800,742.34
IL,C-04,313,232387,742.45
KW,I-06,677,502645,742.46
SN,K-07,242,179687,742.51
JS,D-03,636,472256,742.54
SH,E-04,807,599288,742.61
MX,B-07,157,116608,742.73
KD,B-02,196,145598,742.85
KC,C-03,1,743,743
IL,A-03,155,115166,743.01
ZS,E-06,235,174647,743.18
CJ,B-03,978,726835,743.19
CA,F5,15,11148,743.2
TS,E-10,280,208107,743.24
LI,Z-05,868,645184,743.3
NJ,C-05,114,84769,743.59
FG,F-05,107,79576,743.7
HF,E-09,168,124942,743.7
HK,C-08,235,174795,743.81
LG,H-06,473,351860,743.89
LW,H-06,1656,1231963,743.94
WF,D-03,225,167407,744.03
CU,C-04,134,99714,744.13
MZ,D-03,54,40187,744.2
TC,E-02,707,526160,744.21
FY,H-05,265,197224,744.24
DJ,C-11,354,263461,744.24
DO,D-07,185,137689,744.26
SH,D-01,761,566412,744.3
SM,E-06,158,117602,744.32
DM,G-06,289,215164,744.51
PK,I-07,477,355222,744.7
DU,A-01,409,304603,744.75
YK,H-05,817,608483,744.78
FH,D-05,395,294237,744.9
HT,G-08,589,438848,745.07
NA,L-09,282,210114,745.09
YS,G-06,861,641536,745.11
PT,C-05,575,428448,745.13
LS,I-05,632,470930,745.14
MD,G-04,952,709477,745.25
KT,D-02,782,582862,745.35
CA,C-04,397,295961,745.49
MJ,J-03,16,11929,745.56
TA,A-05,703,524189,745.65
WT,X-98,96,71611,745.95
DY,H-09,593,442367,745.98
TL,F-07,144,107422,745.99
PL,99,1,746,746
MZ,C-04,13,9700,746.15
GM,D-05,739,551454,746.22
JS,F-02,193,144037,746.31
DT,D-04,256,191144,746.66
GS,X-98,360,268849,746.8
DS,F-01,207,154600,746.86
BD,H-05,311,232274,746.86
ZK,E-03,875,653526,746.89
ET,I-07,140,104577,746.98
SC,C-06,468,349593,746.99
CM,E-03,15,11205,747
JL,H-05,151,112818,747.14
PD,F-08,792,591768,747.18
MS,E-07,559,417692,747.21
GS,K-03,16,11957,747.31
HI,F-05,198,147973,747.34
TI,C-10,172,128547,747.37
LU,D-04,1915,1431283,747.41
JS,C-01,1043,779710,747.56
HL,G-03,422,315561,747.77
YP,D-06,78,58327,747.78
DT,C-04,1256,939274,747.83
MS,2,10,7481,748.1
NA,J-08,1481,1108186,748.27
DO,G-05,177,132450,748.31
PD,F-06,846,633089,748.33
CJ,C-04,403,301580,748.34
HS,F-05,867,648845,748.38
HM,E-07,47,35175,748.4
KC,I-08,739,553084,748.42
ZS,F-06,100,74845,748.45
NN,X-98,517,386976,748.5
FA,F-06,192,143730,748.59
FH,G-05,138,103316,748.67
BK,F-04,346,259047,748.69
TE,A-01,372,278528,748.73
SP,X-98,87,65140,748.74
ET,E-06,41,30699,748.76
NS,C-08,255,190935,748.76
CX,C-07,487,364700,748.87
TH,E-07,209,156533,748.96
UH,G-09,153,114594,748.98
SU,C-04,1,749,749
WT,D-04,1,749,749
DT,F-05,50,37452,749.04
YN,B-07,557,417229,749.06
LW,H-02,1892,1417363,749.13
TN,X-98,64,47947,749.17
SQ,X-98,223,167066,749.17
LI,C-03,1280,959134,749.32
FH,C-04,795,595970,749.65
SM,G-08,302,226396,749.66
MJ,E-09,3,2249,749.67
TS,D-07,157,117699,749.68
DO,H-06,186,139457,749.77
PC,X-99,6,4499,749.83
TY,B-03,1,750,750
DC,C-04,40,30002,750.05
ZS,D-03,172,129025,750.15
HG,E-01,193,144798,750.25
PK,E-09,1053,790012,750.25
QD,F-05,304,228080,750.26
LT,X-98,160,120065,750.41
SF,D-01,239,179355,750.44
TI,D-05,1432,1074758,750.53
RM,K-03,178,133614,750.64
KT,B-03,514,385832,750.65
PM,C-05,485,364124,750.77
PJ,H-07,355,266543,750.83
CM,G-09,504,378451,750.89
JU,G-08,542,407042,751
QX,D-05,159,119411,751.01
AP,B-05,341,256107,751.05
YH,F-02,1448,1087548,751.07
YL,E-05,228,171257,751.13
RL,G-05,73,54834,751.15
MT,D-04,668,501769,751.15
PD,C-07,389,292219,751.21
QH,L-05,154,115696,751.27
TZ,D-06,309,232158,751.32
KD,X-98,56,42076,751.36
WQ,E-07,477,358400,751.36
DT,E-05,263,197684,751.65
FD,K-06,390,293147,751.66
JI,J-05,537,403642,751.66
PE,G-05,135,101480,751.7
SL,E-05,56,42100,751.79
FH,G-07,315,236830,751.84
SD,C-03,602,452613,751.85
TR,A-03,28,21054,751.93
TC,C-03,328,246644,751.96
HK,G-04,384,288796,752.07
ST,D-03,561,421966,752.17
JN,E-04,84,63190,752.26
PU,C-05,64,48146,752.28
DY,G-06,287,215964,752.49
DZ,Others,86,64716,752.51
AN,E-03,500,376264,752.53
PJ,X-98,560,421461,752.61
MA,F-05,534,401909,752.64
TR,C-04,368,276987,752.68
DO,K-04,184,138499,752.71
PJ,H-06,351,264208,752.73
TW,E-11,262,197226,752.77
FG,G-07,549,413283,752.79
TL,F-04,29,21833,752.86
CQ,C-08,380,286137,752.99
CG,E-03,769,579050,752.99
PN,D-05,27,20333,753.07
DM,L-06,13,9791,753.15
MO,C-04,57,42930,753.16
FY,F-08,211,158920,753.18
PG,D-03,251,189052,753.2
KD,D-04,324,244072,753.31
MT,D-03,534,402271,753.32
AH,G-03,45,33901,753.36
YP,E-08,99,74592,753.45
SM,H-07,276,207973,753.53
HS,D-08,1516,1142426,753.58
TS,C-11,155,116811,753.62
PK,E-08,1513,1140246,753.63
HT,G-07,714,538096,753.64
PW,I-06,514,387469,753.83
PM,F-06,171,128928,753.96
TI,X-98,272,205094,754.02
LC,E-04,592,446400,754.05
CX,E-07,343,258658,754.1
JG,C-05,154,116154,754.25
YK,G-06,430,324327,754.25
SU,X-99,26,19612,754.31
DS,C-08,24,18104,754.33
CZ,C-06,432,325904,754.41
UC,D-03,261,196917,754.47
DN,J-06,249,187914,754.67
SZ,F-06,917,692031,754.67
ML,E-10,435,328294,754.7
DL,J-04,114,86041,754.75
CU,D-04,586,442335,754.84
NQ,H-08,1833,1383898,754.99
PT,F-05,311,234810,755.02
OL,H-03,56,42282,755.04
YH,E-05,92,69476,755.17
IC,C-03,294,222050,755.27
ZS,D-04,113,85353,755.34
QD,D-03,303,228936,755.56
LC,D-08,332,250846,755.56
CF,2,12,9067,755.58
YJ,I-06,261,197212,755.6
JR,G-02,1588,1199939,755.63
MS,E-06,365,275826,755.69
PJ,D-12,231,174591,755.81
MT,G-07,308,232833,755.95
HF,D-05,35,26467,756.2
TC,D-02,349,263923,756.23
CQ,H-04,379,286614,756.24
DX,E-08,663,501524,756.45
HN,D-05,717,542467,756.58
AH,F-07,736,556866,756.61
LU,X-98,342,258777,756.66
HJ,J-02,91,68877,756.89
CA,D4,26,19682,757
UH,H-03,225,170329,757.02
WF,E-04,261,197591,757.05
PH,H-02,143,108274,757.16
TR,E-01,95,71931,757.17
KW,J-05,467,353610,757.19
MQ,H-04,761,576355,757.37
PZ,F-05,170,128757,757.39
YN,C-03,295,223443,757.43
MA,D-05,900,681689,757.43
HU,G-04,79,59846,757.54
PL,F-08,51,38635,757.55
YG,D-03,580,439467,757.7
GM,D-06,765,579661,757.73
NC,K-06,519,393453,758.1
JI,D-05,1025,777238,758.28
DX,2,10,7583,758.3
FD,C-03,921,698506,758.42
YL,G-04,79,59927,758.57
PG,C-04,651,493918,758.71
KW,L-04,764,579657,758.71
TF,G-06,626,475022,758.82
YS,E-06,485,368048,758.86
SK,N-05,1,759,759
BT,G-09,363,275520,759.01
YT,D-06,1540,1169056,759.13
RL,D-08,276,209531,759.17
NN,F-04,87,66049,759.18
JA,X-98,791,600569,759.25
KT,F-02,1128,856474,759.29
DO,E-03,463,351560,759.31
EH,C-10,46,34942,759.61
JL,I-05,242,183841,759.67
CX,X-99,13,9876,759.69
JW,D-03,539,409495,759.73
DL,H-04,247,187656,759.74
SM,E-04,553,420202,759.86
PM,C-04,84,63829,759.87
JE,E-05,52,39516,759.92
TT,F-03,59,44840,760
JC,C-08,78,59283,760.04
PK,E-05,99,75248,760.08
ZY,E-09,721,548109,760.21
FW,K-05,649,493384,760.22
TE,X-98,250,190069,760.28
ET,I-05,65,49421,760.32
JP,D-03,157,119377,760.36
KW,E-04,28,21291,760.39
NQ,G-08,1789,1360597,760.53
CG,F-02,423,321749,760.64
SU,D-05,399,303502,760.66
PN,X-99,19,14455,760.79
KW,G-07,206,156758,760.96
TH,G-04,531,404112,761.04
PL,C-04,52,39592,761.38
KZ,G-06,71,54069,761.54
DM,D-04,631,480547,761.56
RJ,C-04,101,76920,761.58
LJ,99,3,2285,761.67
MX,B-03,119,90654,761.8
SF,C-03,113,86100,761.95
PK,I-06,1013,771894,761.99
LT,D-04,86,65532,762
HF,G-09,536,408530,762.18
FS,C-07,215,163872,762.2
NQ,H-07,881,671501,762.2
NC,C-08,17,12958,762.24
LZ,G-06,11,8387,762.45
SS,J-07,1268,967010,762.63
JS,D-02,247,188387,762.7
JG,D-04,249,189976,762.96
PF,B-02,276,210594,763.02
SL,C-04,199,151846,763.05
JK,G-09,359,273972,763.15
LG,H-07,334,254909,763.2
WL,G-04,16,12212,763.25
LU,B-05,75,57252,763.36
BL,G-4,676,516109,763.47
FH,D-03,684,522223,763.48
FH,D-09,181,138198,763.52
PH,H-04,38,29017,763.61
WF,E-03,116,88579,763.61
DY,G-03,14,10691,763.64
RZ,G-03,1122,856852,763.68
HJ,G-03,670,511729,763.77
PJ,E-06,130,99304,763.88
MD,C-06,2355,1799051,763.93
CG,C-04,399,304845,764.02
JI,G-05,194,148224,764.04
XS,D-05,138,105449,764.12
DN,F-06,470,359160,764.17
MH,F-05,283,216262,764.18
UC,G-06,546,417330,764.34
HN,D-07,358,273640,764.36
PJ,F-05,446,340934,764.43
BT,F-04,523,399880,764.59
CQ,E-09,285,217931,764.67
BT,D-03,251,191949,764.74
JU,D-07,423,323586,764.98
PC,B-04,849,649560,765.09
PM,H-07,888,679455,765.15
GM,F-05,560,428493,765.17
SM,F-07,521,398675,765.21
IL,D-03,67,51281,765.39
DS,E-02,476,364392,765.53
TT,E-12,117,89581,765.65
HR,E-06,334,255728,765.65
JN,C-04,13,9954,765.69
DC,B-07,1200,918893,765.74
SH,E-01,706,540618,765.75
HN,B-04,596,456570,766.06
NS,E-03,64,49041,766.27
JW,E-02,232,177787,766.32
YD,C-03,123,94269,766.41
MA,D-08,841,644817,766.73
JU,G-06,68,52138,766.74
SH,B-04,328,251535,766.88
CJ,F-03,285,218587,766.97
AK,I-05,836,641213,767
UH,D-07,369,283099,767.21
LT,E-05,307,235545,767.25
LS,H-06,370,283909,767.32
HU,G-03,53,40672,767.4
ET,X-99,161,123577,767.56
SL,D-05,81,62175,767.59
YL,G-03,57,43756,767.65
YD,C-06,125,95968,767.74
SW,X-98,79,60652,767.75
TI,Others,459,352398,767.75
YH,E-06,305,234173,767.78
TA,A-02,1245,956043,767.91
HX,F-06,248,190469,768.02
GS,H-04,195,149778,768.09
TD,C-01,82,62986,768.12
SP,D-04,548,420996,768.24
TB,F-08,522,401067,768.33
GM,E-07,798,613233,768.46
GH,D-07,960,737783,768.52
SP,H-09,45,34592,768.71
ZH,C-03,108,83027,768.77
SF,E-05,520,399765,768.78
KF,H-07,795,611290,768.92
AH,99,1,769,769
QD,E-04,22,16923,769.23
BT,F-03,155,119247,769.34
DR,I-04,248,190804,769.37
ZY,D-05,285,219281,769.41
HS,E-07,448,344720,769.46
CZ,F-04,516,397062,769.5
SH,E-03,94,72343,769.61
MJ,J-04,6,4618,769.67
WF,99,4,3079,769.75
CM,C-06,7,5389,769.86
YK,D-04,54,41573,769.87
UC,G-09,623,479804,770.15
SH,C-02,164,126307,770.16
TW,C-08,915,704764,770.23
LJ,G-04,139,107109,770.57
PD,H-05,256,197269,770.58
UH,D-05,764,588874,770.78
DN,D-04,814,627497,770.88
YS,E-05,920,709300,770.98
RL,D-09,225,173484,771.04
HF,D-10,104,80192,771.08
LD,G-09,120,92539,771.16
SU,J-05,6,4627,771.17
YH,B-03,217,167379,771.33
EG,F-05,208,160448,771.38
WQ,G-03,646,498325,771.4
YS,D-05,183,141177,771.46
CF,Others,581,448408,771.79
TB,H-06,289,223059,771.83
SZ,H-02,274,211524,771.99
CU,X-98,561,433117,772.04
JP,D-02,594,458595,772.05
HX,D-05,173,133570,772.08
GS,J-07,446,344349,772.08
CU,C-02,220,169865,772.11
LY,E-04,33,25485,772.27
FH,E-04,612,472672,772.34
YL,G-08,137,105814,772.36
LS,J-11,836,645701,772.37
HN,D-06,119,91914,772.39
HI,I-03,161,124363,772.44
MD,C-05,1328,1025867,772.49
JB,X-98,493,380850,772.52
LQ,E-07,26,20086,772.54
DL,D-03,998,771086,772.63
KI,E-05,73,56417,772.84
CP,D-07,1189,919074,772.98
TC,C-02,369,285244,773.02
JS,99,733,566771,773.22
IL,X-98,249,192543,773.27
JD,F-04,166,128373,773.33
PM,H-06,370,286147,773.37
TT,D-07,46,35582,773.52
HK,G-10,453,350427,773.57
MO,F-08,32,24757,773.66
PD,X-98,205,158623,773.77
JK,X-98,75,58078,774.37
TB,E-06,382,295817,774.39
SS,G-09,312,241615,774.41
SL,C-01,188,145620,774.57
TE,C-02,233,180493,774.65
KC,A-03,525,406710,774.69
HX,F-08,207,160363,774.7
TT,D-03,66,51135,774.77
DN,L-06,569,440886,774.84
SD,D-05,241,186763,774.95
LW,K-05,2,1550,775
DL,4,3,2325,775
PL,B-09,32,24801,775.03
JR,G-04,136,105425,775.18
PW,J-06,115,89196,775.62
DN,F-04,934,724499,775.69
MO,F-07,61,47319,775.72
MG,E-06,830,643923,775.81
FH,F-03,517,401232,776.08
UH,C-07,665,516119,776.12
IL,C-06,1153,895022,776.25
ZH,F-03,105,81517,776.35
NS,D-03,238,184785,776.41
CQ,F-04,232,180146,776.49
MY,F-04,8,6212,776.5
SK,X-98,656,509392,776.51
GM,E-06,570,442682,776.64
ML,H-06,150,116543,776.95
CG,H-05,3,2331,777
HF,H-07,164,127437,777.05
YP,F-07,69,53617,777.06
JD,I-05,344,267334,777.13
ST,F-06,649,504385,777.17
PW,H-02,968,752598,777.48
PJ,2,4,3111,777.75
YG,C-03,839,652546,777.77
DM,K-03,521,405315,777.96
FY,I-08,387,301089,778.01
TD,D-02,341,265304,778.02
SL,G-05,180,140076,778.2
ZK,G-05,230,179001,778.27
FY,F-07,223,173565,778.32
DA,B-05,20,15567,778.35
JI,E-04,249,193848,778.51
SH,F-02,178,138588,778.58
UM,D-04,6,4672,778.67
LD,F-08,158,123040,778.73
LM,H-05,122,95010,778.77
NZ,C-10,406,316181,778.77
SW,F-06,168,130848,778.86
ET,G-06,236,183824,778.92
TL,C-06,48,37394,779.04
UC,F-10,599,466729,779.18
DM,J-03,154,120006,779.26
FY,H-09,48,37405,779.27
WJ,E-04,51,39744,779.29
TH,H-05,729,568112,779.3
LQ,F-04,107,83408,779.51
TE,F-03,424,330533,779.56
CX,F-07,161,125525,779.66
UG,E-04,492,383597,779.67
PG,E-03,581,452996,779.68
KI,D-04,183,142688,779.72
PG,G-04,218,169992,779.78
TA,B-03,642,500672,779.86
LG,99,5,3900,780
HD,D-02,469,365934,780.24
PS,E-7,1089,849754,780.31
PL,D-07,48,37470,780.63
LS,J-09,268,209247,780.77
TB,F-09,1883,1470415,780.89
CJ,X-99,3,2343,781
SL,B-06,63,49207,781.06
PU,C-07,11,8592,781.09
ST,D-08,500,390554,781.11
WJ,E-06,53,41405,781.23
TP,C-05,22,17193,781.5
FH,G-10,279,218116,781.78
DL,E-06,454,354934,781.79
UC,F-08,562,439430,781.9
NC,I-04,866,677143,781.92
FG,F-07,156,122003,782.07
WL,X-98,167,130609,782.09
SH,E-02,355,277648,782.11
TY,E-07,3,2347,782.33
AK,D-06,512,400558,782.34
XW,L-03,48,37559,782.48
KC,H-08,845,661246,782.54
PT,D-05,130,101738,782.6
FY,J-04,695,543927,782.63
LY,G-04,14,10962,783
WT,D-07,36,28189,783.03
PJ,F-12,314,245873,783.04
TN,H-07,207,162120,783.19
LC,D-06,455,356411,783.32
ML,K-05,97,75988,783.38
RL,D-10,443,347043,783.39
JS,C-02,1058,829080,783.63
BT,F-07,332,260208,783.76
UH,E-04,469,367585,783.76
LQ,F-08,219,171691,783.98
LS,I-09,413,323784,783.98
TS,C-12,502,393756,784.37
NA,O-13,120,94134,784.45
ZT,C-03,171,134159,784.56
TY,C-04,788,618255,784.59
PW,J-04,104,81618,784.79
AH,C-06,161,126356,784.82
MX,D-02,135,105952,784.83
HD,F-06,22,17267,784.86
BD,G-06,137,107543,784.99
PM,X-98,171,134234,784.99
TE,E-02,173,135879,785.43
WJ,F-04,34,26711,785.62
DS,C-03,34,26729,786.15
FD,J-06,6,4717,786.17
JL,G-04,35,27519,786.26
JG,F-04,211,165905,786.28
HR,X-99,14,11009,786.36
UM,A-01,1809,1422548,786.37
CJ,X-98,12,9438,786.5
MJ,G-09,7,5506,786.57
UC,F06,15,11800,786.67
SZ,D-02,543,427205,786.75
WF,J-08,122,96017,787.02
FA,D-06,1348,1061025,787.11
TA,C-10,16,12595,787.19
UH,C-06,324,255076,787.27
DO,F-05,190,149607,787.41
MQ,C-02,165,129925,787.42
WQ,H-03,374,294559,787.59
KI,B-03,142,111875,787.85
HM,F-03,112,88249,787.94
RL,C-04,1,788,788
DR,E-03,235,185210,788.13
FY,F-09,694,546962,788.13
ST,F-09,657,517834,788.18
DN,C-05,570,449319,788.28
FY,H-08,673,530560,788.35
OL,E-07,115,90661,788.36
XU,C-04,131,103280,788.4
JD,X-98,38,29961,788.45
KZ,C-06,24,18932,788.83
SQ,E-07,248,195647,788.9
AH,C-07,471,371573,788.9
DO,E-06,6,4734,789
HM,E-05,140,110475,789.11
ET,H-05,535,422252,789.26
XT,C-03,200,157892,789.46
PV,E-02,498,393179,789.52
SD,C-05,1045,825159,789.63
TB,C-07,713,563061,789.71
MJ,2,18,14215,789.72
HS,H-06,695,549206,790.22
JS,F-01,527,416474,790.27
CA,F-05,919,726430,790.46
EG,C-05,25,19763,790.52
TB,G-05,110,86957,790.52
JL,G-06,93,73543,790.78
TK,C-04,2142,1694027,790.86
WT,H-09,272,215116,790.87
RL,H-04,488,385965,790.91
JI,H-05,438,346437,790.95
DL,E-05,253,200197,791.29
HX,F-12,60,47478,791.3
HX,G-07,179,141653,791.36
MO,D-03,49,38777,791.37
PD,99,2,1583,791.5
FS,X_99,2,1583,791.5
KD,E-02,245,193925,791.53
KW,I-07,11,8709,791.73
FY,J-06,232,183684,791.74
TE,F-04,241,190839,791.86
TF,L-06,717,567766,791.86
HF,E-03,1423,1127001,791.99
SQ,G-04,254,201169,792
CK,G-06,310,245529,792.03
LT,D-03,43,34058,792.05
MJ,I-09,30,23762,792.07
LD,G-07,80,63367,792.09
JG,D-06,243,192616,792.66
FH,E-05,505,400315,792.7
CU,G-07,445,352763,792.73
MD,Others,428,339315,792.79
WG,99,4,3172,793
CK,F-12,623,494037,793
XL,G-06,50,39654,793.08
OL,F-07,180,142762,793.12
JL,E-04,240,190409,793.37
YW,C-05,722,572845,793.41
WT,H-06,180,142842,793.57
YJ,I-05,406,322208,793.62
SW,E-04,148,117503,793.94
GM,2,1,794,794
WF,X-98,1,794,794
HK,D-07,253,200902,794.08
RL,G-08,229,181877,794.22
JA,D-05,172,136629,794.35
ET,F-04,233,185108,794.45
PW,F-05,954,757909,794.45
YL,E-04,57,45285,794.47
LQ,K-03,64,50857,794.64
LY,C-06,13,10331,794.69
MZ,X-98,7645,6076060,794.78
HS,G-08,704,559624,794.92
LT,Others,163,129580,794.97
YW,I-05,2,1590,795
WL,H-03,590,469065,795.03
SL,F-05,50,39752,795.04
TT,X-98,815,648130,795.25
DT,F-06,524,416731,795.29
PC,F-05,5,3977,795.4
NS,I-08,4,3182,795.5
TA,A-04,317,252176,795.51
HK,F-08,349,277655,795.57
NN,E-07,503,400323,795.87
TR,X-98,999,795125,795.92
MA,G-06,444,353448,796.05
PD,I-08,784,624120,796.07
DS,F-02,357,284229,796.16
HF,E-10,555,441955,796.32
FA,X-98,167,133027,796.57
XW,M-03,23,18322,796.61
KS,F-05,204,162512,796.63
LH,C-07,324,258109,796.63
YJ,F-06,449,357696,796.65
FA,Others,469,373663,796.72
YT,I-05,471,375293,796.8
PM,D-06,157,125118,796.93
SU,G-04,12,9564,797
DM,E-05,166,132304,797.01
HI,X-99,19,15150,797.37
NQ,I-04,42,33491,797.4
PZ,X-99,9,7177,797.44
XW,M-05,17,13557,797.47
HK,D-08,17,13558,797.53
DJ,B-05,1378,1098995,797.53
KD,C-07,586,467357,797.54
NL,E-04,1423,1135017,797.62
ML,X-98,496,395676,797.73
LQ,I-10,202,161155,797.8
RJ,H-06,431,343875,797.85
GH,2,8,6383,797.88
TW,C-05,320,255470,798.34
JI,F-04,631,503893,798.56
HU,F-03,75,59903,798.71
TY,C-05,328,262036,798.89
SH,G-03,741,592065,799.01
SS,G-10,1423,1137000,799.02
MY,F-06,198,158212,799.05
MT,G-05,502,401159,799.12
YL,D-09,94,75136,799.32
PJ,H-10,8,6395,799.38
DR,F-04,494,394971,799.54
PL,C-03,58,46378,799.62
TH,F-04,466,372678,799.74
TG,F-04,6,4799,799.83
IC,E-03,75,59997,799.96
RS,2,1,800,800
CJ,E-06,6,4801,800.17
ST,E-04,455,364155,800.34
KW,X-98,1583,1266932,800.34
KC,E-04,652,521833,800.36
LU,99,2,1601,800.5
CJ,B-02,703,562793,800.56
HK,D-04,113,90471,800.63
WL,C-05,416,333067,800.64
DS,D-05,1322,1058568,800.73
MD,C-04,38,30429,800.76
UM,D-02,6,4805,800.83
YW,I-09,2,1602,801
CJ,D-06,4,3204,801
TC,C-29,6,4807,801.17
CQ,C-10,305,244387,801.27
HK,E-08,302,242040,801.46
KZ,X-98,327,262086,801.49
LQ,X-99,2,1603,801.5
TY,D-03,1357,1087698,801.55
NQ,X-98,195,156345,801.77
MO,H-04,16,12836,802.25
WT,K-06,301,241518,802.39
KF,E-05,1794,1439628,802.47
HM,G-08,80,64200,802.5
JK,G-07,308,247207,802.62
TO,E-04,101,81081,802.78
HH,E-06,492,394985,802.82
CU,H-06,331,265775,802.95
XW,K-03,103,82705,802.96
LU,H-01,2,1606,803
TR,B-06,392,314792,803.04
BD,H-04,70,56219,803.13
PK,X-98,203,163047,803.19
ML,99,5,4016,803.2
TP,E-03,15,12048,803.2
NC,E-05,429,344724,803.55
YW,C-02,505,405818,803.6
LQ,J-08,35,28132,803.77
HX,G-11,87,69931,803.8
HN,C-04,360,289414,803.93
KT,E-03,1,804,804
WT,H-11,380,305549,804.08
WT,K-12,147,118225,804.25
JG,C-03,192,154420,804.27
XH,F-06,33,26542,804.3
WT,M-10,345,277572,804.56
TK,C-06,1067,858572,804.66
YJ,H-03,262,210836,804.72
JH,X-98,81,65194,804.86
MA,D-10,1178,948402,805.1
PZ,C-04,350,281819,805.2
HT,L-11,202,162657,805.23
PL,C-08,41,33015,805.24
JU,G-10,83,66840,805.3
YK,H-07,41,33018,805.32
KC,B-02,240,193293,805.39
LU,C-07,351,282745,805.54
LJ,X-98,109,87812,805.61
JG,H-05,78,62849,805.76
XL,H-07,81,65270,805.8
SK,G-03,14,11283,805.93
SP,F-05,744,599821,806.21
YG,C-04,557,449096,806.28
JU,E-08,187,150791,806.37
MA,D-04,903,728197,806.42
JU,E-99,2183,1760427,806.43
NQ,G-07,329,265379,806.62
TG,X-98,387,312178,806.66
LZ,C-06,110,88739,806.72
DC,D-04,32,25816,806.75
XW,L-07,19,15330,806.84
SK,G-04,294,237229,806.9
ML,L-03,102,82310,806.96
HJ,X-99,2,1614,807
TH,F-06,540,435819,807.07
JU,F-05,122,98475,807.17
FY,G-04,318,256684,807.18
FY,F-05,257,207449,807.19
NJ,I-03,25,20181,807.24
WQ,C-09,46,37134,807.26
HK,F-04,535,431941,807.37
YL,C-05,113,91234,807.38
CJ,D-05,531,428756,807.45
SW,E-03,85,68635,807.47
TG,D-07,44,35529,807.48
PS,H-10,4,3231,807.75
WZ,D-06,198,159941,807.78
TH,E-06,924,746476,807.87
JP,D-04,157,126837,807.88
KZ,C-08,393,317497,807.88
TI,E-05,317,256134,807.99
HF,X-98,1281,1035246,808.15
HR,E-04,26,21013,808.19
NJ,Others,369,298236,808.23
KG,X-98,188,151963,808.31
DJ,X-99,8,6468,808.5
PJ,E-07,126,101875,808.53
PE,H-04,314,253893,808.58
IC,A-03,580,469022,808.66
CQ,G-04,19,15365,808.68
PG,D-04,294,237796,808.83
JS,D-01,354,286353,808.91
CL,E-05,432,349455,808.92
KG,D-03,70,56635,809.07
YL,I-08,29,23467,809.21
TD,D-04,361,292241,809.53
DL,X-99,19,15382,809.58
UH,E-03,210,170013,809.59
AH,Others,316,255894,809.79
GS,L-06,328,265628,809.84
DT,C-03,769,622779,809.86
EH,C-07,165,133652,810.01
SH,A-04,772,625458,810.18
MH,X-98,28,22686,810.21
HU,I-03,176,142628,810.39
CU,E-05,440,356572,810.39
XH,E-02,130,105375,810.58
PL,D-06,44,35670,810.68
TR,Others,470,381019,810.68
TB,J-06,1487,1205491,810.69
LM,F-05,922,747643,810.89
TL,F-10,36,29199,811.08
DR,K-05,154,124914,811.13
JL,D-05,221,179279,811.22
LU,C-01,2,1623,811.5
HS,H-10,283,229735,811.78
TK,F-06,110,89303,811.85
QH,J-03,263,213525,811.88
UH,E-10,2,1624,812
YL,C-08,44,35728,812
HM,F-04,52,42234,812.19
YP,D-07,54,43859,812.2
DD,B-08,535,434666,812.46
DA,A-05,4,3250,812.5
PE,X-98,232,188509,812.54
NJ,C-07,231,187707,812.58
TR,C-03,723,587729,812.9
MG,E-03,399,324413,813.07
UH,D-04,441,358615,813.19
JW,F-04,287,233426,813.33
NZ,X-98,409,332660,813.35
MT,D-05,578,470133,813.38
LZ,C-07,48,39051,813.56
DC,B-06,144,117157,813.59
CM,M-14,3,2441,813.67
TI,C-03,1,814,814
DD,X-99,1,814,814
JB,J-04,323,262976,814.17
GH,B-04,169,137605,814.23
SM,I-06,436,355014,814.25
PK,F-07,584,475579,814.35
YD,D-03,172,140088,814.47
MZ,C-03,265,215834,814.47
TK,D-05,254,206915,814.63
LH,D-04,33,26886,814.73
JN,E-02,308,250970,814.84
JS,X-99,2,1630,815
SU,F-06,433,352974,815.18
HK,C-04,340,277230,815.38
CK,D-07,43,35063,815.42
YK,D-03,77,62790,815.45
NN,E-04,165,134557,815.5
HI,I-06,148,120708,815.59
FY,G-10,219,178620,815.62
LG,A-02,977,797187,815.95
HT,J-06,664,541869,816.07
DU,D-01,55,44887,816.13
KZ,D-07,50,40807,816.14
YL,H-04,50,40809,816.18
WJ,X-98,3008,2455207,816.23
WQ,D-07,75,61218,816.24
AN,Others,239,195117,816.39
JR,I-07,389,317619,816.5
DO,D-03,1317,1075517,816.64
CZ,D-07,353,288279,816.65
TF,I-08,562,458960,816.65
SQ,F-03,71,57993,816.8
EG,E-05,6,4902,817
LS,H-05,21,17157,817
TE,A-05,409,334234,817.2
EG,D-04,69,56396,817.33
BL,Others,279,228056,817.41
HK,D-06,263,215005,817.51
WL,C-03,1217,995111,817.68
TC,D-20,4,3271,817.75
JH,C-03,484,395952,818.08
SD,E-05,678,554737,818.2
KG,2,4,3273,818.25
SH,A-03,723,591717,818.42
IL,A-04,249,203879,818.79
XH,F-03,49,40121,818.8
YW,G-04,7,5732,818.86
PN,E-03,77,63052,818.86
MQ,X-98,61,49954,818.92
KZ,G3,1,819,819
DS,D-04,17,13925,819.12
XU,E-04,140,114718,819.41
UM,C-01,607,497543,819.68
JG,I-04,286,234448,819.75
TK,C-05,616,504982,819.78
TH,E-64,53,43453,819.87
ZH,C-04,75,61493,819.91
HG,99,1,820,820
MO,H-03,10,8203,820.3
NN,E-06,373,305974,820.31
HK,F-09,198,162437,820.39
CK,G-07,402,329864,820.56
AK,99,2,1642,821
HF,D-06,26,21347,821.04
LJ,I-03,657,539548,821.23
CU,C-05,499,409822,821.29
TA,B-05,1192,978975,821.29
SC,H-07,766,629127,821.31
JB,L-02,20,16431,821.55
DL,E-03,33,27111,821.55
WT,H-08,336,276242,822.15
DN,E-04,983,808204,822.18
LC,D-07,388,319019,822.21
FY,G-03,73,60028,822.3
MQ,E-04,1190,978968,822.66
JB,C-02,66,54311,822.89
TL,F-05,81,66677,823.17
BD,X-98,23,18936,823.3
MQ,C-04,1097,903498,823.61
TS,F-09,738,608050,823.92
JE,D-03,133,109585,823.95
HT,G8,1,824,824
HI,99,2,1648,824
XT,E-03,59,48620,824.07
TZ,E-06,349,287603,824.08
ET,F-07,583,480439,824.08
ZT,C-07,159,131040,824.15
WZ,M-11,118,97262,824.25
HM,C-04,47,38742,824.3
MO,D-06,26,21436,824.46
JB,K-01,274,226019,824.89
NJ,D-03,3,2475,825
KF,C-05,882,727676,825.03
LS,I-04,60,49503,825.05
CR,C-07,240,198011,825.05
SS,2,16,13203,825.19
MJ,B-01,730,602437,825.26
FA,D-03,611,504268,825.32
SM,99,1,826,826
MY,E-07,19,15696,826.11
SL,2,5,4132,826.4
PE,E-03,450,371956,826.57
PD,F-07,639,528188,826.59
CJ,D-03,709,586171,826.76
AK,J-05,110,90958,826.89
MJ,D-01,863,713637,826.93
CU,H-08,549,454010,826.98
PG,E-05,679,561646,827.17
TU,Others,194,160524,827.44
RM,J-08,42,34754,827.48
SU,H-05,11,9103,827.55
KG,G-05,234,193647,827.55
CM,G-04,37,30637,828.03
WZ,K-05,99,81988,828.16
HG,E-04,235,194617,828.16
LM,G-04,1157,958265,828.23
WQ,C-04,1077,892263,828.47
FS,G-10,680,563523,828.71
FH,D-04,171,141749,828.94
ST,G-06,529,438618,829.15
LD,J-05,119,98671,829.17
YG,E-05,157,130241,829.56
CQ,D-08,443,367534,829.65
KT,B-04,537,445529,829.66
DY,C-08,493,409113,829.84
PM,H-08,116,96264,829.86
KG,F-04,832,690641,830.1
QH,K-06,271,225057,830.47
TG,D-06,25,20762,830.48
TE,F-05,299,248339,830.57
KD,3,2,1662,831
PV,C-02,732,608309,831.02
YM,A-03,1492,1239964,831.08
SQ,E-03,242,201140,831.16
TC,F-02,376,312540,831.22
NY,X-99,5,4157,831.4
HD,D-03,492,409159,831.62
PM,F-05,389,323590,831.85
JP,C-05,756,628964,831.96
TS,C-09,87,72390,832.07
EG,F-04,159,132309,832.13
NN,E-08,99,82403,832.35
SK,U-08,291,242249,832.47
YL,C-04,33,27476,832.61
DZ,E-03,188,156535,832.63
YW,D-04,2389,1989371,832.72
FW,K-02,1144,952758,832.83
JD,G-05,68,56641,832.96
CG,E-05,17,14163,833.12
JI,J-04,333,277527,833.41
TL,I-06,2,1667,833.5
PT,D-08,10,8335,833.5
HM,H-08,68,56693,833.72
KT,E-02,1174,978886,833.8
MA,C-06,307,256094,834.18
MD,F-03,949,791898,834.46
PT,X-98,394,328781,834.47
RZ,I-07,135,112659,834.51
MT,E-03,504,420625,834.57
DM,K-06,361,301296,834.61
PN,D-08,306,255414,834.69
MA,D-03,600,500931,834.89
LY,D-05,373,311442,834.97
MS,F-08,73,60965,835.14
FY,E-07,148,123606,835.18
CT,X-98,586,489527,835.37
YL,D-10,38,31745,835.39
SL,99,5,4177,835.4
HI,H-03,311,260072,836.24
TH,E-31,95,79450,836.32
JG,F-03,322,269320,836.4
TE,B-02,300,250924,836.41
HN,D-04,583,487709,836.55
UM,F-06,2,1674,837
SK,J-04,22,18420,837.27
HZ,B-05,99,82893,837.3
UL,Others,172,144035,837.41
WQ,F-03,533,446573,837.85
CC,I-03,364,305022,837.97
TW,B-07,219,183537,838.07
PG,K-04,128,107277,838.1
FY,E-08,337,282445,838.12
NY,D-04,412,345368,838.27
RZ,G-05,771,646443,838.45
MO,F-03,23,19285,838.48
KF,D-05,783,656582,838.55
LD,G-11,415,348074,838.73
ET,X-98,689,577912,838.77
TE,B-01,541,454080,839.33
JI,E-05,354,297273,839.75
TW,G-09,779,654334,839.97
KZ,E8,1,840,840
MX,X-98,6,5040,840
JE,X-98,8,6723,840.38
JL,K-04,84,70593,840.39
ZU,D-06,171,143737,840.57
QX,F-05,31,26059,840.61
YM,X-98,37,31105,840.68
SD,2,4,3363,840.75
LQ,E-06,159,133698,840.87
MX,D-07,142,119416,840.96
BD,H-03,73,61402,841.12
YT,F-05,1432,1204493,841.13
CK,F-09,725,609868,841.2
HH,C-07,444,373498,841.21
KZ,G-03,87,73200,841.38
LT,99,2,1683,841.5
TI,C-04,201,169163,841.61
WG,C-03,200,168328,841.64
CA,F-04,729,613712,841.85
UH,H-07,136,114502,841.93
LQ,E-08,381,320793,841.98
CK,C-08,84,70750,842.26
JG,D-05,256,215628,842.3
CM,F-09,306,257818,842.54
JW,K-02,254,214026,842.62
LC,C-04,436,367451,842.78
SW,C-06,29,24456,843.31
KG,F-03,64,53974,843.34
TT,D-09,107,90237,843.34
DN,D-05,245,206635,843.41
HT,H-05,1038,875543,843.49
JA,C-03,83,70013,843.53
HZ,Others,1344,1134027,843.77
NL,E-03,673,567896,843.83
YK,D-06,14,11816,844
ML,F-09,99,83564,844.08
DT,F-04,597,504117,844.42
IL,B-06,7,5911,844.43
JB,K-03,157,132580,844.46
SS,J-08,698,589689,844.83
PV,E-03,88,74351,844.9
TC,H-01,2560,2163082,844.95
CT,G-05,1136,959953,845.03
RS,X-98,862,728533,845.17
DO,J-06,127,107375,845.47
MZ,D-01,13,10994,845.69
ML,L-05,181,153085,845.77
AP,B-08,4,3384,846
LC,D-05,230,194591,846.05
CC,I-02,495,418824,846.11
ST,C-06,316,267379,846.14
SQ,D-04,218,184476,846.22
CF,E-03,250,211566,846.26
KF,H-05,879,743921,846.33
SS,F-07,283,239616,846.7
FS,X-98,458,388128,847.44
PL,C-06,27,22883,847.52
SQ,F-06,123,104263,847.67
NA,M-09,266,225558,847.96
JB,M-04,296,250999,847.97
TB,C-06,723,613119,848.02
MS,D-08,133,112791,848.05
SP,2,4,3393,848.25
FS,D-09,536,454691,848.3
QH,X-98,358,303799,848.6
HU,G-05,121,102722,848.94
BD,I-07,15,12737,849.13
PK,H-07,761,646261,849.23
UC,C-03,216,183487,849.48
JD,H-03,375,318618,849.65
LI,B-04,856,727331,849.69
MJ,K-06,36,30599,849.97
FG,E-06,79,67161,850.14
TN,J-05,644,547582,850.28
ZS,D-06,153,130117,850.44
JC,D-08,8,6805,850.63
KD,C-03,222,188842,850.64
XT,C-04,155,131879,850.83
DJ,Others,236,200835,851
DT,H-08,328,279204,851.23
PG,E-06,195,165991,851.24
YM,A-02,187,159213,851.41
SA,G-09,336,286078,851.42
LJ,F-06,21,17882,851.52
PU,B-02,27,22992,851.56
ST,E-05,586,499111,851.73
BK,E-04,55,46853,851.87
UC,F-06,540,460014,851.88
PC,E-07,19,16186,851.89
SF,D-02,988,841667,851.89
MG,E-05,759,646650,851.98
DY,C-06,648,552266,852.26
WQ,X-99,18,15341,852.28
HS,F-10,236,201173,852.43
LY,G-08,70,59671,852.44
LG,B-04,189,161191,852.86
FD,2,4,3412,853
PL,C-05,72,61417,853.01
PK,I-08,72,61422,853.08
CA,F2,45,38401,853.36
YT,E-05,529,451473,853.45
JL,L-04,4,3415,853.75
YL,E-10,13,11099,853.77
PS,F-6,593,506526,854.18
LS,F-03,55,46981,854.2
HM,C-05,11,9400,854.55
PZ,D-03,53,45306,854.83
HJ,I-05,276,235945,854.87
SM,H-04,65,55577,855.03
ZK,G-06,195,166756,855.16
PL,B-07,82,70170,855.73
TP,C-03,61,52202,855.77
JD,G-04,253,216544,855.91
XT,C-02,74,63347,856.04
HM,H-04,103,88173,856.05
TZ,H-04,86,73635,856.22
DR,99,2,1713,856.5
SZ,E-05,324,277552,856.64
TO,D-05,3,2570,856.67
LZ,Others,103,88240,856.7
KD,C-04,361,309333,856.88
ST,F-07,949,813227,856.93
ML,M-01,10,8571,857.1
CR,D-07,603,516859,857.15
TC,H-02,72,61718,857.19
HM,E-08,21,18008,857.52
TT,D-05,47,40308,857.62
TD,F-02,255,218728,857.76
DX,D-09,985,845110,857.98
TT,D-13,5,4290,858
LM,H-04,1109,951803,858.25
UH,G-04,247,212024,858.4
SM,G-05,548,470502,858.58
JR,J-04,203,174303,858.64
UH,G-08,12,10305,858.75
SS,E-07,532,456854,858.75
LM,0,1,859,859
SS,I-06,1,859,859
MO,D-05,23,19767,859.43
TP,Others,23,19767,859.43
YD,X-98,336,288867,859.72
JD,Others,251,215803,859.77
LQ,99,1,860,860
JA,F-04,20,17200,860
TZ,G-04,302,259760,860.13
FS,E-08,309,265799,860.19
JC,C-06,88,75698,860.2
YL,H-06,118,101510,860.25
SU,Z-01,3,2581,860.33
YL,G-06,43,37006,860.6
GH,D-08,367,315898,860.76
HK,C-03,392,337501,860.97
YL,D-06,146,125749,861.29
YN,C-06,514,442719,861.32
ZY,7,2,1723,861.5
MA,B-06,344,296408,861.65
WJ,D-06,155,133572,861.75
KW,H-06,115,99126,861.97
WQ,F-07,162,139643,861.99
SU,K-08,2,1724,862
TH,G-05,307,264639,862.02
SW,I-05,43,37068,862.05
IL,B-04,99,85348,862.1
WL,C-06,144,124145,862.12
LC,99,4,3449,862.25
WZ,L-10,171,147444,862.25
KW,I-09,156,134521,862.31
BL,G-6,17,14662,862.47
FS,G-06,135,116443,862.54
NZ,F-08,366,315701,862.57
PM,E-09,6,5176,862.67
DY,H-08,1114,961245,862.88
PJ,H-08,281,242556,863.19
KC,E-05,291,251298,863.57
MD,2,1,864,864
WJ,F-05,19,16417,864.05
FS,H-06,334,288593,864.05
YW,C-03,1079,932656,864.37
PD,C-09,426,368241,864.42
LQ,G-09,104,89934,864.75
WT,L-10,134,115876,864.75
EG,X-98,17,14704,864.94
TS,D-04,3,2595,865
JC,B-06,146,126307,865.12
EH,C-03,96,83057,865.18
TA,B-01,605,523480,865.26
WQ,X-98,634,548588,865.28
YL,D-05,50,43275,865.5
CA,E-03,1668,1443729,865.54
MS,I-09,732,633587,865.56
DN,I-03,70,60608,865.83
ET,G-05,6,5199,866.5
DY,C-09,493,427251,866.63
CG,C-05,367,318105,866.77
JR,G-07,10,8669,866.9
PJ,99,4,3468,867
FY,H-06,141,122285,867.27
WF,E-09,1339,1161622,867.53
UH,D-03,496,430396,867.73
KW,E-09,2,1736,868
PC,F-08,11,9549,868.09
JI,D-06,353,306448,868.12
DL,K-04,27,23440,868.15
HD,C-06,491,426306,868.24
SK,J-07,128,111150,868.36
DR,L-04,291,252710,868.42
CF,C-05,86,74707,868.69
PS,F-07,1,869,869
YL,I-06,85,73876,869.13
PS,D-10,48,41720,869.17
TG,G-07,139,120817,869.19
XU,D-05,195,169519,869.33
TE,B-04,143,124326,869.41
UC,C-05,315,273971,869.75
YL,C-10,24,20878,869.92
JK,F-09,535,465521,870.13
TO,E-07,9,7833,870.33
WZ,M-08,73,63541,870.42
LD,X-98,842,733302,870.9
PU,X-99,4,3484,871
TW,E-09,385,335357,871.06
BT,C-02,37,32233,871.16
JS,H-01,594,517615,871.41
LC,C-03,404,352079,871.48
BD,Others,165,143814,871.6
DA,F-02,1561,1360789,871.74
MO,D-04,12,10462,871.83
TH,F-32,290,252941,872.21
LC,F-07,188,163987,872.27
LI,B-01,1043,909815,872.31
KD,Others,393,342878,872.46
FG,I-07,307,267873,872.55
FY,C-07,71,61964,872.73
YS,H-04,266,232189,872.89
EG,E-04,137,119591,872.93
LW,2,8,6985,873.13
TC,C-37,3,2620,873.33
XL,X-98,56,48921,873.59
HM,X-98,349,304910,873.67
KZ,C-05,30,26218,873.93
UC,F-05,160,139882,874.26
KZ,E-07,55,48085,874.27
CA,X-98,52,45463,874.29
MA,C-10,2,1749,874.5
WJ,Others,171,149581,874.74
GH,E-06,505,441804,874.86
EG,E-03,80,70001,875.01
YS,E-07,317,277492,875.37
WL,I-03,270,236376,875.47
AK,K-07,109,95495,876.1
PM,Others,257,225224,876.36
NS,Others,415,363715,876.42
MZ,H-03,205,179781,876.98
PU,C-02,1,877,877
SP,I-05,290,254367,877.13
SQ,G-03,116,101757,877.22
WZ,G-06,395,346578,877.41
JL,J-04,256,224661,877.58
PW,F-02,17,14920,877.65
FD,99,4,3511,877.75
FH,E-07,440,386282,877.91
SS,I-08,334,293365,878.34
TO,F-03,54,47435,878.43
HD,E-02,420,369025,878.63
TT,E-07,85,74686,878.66
YT,D-05,1069,939435,878.8
SL,B-04,137,120488,879.47
JE,D-04,86,75651,879.66
SN,X-98,25,21999,879.96
UC,J-05,609,536026,880.17
TA,D-01,1139,1002652,880.29
HX,E-09,110,96845,880.41
SP,G-04,910,801552,880.83
XT,E-04,19,16737,880.89
HK,G-06,12,10571,880.92
SD,D-06,336,295990,880.92
HM,I-08,37,32605,881.22
TG,H-08,40,35249,881.23
JL,F-05,4,3525,881.25
NA,G-06,267,235325,881.37
XW,L-06,23,20273,881.43
NS,E-04,97,85502,881.46
PW,L-04,2,1764,882
TT,D-11,38,33541,882.66
MT,X-99,3,2648,882.67
HH,G-06,148,130660,882.84
KF,E-07,2348,2073097,882.92
ZS,99,1,883,883
CX,C-03,943,832740,883.08
HX,E-10,168,148391,883.28
NA,X-98,287,253505,883.29
JD,H-05,40,35344,883.6
TL,E-06,246,217365,883.6
MY,X-98,7,6186,883.71
WQ,C-07,113,99930,884.34
NN,E-03,129,114199,885.26
XW,J-05,19,16824,885.47
HL,G-04,1041,922126,885.81
JG,E-07,44,38987,886.07
LD,F-09,237,210038,886.24
SM,X-98,17,15068,886.35
CP,B-05,747,662281,886.59
YW,D-02,1047,928271,886.6
CF,C-08,287,254497,886.75
SK,D-05,103,91354,886.93
MY,F-05,25,22179,887.16
CT,X-99,45,39936,887.47
TE,C-04,278,246893,888.1
FG,I-05,185,164343,888.34
RJ,H-05,96,85288,888.42
AN,D-06,1,889,889
DL,D-04,387,344186,889.37
NC,K-07,478,425175,889.49
LZ,F-03,247,219717,889.54
KZ,G-04,43,38261,889.79
HH,C-05,1438,1280278,890.32
SP,C-03,209,186118,890.52
DU,C-03,49,43638,890.57
LQ,X-98,63,56122,890.83
SA,F-11,41,36535,891.1
AP,H-06,178,158649,891.29
CU,I-03,410,365509,891.49
UG,I-05,2,1784,892
QH,J-06,182,162412,892.37
TK,D-03,279,249166,893.07
JG,E-02,24,21436,893.17
UC,E-06,138,123267,893.24
PZ,C-05,272,242961,893.24
HN,D-08,179,159959,893.63
DJ,B-11,115,102771,893.66
YG,E-03,154,137671,893.97
ZK,E-07,7,6262,894.57
NN,C-03,215,192417,894.96
SS,G-07,546,488828,895.29
WF,Others,312,279425,895.59
CL,C-03,860,770401,895.82
HU,F-06,16,14334,895.88
TD,F-03,536,480319,896.12
TW,X-98,163,146087,896.24
HS,X-98,232,208033,896.69
TU,C-03,331,296825,896.75
PM,E-06,199,178483,896.9
TZ,E-03,123,110324,896.94
NJ,G-03,615,551705,897.08
JC,D-04,121,108579,897.35
KZ,E9,3,2694,898
ET,E-04,198,177805,898.01
SQ,E-04,12,10778,898.17
BD,I-05,39,35030,898.21
AN,D-02,1459,1310521,898.23
YW,G-05,5,4492,898.4
TD,B-03,393,353085,898.44
ZS,H-05,135,121295,898.48
SU,X-98,603,541798,898.5
PH,E-03,661,593946,898.56
RZ,J-08,67,60211,898.67
TL,C-04,141,126712,898.67
DY,C-07,458,411659,898.82
KZ,E-08,127,114169,898.97
GM,X-98,1,899,899
CM,G-07,392,352423,899.04
WF,H-07,189,170111,900.06
TT,C-05,86,77448,900.56
NZ,D-07,586,527906,900.86
TY,F-03,255,229796,901.16
SU,D-04,632,569820,901.61
LZ,H-07,3,2705,901.67
DO,C-03,84,75740,901.67
CK,C-07,307,276969,902.18
GS,B-05,10,9025,902.5
TG,Others,153,138083,902.5
BL,E-6,19,17154,902.84
JR,F-04,1985,1792859,903.2
EG,C-03,38,34326,903.32
PC,E-03,352,318214,904.02
TW,D-06,183,165480,904.26
LZ,G-05,44,39788,904.27
OL,D-05,26,23512,904.31
SD,A-04,161,145686,904.88
PG,Others,161,145728,905.14
RJ,X-98,52,47072,905.23
JN,D-01,109,98713,905.62
QX,E-04,205,185675,905.73
MD,G-05,387,350519,905.73
JK,7,4,3623,905.75
TT,E-06,53,48011,905.87
LD,F-07,21,19026,906
DO,F-06,433,392332,906.08
JW,99,3,2719,906.33
KT,D-04,1262,1144222,906.67
TC,F-03,253,229452,906.92
LY,Others,216,195926,907.06
DL,D-05,105,95339,907.99
HU,I-04,69,62652,908
FY,F-06,117,106237,908.01
NA,I-05,113,102660,908.5
JC,E-05,52,47244,908.54
KC,D-03,799,726121,908.79
MA,G-05,371,337166,908.8
LD,B-01,41,37270,909.02
DT,H-05,312,283704,909.31
HJ,J-03,240,218364,909.85
CU,J-03,229,208369,909.91
UG,F-03,572,520770,910.44
JC,X-98,91,82881,910.78
TH,99,6,5465,910.83
KZ,D-08,1254,1143252,911.68
TY,C-03,433,394789,911.75
YL,F-09,177,161525,912.57
FH,E-06,437,398831,912.66
MZ,C-01,101,92185,912.72
TB,F-06,237,216328,912.78
YL,F-08,66,60247,912.83
RZ,F-05,73,66671,913.3
FS,C-06,273,249479,913.84
BL,C-5,122,111495,913.89
TS,E-04,184,168181,914.03
QX,F-03,11,10055,914.09
BT,F-06,333,304876,915.54
KZ,99,7,6409,915.57
YK,H-02,205,187693,915.58
TZ,X-98,84,76913,915.63
MY,E-04,14,12819,915.64
TE,B-03,161,147458,915.89
TD,F-01,296,271152,916.05
TN,H-05,636,582662,916.14
PC,F-04,22,20162,916.45
HN,Others,184,168694,916.82
SW,I-09,30,27507,916.9
CT,H-06,932,854992,917.37
CA,D-04,1336,1225816,917.53
NC,K-05,211,193637,917.71
MY,G-07,43,39469,917.88
TA,B-02,575,527851,918
TI,C-06,27,24788,918.07
HK,X-99,14,12854,918.14
JB,M-02,36,33055,918.19
XL,E-03,35,32160,918.86
UC,X-98,66,60692,919.58
SS,F-08,403,370608,919.62
SL,F-08,160,147146,919.66
JE,C-04,25,22994,919.76
TY,E-03,1159,1066073,919.82
HF,H-09,218,200556,919.98
SA,I-09,186,171177,920.31
SK,F-03,227,209028,920.83
ST,E-03,401,369372,921.13
LJ,D-06,60,55281,921.35
CC,99,2,1843,921.5
TS,E-08,2,1843,921.5
JD,X-99,2,1844,922
LC,E-06,359,331149,922.42
MA,C-09,562,518671,922.9
PM,99,2,1847,923.5
FS,H-09,29,26783,923.55
MY,H-04,31,28633,923.65
PM,X-99,26,24021,923.88
PN,F-04,20,18478,923.9
TC,E-20,1,924,924
DM,D-06,118,109082,924.42
HM,C-07,13,12022,924.77
FS,F-07,243,224778,925.01
UH,E-06,268,248005,925.39
JI,F-05,637,589817,925.93
SD,B-03,437,404648,925.97
KW,H-05,239,221440,926.53
PS,I-12,74,68608,927.14
YW,C-04,678,629171,927.98
MZ,E-03,21,19491,928.14
DY,G-07,322,298882,928.2
GS,J-03,643,596863,928.25
YW,D-05,290,269256,928.47
PW,H-03,11,10217,928.82
DM,99,2,1858,929
YP,E-06,56,52027,929.05
JU,E-88,36,33456,929.33
KD,D-02,365,339234,929.41
JK,99,2,1859,929.5
LY,D-04,24,22311,929.63
YH,E-07,150,139451,929.67
PC,C-04,1585,1473750,929.81
PC,I-07,10,9300,930
PZ,D-06,13,12090,930
PC,H-05,6,5581,930.17
RL,D-03,10,9302,930.2
LM,H-06,552,513647,930.52
TF,K-03,13,12097,930.54
ZY,E-07,327,304417,930.94
SS,X-98,150,139684,931.23
CZ,D-08,76,70776,931.26
DX,Others,852,793586,931.44
MJ,E-01,2807,2614929,931.57
TU,D-03,383,356867,931.77
JB,J-05,371,345761,931.97
TT,Others,489,456032,932.58
PL,E-06,57,53160,932.63
PJ,F-04,265,247194,932.81
LS,G-04,19,17730,933.16
LQ,J-05,82,76525,933.23
RM,Others,15,14004,933.6
MT,D-06,2,1868,934
PU,E-02,3,2808,936
LM,X-98,646,604680,936.04
MD,E-03,128,119816,936.06
DR,L-03,223,208741,936.06
SS,I-07,210,196587,936.13
NQ,F-07,408,382055,936.41
JC,D-09,2,1873,936.5
EH,C-04,49,45901,936.76
TU,D-02,149,139628,937.1
YW,E-06,137,128400,937.23
LD,I-10,81,75932,937.43
QH,99,1,938,938
SA,H-08,188,176393,938.26
TC,E-04,473,443940,938.56
SC,G-03,21,19713,938.71
FY,H-07,179,168051,938.83
TG,G-06,431,404689,938.95
NL,X-98,23,21600,939.13
DS,X-99,278,261144,939.37
SD,E-04,82,77034,939.44
HD,C-03,761,714986,939.53
HI,G-06,162,152219,939.62
UG,99,6,5640,940
JE,X-99,7,6581,940.14
DL,C-03,59,55472,940.2
MQ,2,2,1882,941
TC,E-39,13,12234,941.08
DC,99,1,942,942
KS,F-10,130,122489,942.22
PL,E-08,51,48055,942.25
PM,E-05,106,99897,942.42
JN,X-98,671,632403,942.48
UC,G-07,275,259375,943.18
LD,D-02,13,12266,943.54
TO,E-03,22,20762,943.73
JA,E-05,672,634797,944.64
HD,C-02,100,94499,944.99
CA,D3,31,29299,945.13
HM,C-03,128,121004,945.34
SQ,C-07,166,156932,945.37
PZ,G-04,246,232562,945.37
CX,99,2,1892,946
BD,E-03,50,47302,946.04
SA,E-09,55,52037,946.13
LJ,E-06,52,49213,946.4
BD,G-02,89,84232,946.43
ZS,H-06,321,303814,946.46
BD,E-05,256,242356,946.7
PJ,C-09,1192,1129458,947.53
DN,99,7,6635,947.86
XT,C-05,27,25607,948.41
CU,99,6,5693,948.83
TI,I-01,915,868659,949.35
TG,D-04,19,18043,949.63
SU,G-09,2,1900,950
CF,E-07,997,947314,950.16
DY,J-05,2,1902,951
LQ,E-09,102,97028,951.25
RJ,I-04,439,417667,951.41
SM,F-08,643,611765,951.42
DT,99,2,1904,952
SL,C-09,101,96168,952.16
KI,C-02,186,177244,952.92
TH,F-61,42,40027,953.02
LM,H-09,15,14299,953.27
XS,X-98,10,9535,953.5
NC,J-04,683,651345,953.65
HF,C-05,3,2861,953.67
LS,F-08,23,21940,953.91
CM,C-07,2,1909,954.5
NY,F-03,12,11458,954.83
CF,C-06,419,400115,954.93
SL,H-01,1110,1060474,955.38
FG,I-03,15,14333,955.53
PV,Others,231,220730,955.54
DZ,C-03,307,293390,955.67
HU,X-99,40,38232,955.8
HN,D-03,360,344107,955.85
JP,C-03,531,507659,956.04
FA,E-04,102,97528,956.16
UH,G-03,347,331847,956.33
FS,E-09,21,20089,956.62
TN,E-06,191,182754,956.83
YK,E-06,118,113014,957.75
TT,C-14,98,93872,957.88
LH,Others,258,247248,958.33
KZ,D-05,26,24929,958.81
UM,C-02,143,137238,959.71
LY,X-98,78,74865,959.81
CU,I-02,568,545381,960.18
CX,D-06,444,426464,960.5
EG,D-03,11,10577,961.55
KF,C-07,708,681201,962.15
KZ,C-03,3,2887,962.33
OL,H-06,157,151098,962.41
JN,E-03,179,172374,962.98
BK,F-05,9,8669,963.22
TT,F-13,2,1927,963.5
TR,F-01,62,59741,963.56
TT,D-08,74,71322,963.81
HL,C-03,15,14459,963.93
DJ,99,4,3856,964
JI,D-07,167,160991,964.02
PM,E-08,8,7713,964.13
DM,X-98,209,201581,964.5
LQ,F-07,303,292322,964.76
SN,I-08,388,374371,964.87
ZK,X-98,1053,1016777,965.6
UM,D-01,64,61832,966.13
YL,D-11,37,35752,966.27
NC,F-11,16,15466,966.63
TH,E-33,21,20313,967.29
SL,L-04,25,24186,967.44
JS,F-03,515,498325,967.62
TL,X-99,8,7746,968.25
JU,F-04,63,61009,968.4
CA,F-03,1534,1486139,968.8
KZ,D-03,5,4846,969.2
LD,E-09,138,133797,969.54
KS,G-10,65,63044,969.91
PL,F-06,25,24248,969.92
LY,C-03,11,10674,970.36
TP,F-03,57,55315,970.44
CM,X-99,5,4854,970.8
DU,Others,186,180575,970.83
CZ,F-07,299,290689,972.2
GM,F-08,949,922833,972.43
UH,H-09,82,79741,972.45
TG,H-06,103,100248,973.28
MA,D-09,488,474992,973.34
TH,F-66,33,32127,973.55
TC,L-17,1,974,974
SF,X-98,1991,1939588,974.18
HU,H-03,41,39988,975.32
SQ,G-05,58,56570,975.34
TZ,F-03,171,166881,975.91
JN,99,1,976,976
NN,C-04,34,33200,976.47
MA,G-08,575,561515,976.55
ST,D-06,867,846800,976.7
MY,Others,91,88901,976.93
TL,D-08,438,428067,977.32
CP,D-06,153,149568,977.57
CA,D-03,724,707813,977.64
NL,H-07,4,3911,977.75
JE,F-06,25,24444,977.76
KS,G-05,35,34234,978.11
PN,E-07,269,263117,978.13
WF,I-07,38,37183,978.5
SA,I-05,139,136081,979
FH,C-05,182,178193,979.08
TA,A-01,1474,1443743,979.47
HS,E-09,194,190038,979.58
HG,X-98,163,159821,980.5
LM,G-05,818,802752,981.36
YL,G-11,26,25522,981.62
PK,H-05,398,390694,981.64
FS,G-07,98,96283,982.48
MX,B-05,51,50115,982.65
TG,H-07,93,91397,982.76
FS,D-06,374,367613,982.92
CT,F-01,1,983,983
TY,C-06,2,1966,983
MT,G-03,277,272299,983.03
PL,B-02,53,52108,983.17
TF,G-09,440,432613,983.21
AE,F-05,55,54090,983.45
YL,F-07,35,34423,983.51
HT,H-09,9,8853,983.67
SH,F-01,324,318846,984.09
YL,C-07,162,159432,984.15
NC,G-12,3,2953,984.33
UH,G-07,218,214586,984.34
PJ,E-13,7,6895,985
YS,H-05,362,356589,985.05
SS,D-05,697,686651,985.15
SP,H-04,263,259145,985.34
UC,D-08,347,341987,985.55
PU,X-98,50,49289,985.78
TB,E-07,271,267204,985.99
PT,99,1,987,987
HM,G-07,57,56283,987.42
HT,99,4,3950,987.5
MX,D-03,114,112587,987.61
FG,I-04,91,89874,987.63
MA,C-07,441,435867,988.36
SA,Others,505,499288,988.69
DD,F-03,5,4945,989
MT,X-98,770,761540,989.01
LQ,Others,101,99920,989.31
TT,C-15,19,18805,989.74
TL,X-98,119,117798,989.9
LJ,E-07,555,549647,990.35
XU,D-03,95,94117,990.71
KZ,E-09,86,85227,991.01
LT,F-04,6,5949,991.5
LC,C-05,700,694176,991.68
JN,E-01,177,175615,992.18
LZ,E-04,143,141928,992.5
MG,E-07,973,967317,994.16
TW,F-07,216,214777,994.34
MY,X-99,17,16906,994.47
ML,C-06,173,172074,994.65
WF,E-05,189,187993,994.67
JG,G-04,93,92538,995.03
PG,G-05,5,4980,996
PK,E-06,268,267145,996.81
FD,C-01,830,827410,996.88
NL,G-05,943,940282,997.12
HH,F-06,796,793760,997.19
HK,E-09,484,482865,997.65
PK,E-07,529,528270,998.62
TL,5,1,999,999
NC,G-09,1,999,999
HH,J-05,1,999,999
KC,I-10,49,48961,999.2
SF,E-04,306,305900,999.67
TL,D-07,31,30990,999.68
TN,E-08,224,223990,999.96
PS,E-8,403,403141,1000.35
ST,D-05,951,951901,1000.95
HF,I-09,174,174190,1001.09
HF,D-09,93,93195,1002.1
SQ,C-03,76,76187,1002.46
HX,Others,123,123416,1003.38
SN,H-11,243,243943,1003.88
HL,F-05,207,207923,1004.46
MY,G-06,28,28131,1004.68
WT,H-07,238,239230,1005.17
KS,G-08,274,275500,1005.47
CF,C-04,149,149905,1006.07
SF,E-03,55,55340,1006.18
KD,C-06,229,230498,1006.54
KD,E-04,1558,1568377,1006.66
AP,I-04,18,18120,1006.67
FA,X-99,143,144004,1007.02
YW,E-03,702,707601,1007.98
DS,A-01,436,439541,1008.12
TG,D-05,19,19164,1008.63
MD,C-20,1,1009,1009
LC,C-06,696,702556,1009.42
MG,99,5,5049,1009.8
CU,I-04,58,58638,1011
EG,X-99,63,63712,1011.3
JB,E-03,5,5060,1012
LQ,F-10,80,80969,1012.11
PZ,E-03,55,55667,1012.13
TC,D-01,115,116438,1012.5
YM,C-02,149,150905,1012.79
HI,X-98,166,168150,1012.95
TH,H-52,3,3040,1013.33
SU,C-03,1,1014,1014
CK,B-10,4,4057,1014.25
ML,H-03,91,92341,1014.74
HK,99,3,3047,1015.67
NC,X-98,137,139209,1016.12
TS,D-05,3,3049,1016.33
HN,C-03,195,198218,1016.5
MO,Others,363,369125,1016.87
PG,C-03,427,434211,1016.89
KZ,D-04,54,54929,1017.2
LJ,G-03,24,24435,1018.13
CA,E-02,881,897518,1018.75
KI,Others,136,138574,1018.93
CT,K-05,7,7135,1019.29
SL,C-08,521,531413,1019.99
PT,A-01,19,19382,1020.11
HR,Others,503,513266,1020.41
KZ,F-04,38,38800,1021.05
IL,X-99,23,23494,1021.48
MS,C-05,368,375981,1021.69
TH,F-41,23,23510,1022.17
UG,I-04,439,448790,1022.3
TC,G-02,282,288331,1022.45
PL,D-05,27,27609,1022.56
CL,2,5,5113,1022.6
CZ,C-07,246,251709,1023.21
DC,D-03,1,1024,1024
OL,F-08,72,73750,1024.31
FG,I-06,373,382253,1024.81
LD,G-08,377,386394,1024.92
NQ,I-07,538,552478,1026.91
DR,J-03,96,98612,1027.21
TG,99,3,3083,1027.67
PK,I-05,491,505102,1028.72
DO,99,4,4115,1028.75
MA,C-04,860,884776,1028.81
YN,2,3,3087,1029
FY,I-05,142,146173,1029.39
PE,C-03,154,158615,1029.97
DA,D-01,793,816796,1030.01
WL,I-04,251,258842,1031.24
WG,C-12,558,575532,1031.42
LH,X-98,11,11347,1031.55
TG,D-08,43,44371,1031.88
JR,F-05,1246,1285722,1031.88
CR,E-07,1499,1548928,1033.31
TD,B-02,588,607788,1033.65
DD,X-98,2238,2314103,1034
HK,F-10,45,46533,1034.07
HD,C-05,842,871995,1035.62
GS,L-08,494,511647,1035.72
CA,F-02,1301,1347470,1035.72
ST,F-08,670,693956,1035.76
CF,99,6,6216,1036
DA,C-01,748,775678,1037
EG,D-05,74,76787,1037.66
FW,I5,1,1038,1038
CJ,F-02,369,383034,1038.03
FS,Others,254,263713,1038.24
CF,X-98,214,222210,1038.36
HR,X-98,46,47777,1038.63
PU,E-04,27,28046,1038.74
TH,D-62,1,1039,1039
NC,X-01,1,1039,1039
TA,G-06,2,2078,1039
BL,F-05,3,3117,1039
NL,C-06,17,17678,1039.88
JL,L-06,1230,1279397,1040.16
SL,A-03,1124,1169346,1040.34
HI,I-04,180,187391,1041.06
LQ,I-03,202,210308,1041.13
PZ,E-06,25,26038,1041.52
JB,J-02,793,826636,1042.42
NZ,E-09,67,69860,1042.69
UH,C-08,385,401627,1043.19
PS,I-11,66,68853,1043.23
LW,I-04,4,4173,1043.25
UM,B-04,1,1044,1044
SU,K-07,1,1044,1044
TA,F-05,2,2088,1044
PG,99,5,5220,1044
CF,D-04,184,192194,1044.53
TT,E-13,33,34475,1044.7
KZ,D-09,124,129556,1044.81
OL,G-03,52,54336,1044.92
YH,99,2,2090,1045
TA,D-03,115,120175,1045
KF,J-05,784,819700,1045.54
DS,D-02,5,5231,1046.2
TG,G-03,145,151714,1046.3
HF,G-10,153,160160,1046.8
NQ,F-08,56,58624,1046.86
DR,E-04,13,13611,1047
SH,C-01,133,139306,1047.41
MY,G-03,448,469406,1047.78
JD,C-03,786,823687,1047.95
HL,2,1,1048,1048
OL,C-05,39,40879,1048.18
TB,99,4,4194,1048.5
LD,H-03,300,314608,1048.69
MX,B-06,43,45101,1048.86
NJ,H-06,48,50354,1049.04
SS,F-06,574,602291,1049.29
HK,B-03,27,28338,1049.56
XW,K-06,3,3151,1050.33
JB,I-01,210,220664,1050.78
NS,D-05,518,544548,1051.25
JC,C-07,37,38898,1051.3
HG,F-99,3,3155,1051.67
IC,Others,109,114637,1051.72
CP,E-05,55,57872,1052.22
CM,D-09,101,106283,1052.31
JB,A-02,6,6314,1052.33
PW,2,9,9474,1052.67
LC,F-05,2226,2344043,1053.03
SL,C-06,31,32694,1054.65
UH,D-08,271,285891,1054.95
PL,A-01,14,14773,1055.21
DX,E-10,221,233680,1057.38
PK,F-05,94,99448,1057.96
TG,E-04,2,2117,1058.5
YW,F-04,1030,1090404,1058.64
YK,99,3,3176,1058.67
YL,E-07,129,136608,1058.98
TG,G-04,21,22250,1059.52
HM,J-06,131,138866,1060.05
TH,E-42,153,162212,1060.21
JB,I-02,2,2121,1060.5
YT,X-98,43,45604,1060.56
CR,C-09,1322,1402539,1060.92
FH,G-03,2,2122,1061
HS,2,8,8489,1061.13
PL,X-98,10,10615,1061.5
DY,99,3,3189,1063
CU,G-02,506,538116,1063.47
JI,E-06,59,62773,1063.95
SP,G-09,147,156429,1064.14
ZU,Others,80,85174,1064.68
HZ,D-04,144,153456,1065.67
ML,Others,625,666976,1067.16
TA,D-02,1240,1323409,1067.27
TG,E-05,66,70442,1067.3
PT,E-05,200,213471,1067.36
LM,F-04,1122,1197680,1067.45
YP,G-06,52,55548,1068.23
KS,E-09,371,397147,1070.48
TD,99,3,3213,1071
HR,J-09,50,53632,1072.64
TC,C-11,1,1074,1074
UM,H-09,1,1074,1074
FD,B-01,389,418137,1074.9
KS,D-03,4,4300,1075
JB,I-03,121,130095,1075.17
MA,D-11,150,161381,1075.87
NA,K-04,1150,1237444,1076.04
KG,E-03,975,1049717,1076.63
ZU,F-04,7,7545,1077.86
JI,99,1,1078,1078
SU,2,7,7547,1078.14
TI,C-11,110,118772,1079.75
TH,E-04,752,812838,1080.9
CF,I-03,82,88686,1081.54
WJ,F-03,25,27108,1084.32
RS,99,5,5422,1084.4
JB,I-05,141,152933,1084.63
XH,Others,91,98795,1085.66
HG,E-03,93,100981,1085.82
KF,D-07,893,970184,1086.43
MQ,E-03,498,541220,1086.79
KD,E-03,250,271870,1087.48
PU,F-04,393,427707,1088.31
TW,Others,223,243175,1090.47
HG,Others,252,274853,1090.69
HK,Others,277,302205,1090.99
TH,F-35,74,80787,1091.72
YW,I-03,4,4368,1092
CA,D-02,358,390992,1092.16
UG,I-03,122,133389,1093.35
TH,E-05,1137,1243583,1093.74
OL,G-05,248,271355,1094.17
GH,99,2,2191,1095.5
NQ,K-06,424,464761,1096.13
BL,X-98,76,83340,1096.58
DA,I-01,217,238074,1097.12
MT,99,3,3292,1097.33
TI,C-05,80,87870,1098.38
NA,E-04,1875,2059952,1098.64
NA,B-05,1,1099,1099
DK,X-98,166,182516,1099.49
BT,99,3,3301,1100.33
TY,F-04,665,731922,1100.63
KW,F-03,41,45177,1101.88
ET,D-05,86,94843,1102.83
KD,D-03,1585,1748419,1103.1
MG,D-02,258,284706,1103.51
WF,J-07,79,87208,1103.9
TB,D-06,246,271903,1105.3
FA,E-06,26,28739,1105.35
MX,D-08,91,100626,1105.78
TC,C-36,10,11067,1106.7
HI,Others,533,590315,1107.53
PU,Others,255,282511,1107.89
TP,D-05,67,74249,1108.19
SW,X-99,10,11085,1108.5
PH,F-01,479,531371,1109.33
NA,L-12,16,17771,1110.69
MY,G-04,78,86661,1111.04
SC,99,4,4446,1111.5
TT,E-10,133,147923,1112.2
NN,99,2,2226,1113
CF,D-03,334,371820,1113.23
MA,X-98,56,62364,1113.64
YW,G-07,3,3342,1114
GS,4,4,4456,1114
EG,Others,549,612750,1116.12
SS,D-07,333,372022,1117.18
XH,C-05,19,21232,1117.47
DD,G-07,402,449639,1118.5
WZ,Others,454,507992,1118.93
SZ,99,6,6718,1119.67
CT,L-03,1,1120,1120
PT,C-06,176,197300,1121.02
NC,J-05,386,432930,1121.58
UH,F-07,301,337750,1122.09
HT,J-05,6,6737,1122.83
UC,B-06,763,856752,1122.87
HK,C-14,29,32582,1123.52
KD,B-03,307,345115,1124.15
MH,D-05,1160,1304101,1124.22
HD,C-04,506,569329,1125.16
UC,G05,3,3380,1126.67
FW,99,4,4509,1127.25
JN,X-99,168,189532,1128.17
CZ,G-07,165,186181,1128.37
FG,99,3,3386,1128.67
RM,L-08,24,27114,1129.75
TZ,H-08,376,425881,1132.66
HD,2,1,1133,1133
LQ,J-03,106,120371,1135.58
TG,H-05,9,10229,1136.56
IC,B-02,38,43214,1137.21
PW,K-04,1,1139,1139
MX,C-04,169,192579,1139.52
PU,G-04,19,21670,1140.53
DL,G-03,112,127773,1140.83
HS,F-08,133,151846,1141.7
AK,H-06,11,12561,1141.91
TF,E-04,1,1142,1142
SD,B-04,45,51468,1143.73
OL,99,1,1144,1144
RL,99,2,2289,1144.5
CK,G-08,494,565448,1144.63
IC,D-02,8,9163,1145.38
DX,X-99,57,65305,1145.7
HD,B-02,842,964969,1146.04
SH,D-03,303,347346,1146.36
TZ,F-05,215,246529,1146.65
WJ,E-08,11,12625,1147.73
SK,H-03,104,119403,1148.11
LQ,H-08,82,94168,1148.39
HH,H-04,385,442223,1148.63
TA,F-10,1,1149,1149
MS,B-05,199,228668,1149.09
KI,E-03,36,41406,1150.17
SW,D-03,17,19555,1150.29
YW,F-03,1323,1526526,1153.84
YK,6,1,1154,1154
LD,J-08,110,127120,1155.64
YL,H-10,81,93800,1158.02
DC,C-02,45,52330,1162.89
YD,H-09,53,61679,1163.75
PC,2,2,2331,1165.5
TC,E-40,2,2333,1166.5
HK,F-12,58,67694,1167.14
TD,E-06,18,21035,1168.61
TC,C-26,1,1170,1170
LY,F-03,11,12878,1170.73
NQ,H-05,6,7031,1171.83
SH,D-04,86,100826,1172.4
TC,E-33,2,2348,1174
TH,H-51,121,142307,1176.09
JB,D-01,10,11761,1176.1
WF,D-06,16,18821,1176.31
RJ,I-06,31,36474,1176.58
TW,F-08,390,459123,1177.24
NC,H-02,306,361078,1179.99
MO,X-98,34,40136,1180.47
NC,I-03,273,322316,1180.64
UG,C-04,8,9450,1181.25
LU,E-05,43,50857,1182.72
BK,X-99,59,69870,1184.24
NA,I-07,456,540625,1185.58
DS,L-01,3,3558,1186
BK,C-05,4,4745,1186.25
HI,E-05,82,97378,1187.54
IL,B-03,5,5940,1188
KS,H-08,13,15451,1188.54
LJ,Others,324,385163,1188.77
HK,D-09,13,15482,1190.92
JL,I-04,300,357943,1193.14
TK,99,8,9547,1193.38
MG,D-03,182,217256,1193.71
YL,Others,299,357048,1194.14
FH,X-01,679,810883,1194.23
EG,D-06,253,302298,1194.85
WJ,99,1,1196,1196
GS,D-06,1,1196,1196
WL,99,3,3589,1196.33
JH,99,1,1201,1201
YS,H-09,45,54050,1201.11
PL,X-99,32,38441,1201.28
MG,C-04,211,253573,1201.77
NL,C-04,195,234532,1202.73
HM,Others,255,306815,1203.2
NC,H-01,366,440920,1204.7
CG,I-04,3,3615,1205
BL,X-99,37,44599,1205.38
KF,J-07,477,575225,1205.92
NN,Others,369,445885,1208.36
TB,E-08,153,184953,1208.84
MS,B-03,285,345158,1211.08
NQ,I-06,253,306412,1211.11
AP,I-03,4,4848,1212
XL,F-06,54,65469,1212.39
CA,C2,25,30318,1212.72
ST,X-98,53,64290,1213.02
NL,E-01,173,210006,1213.91
TF,D-07,1,1214,1214
YW,F-08,13,15782,1214
UC,F-07,291,354077,1216.76
CR,E-06,18,21904,1216.89
DS,C-06,227,276486,1218
IL,G-99,7,8533,1219
TU,X-99,4,4882,1220.5
NL,D-04,313,382330,1221.5
MH,D-04,295,360428,1221.79
HK,C-06,25,30549,1221.96
YW,I-06,1,1224,1224
CU,G-03,150,183611,1224.07
EG,F-03,8,9808,1226
KT,C-10,3,3680,1226.67
TO,Others,187,229527,1227.42
KS,Others,306,376044,1228.9
KZ,E3,1,1229,1229
HU,Others,238,292502,1229
HF,J-09,35,43053,1230.09
SF,X-99,422,519139,1230.19
MZ,D-02,69,84901,1230.45
KC,99,2,2461,1230.5
CU,2,10,12316,1231.6
PU,G-03,4,4927,1231.75
NA,J-10,346,426293,1232.06
XL,Others,106,130770,1233.68
WZ,I-09,15,18525,1235
NL,3,1,1236,1236
SL,G-03,211,261007,1237
DD,F-07,29,35893,1237.69
DA,H-02,692,856657,1237.94
MG,C-03,321,397433,1238.11
LJ,G-05,27,33442,1238.59
DS,C-02,8,9910,1238.75
DN,G-05,17,21062,1238.94
JB,X-99,55,68221,1240.38
KZ,Others,409,507363,1240.5
DR,J-04,298,370217,1242.34
DO,C-05,166,206487,1243.9
JU,99,1,1244,1244
XW,N-06,11,13704,1245.82
CF,C-03,400,498371,1245.93
LY,X-99,42,52346,1246.33
HJ,K-06,27,33717,1248.78
MG,F-04,110,137737,1252.15
HR,H-06,117,146594,1252.94
NC,H-04,1,1253,1253
TR,99,4,5013,1253.25
ET,D-04,376,472822,1257.51
PW,F-04,156,196199,1257.69
PK,H-06,917,1153608,1258.02
CT,J-06,2,2519,1259.5
KF,X-98,207,261055,1261.14
TH,F-64,18,22729,1262.72
NL,C-03,226,285469,1263.14
FG,J-03,1,1264,1264
TH,F-65,24,30366,1265.25
HK,E-14,83,105258,1268.17
BK,Others,181,229642,1268.74
UH,H-08,5,6356,1271.2
WZ,K-07,198,252713,1276.33
DO,E-07,25,31951,1278.04
SK,Others,366,467955,1278.57
CL,H-05,517,661254,1279.02
PT,B-08,139,177800,1279.14
XU,Others,41,52450,1279.27
TH,F-34,14,17910,1279.29
LI,C-04,14,17915,1279.64
PE,99,2,2560,1280
SQ,D-05,39,49938,1280.46
BD,I-06,72,92194,1280.47
NS,D-06,38,48709,1281.82
MG,C-02,711,912818,1283.85
PJ,E-12,227,291669,1284.89
ZK,G-03,24,30843,1285.13
MQ,G-03,424,545232,1285.92
MS,X-98,14,18008,1286.29
LW,K-02,1,1287,1287
IL,Others,345,444168,1287.44
DJ,C-09,366,471275,1287.64
YN,99,2,2576,1288
HX,X-99,82,105645,1288.35
DY,F-07,376,485195,1290.41
HZ,F-05,4,5162,1290.5
LZ,X-99,56,72275,1290.63
DU,A-03,294,379749,1291.66
KS,E-07,1,1294,1294
TI,2,4,5176,1294
JB,L-03,34,44104,1297.18
HJ,G-05,103,133771,1298.75
UH,99,7,9093,1299
CZ,D-09,35,45476,1299.31
WQ,G-05,189,245767,1300.35
DJ,E-08,207,269276,1300.85
HJ,F-05,256,333293,1301.93
LQ,C-05,662,863663,1304.63
TC,E-28,1,1310,1310
MG,X-98,17,22295,1311.47
MO,C-06,52,68221,1311.94
UL,X-98,3,3937,1312.33
CU,J-02,339,446038,1315.75
JC,Others,169,222456,1316.31
YD,C-04,15,19761,1317.4
NC,J-03,1370,1811865,1322.53
XW,Others,157,207985,1324.75
FY,99,1,1327,1327
TH,E-03,174,230954,1327.32
TC,X-99,1,1335,1335
ML,37,1,1338,1338
LD,Others,387,518387,1339.5
NN,D-04,166,222371,1339.58
SN,99,1,1340,1340
GM,99,2,2682,1341
SU,F-04,2,2683,1341.5
KS,D-04,225,301974,1342.11
TH,F-63,23,30923,1344.48
JB,H-01,55,73985,1345.18
SS,C-06,194,261089,1345.82
NC,J-02,543,732258,1348.54
WQ,C-05,219,295517,1349.39
BL,99,1,1352,1352
SP,99,6,8122,1353.67
JS,F-04,134,181558,1354.91
IL,F-07,4,5420,1355
TC,B-01,9,12201,1355.67
MG,D-05,280,380152,1357.69
HH,G-07,10,13583,1358.3
TH,D-05,127,172505,1358.31
PL,Others,114,154917,1358.92
MX,Others,375,509870,1359.65
HJ,X-98,39,53396,1369.13
ZK,D-06,415,568943,1370.95
TC,D-11,11,15092,1372
TH,E-52,55,75468,1372.15
LM,99,5,6861,1372.2
JP,B-03,744,1023061,1375.08
NL,C-02,69,94947,1376.04
BD,J-06,4,5508,1377
CF,I-08,14,19284,1377.43
XT,Others,77,106100,1377.92
CF,I-10,25,34500,1380
LS,K-08,3,4141,1380.33
TH,F-05,134,185010,1380.67
TL,Others,334,462221,1383.9
YD,I-06,2,2768,1384
CF,E-05,273,377881,1384.18
TZ,F-04,133,184515,1387.33
TE,B-05,485,675289,1392.35
MA,D-02,28,38995,1392.68
SK,C-03,20,27869,1393.45
MG,D-04,335,467445,1395.36
OL,Others,437,610471,1396.96
RL,C-10,275,384211,1397.13
CX,D-04,741,1035425,1397.33
NN,C-05,26,36355,1398.27
GM,F-09,1,1400,1400
JB,J-01,299,418647,1400.16
TI,H-01,718,1005946,1401.04
JR,99,3,4208,1402.67
PK,99,5,7020,1404
TH,E-34,110,154469,1404.26
DN,J-05,136,191256,1406.29
SS,G-06,491,692117,1409.61
UG,F-05,1,1410,1410
OL,E-04,201,283566,1410.78
DJ,D-08,2,2822,1411
CF,H-12,79,111743,1414.47
FS,B-08,1,1417,1417
FS,D-05,50,70878,1417.56
LY,F-06,23,32607,1417.7
JL,99,4,5671,1417.75
YW,F-02,679,965282,1421.62
ET,Others,485,689867,1422.41
YW,H-04,2,2845,1422.5
HZ,99,3,4276,1425.33
LC,C-07,322,459404,1426.72
NA,2,4,5710,1427.5
NC,I-01,342,489820,1432.22
TG,X-99,8,11474,1434.25
PJ,D-09,28,40246,1437.36
CP,E-06,141,203109,1440.49
MZ,C-02,91,131091,1440.56
SS,C-05,93,134064,1441.55
LT,G-06,32,46137,1441.78
TL,C-03,139,200961,1445.76
LC,E-05,348,503749,1447.55
RS,F-02,704,1021187,1450.55
YS,F-06,24,34823,1450.96
TC,C-25,1,1451,1451
DS,99,2,2917,1458.5
WJ,D-08,24,35011,1458.79
TH,G-52,64,93416,1459.63
NC,I-02,1202,1755859,1460.78
NN,D-03,61,89211,1462.48
CF,I-12,53,77514,1462.53
PJ,C-10,196,286694,1462.72
JA,Others,426,624669,1466.36
FA,D-08,308,451755,1466.74
PG,X-99,5,7336,1467.2
SL,C-07,26,38200,1469.23
PH,Others,181,267320,1476.91
HI,D-03,5,7395,1479
OL,C-03,113,167338,1480.87
TC,F-01,232,343761,1481.73
CF,I-07,17,25236,1484.47
HH,I-04,771,1144877,1484.92
KT,99,7,10460,1494.29
SK,U-07,435,651356,1497.37
HJ,D-06,130,194983,1499.87
OL,X-99,96,144257,1502.68
TS,99,4,6011,1502.75
JC,X-99,118,177551,1504.67
TI,H-02,544,820479,1508.23
YW,99,10,15107,1510.7
JA,99,2,3023,1511.5
JU,X-98,1,1512,1512
SW,Others,287,434271,1513.14
LG,X-99,1,1522,1522
TL,B-99,8,12185,1523.13
HU,E-03,43,65502,1523.3
MH,C-05,126,192403,1527.01
TC,E-25,13,19865,1528.08
SN,L-04,196,300231,1531.79
CF,D-05,65,99592,1532.18
TF,K-04,487,746382,1532.61
TL,I-05,2,3066,1533
AN,E-06,13,19932,1533.23
MX,X-99,15,23030,1535.33
NC,99,8,12290,1536.25
SW,U-03,52,80101,1540.4
YW,E-02,615,948443,1542.18
NZ,E-08,597,924463,1548.51
CL,99,4,6202,1550.5
KS,X-99,15,23306,1553.73
HK,F-13,15,23352,1556.8
HH,G-04,394,614204,1558.89
CF,H-11,45,70279,1561.76
TI,99,4,6249,1562.25
AP,99,2,3136,1568
WQ,C-03,52,81835,1573.75
CF,I-11,67,105655,1576.94
NC,K-08,46,72560,1577.39
TC,99,2,3157,1578.5
TH,E-44,30,47426,1580.87
SU,D-07,1032,1635338,1584.63
SU,E-09,479,759328,1585.24
NC,C-05,1,1588,1588
KT,A-04,11,17481,1589.18
HJ,F-06,128,203669,1591.16
PJ,C-11,42,66870,1592.14
MJ,99,3,4784,1594.67
SM,C-03,35,55872,1596.34
FS,C-08,43,68813,1600.3
NY,5,5,8005,1601
HK,D-14,56,89897,1605.3
UG,X-98,112,179819,1605.53
QD,X-99,2,3216,1608
CF,H-10,45,72460,1610.22
CF,H-06,31,49985,1612.42
IL,E-03,45,72700,1615.56
MG,F-03,205,331583,1617.48
YW,H-05,3,4854,1618
SU,E-08,1535,2487634,1620.61
SK,U-05,323,523517,1620.8
HU,E-99,1,1627,1627
LD,K-05,19,31021,1632.68
DA,99,5,8166,1633.2
HJ,F-07,239,391307,1637.27
PN,X-98,17,28105,1653.24
CT,J-03,9,14880,1653.33
TH,E-45,5,8276,1655.2
HJ,C-07,220,365851,1662.96
KF,I-05,75,124771,1663.61
DD,99,6,9985,1664.17
RS,D-02,1083,1802618,1664.47
KW,99,5,8340,1668
NS,G-08,8,13396,1674.5
HH,G-05,705,1184295,1679.85
LC,X-98,9,15126,1680.67
OL,G-07,88,147937,1681.1
SK,D-06,2,3364,1682
DD,H-08,70,117949,1684.99
JG,X-99,22,37087,1685.77
SS,99,3,5059,1686.33
KD,2,1,1687,1687
MJ,I-07,2,3376,1688
TH,F-33,108,182937,1693.86
YT,99,2,3388,1694
DD,E-08,34,57641,1695.32
WQ,99,5,8490,1698
WJ,D-09,20,33982,1699.1
CR,99,3,5119,1706.33
PW,D-05,91,155326,1706.88
TC,D-22,1,1709,1709
TH,E-63,73,124970,1711.92
CF,I-04,104,178221,1713.66
DD,F-08,66,113108,1713.76
GS,99,2,3428,1714
TF,E-02,2,3434,1717
LD,B-02,49,84245,1719.29
SK,99,5,8602,1720.4
CF,H-09,41,70555,1720.85
NS,C-06,157,270244,1721.3
PZ,Others,195,337799,1732.3
HD,99,4,6971,1742.75
GH,X-98,2,3486,1743
MA,99,10,17446,1744.6
LY,G-06,31,54122,1745.87
ZK,D-05,353,617752,1750.01
YP,Others,260,458665,1764.1
PF,X-99,2,3535,1767.5
SW,A-01,270,478917,1773.77
CF,I-06,49,86963,1774.76
UC,99,6,10705,1784.17
SK,U-03,2,3576,1788
PL,C-07,53,94887,1790.32
KS,C-05,20,35810,1790.5
HJ,G-07,202,362958,1796.82
CF,I-05,41,73947,1803.59
IC,X-99,124,224056,1806.9
LY,G-05,86,155570,1808.95
DN,F-08,64,115897,1810.89
PT,B-07,55,99763,1813.87
HU,F-05,88,160491,1823.76
TH,F-31,42,77274,1839.86
HJ,G-06,123,227299,1847.96
KS,D-08,29,53693,1851.48
HZ,B-02,1,1863,1863
CK,99,2,3735,1867.5
HU,X-98,8,14990,1873.75
TH,G-61,11,20617,1874.27
TE,D-04,110,206345,1875.86
TY,99,4,7517,1879.25
JP,99,1,1888,1888
CF,I-09,25,47263,1890.52
DD,B-09,377,715098,1896.81
SK,U-04,200,380303,1901.52
HG,X-99,88,167456,1902.91
CF,H-05,23,43784,1903.65
PE,X-99,79,150871,1909.76
MG,C-05,405,774365,1912.01
KZ,X-99,15,28697,1913.13
JB,B-02,2,3827,1913.5
WZ,E4,1,1918,1918
AP,X-99,1,1918,1918
JB,99,3,5773,1924.33
LJ,X-99,44,84741,1925.93
TF,99,1,1926,1926
DA,C-02,27,52158,1931.78
QX,Others,64,124200,1940.63
KD,99,7,13594,1942
WZ,E-04,235,458733,1952.06
YS,G-05,38,74558,1962.05
DL,99,1,1963,1963
XW,V-99,1,1963,1963
PN,Others,427,839325,1965.63
HH,99,3,5931,1977
YS,G-9,1,1978,1978
HJ,J-07,591,1171675,1982.53
KF,99,4,7954,1988.5
TK,G-06,1,1996,1996
DU,99,1,2003,2003
HK,E-12,26,52136,2005.23
HJ,I-07,436,876625,2010.61
TC,C-22,3,6037,2012.33
MD,99,1,2018,2018
IL,E-08,1,2029,2029
TE,99,1,2032,2032
FA,99,5,10183,2036.6
PM,G-05,1,2037,2037
JD,99,1,2038,2038
EH,Others,138,283010,2050.8
XL,D-08,1,2055,2055
MS,99,2,4160,2080
NZ,99,2,4175,2087.5
IL,99,3,6282,2094
HS,99,2,4197,2098.5
TW,F-06,8,16800,2100
DU,X-99,19,40049,2107.84
YS,99,3,6342,2114
TD,89,3,6378,2126
TC,D-13,2,4260,2130
LD,99,7,14997,2142.43
LF,2,3,6495,2165
ZK,99,2,4334,2167
JE,Others,162,357191,2204.88
SK,I-05,1,2218,2218
WT,99,4,8892,2223
WQ,F-09,10,22252,2225.2
TG,E-06,2,4480,2240
NZ,Others,708,1592296,2249.01
FG,C-05,3,6803,2267.67
PC,J-05,17,38720,2277.65
DK,99,1,2308,2308
CF,H-04,37,85684,2315.78
DZ,X-99,1,2333,2333
CA,99,4,9373,2343.25
RM,X-99,11,25787,2344.27
TD,Others,360,845951,2349.86
CF,H-03,39,91879,2355.87
TH,E-43,15,35701,2380.07
CK,7,1,2382,2382
DD,4,3,7153,2384.33
HL,99,1,2392,2392
XH,X-99,11,26593,2417.55
CZ,X-99,15,36310,2420.67
YM,Others,164,402509,2454.32
RZ,99,1,2483,2483
KG,99,3,7449,2483
HJ,99,3,7473,2491
TZ,4,1,2528,2528
MQ,J-04,1,2546,2546
SK,X-99,5,12780,2556
TY,C-01,1,2563,2563
NA,99,11,28819,2619.91
XW,N-05,3,7878,2626
YK,D-05,2,5254,2627
HM,X-99,10,26573,2657.3
FS,H-10,17,47180,2775.29
SU,99,4,11136,2784
JH,X-99,8,22497,2812.13
PL,A-08,17,48021,2824.76
MZ,99,3,8551,2850.33
JE,E-99,1,2876,2876
KZ,E-04,85,244783,2879.8
MS,G-08,1,2970,2970
YL,4,2,5948,2974
HU,99,1,3101,3101
CT,99,2,6246,3123
JN,9,1,3135,3135
JC,99,1,3174,3174
CF,H-07,24,76495,3187.29
LT,X-99,57,183737,3223.46
NC,H-06,2,6873,3436.5
YL,99,2,7077,3538.5
PW,K-07,9,32398,3599.78
CF,H-08,27,101297,3751.74
YK,X-99,1,3776,3776
MT,4,1,3894,3894
TH,E-66,26,102430,3939.62
KT,D-08,1,3944,3944
YP,X-99,86,353128,4106.14
KI,X-99,31,127673,4118.48
DL,H-07,4,16680,4170
UC,X-99,7,29236,4176.57
LD,X-99,2,9817,4908.5
LH,X-99,4,19700,4925
TA,99,2,10175,5087.5
PL,B-08,105,538466,5128.25
SF,99,1,5185,5185
MD,X-99,7,37433,5347.57
DL,H-06,4,22485,5621.25
DL,J-06,5,28416,5683.2
LI,99,1,5944,5944
QX,X-99,4,24072,6018
LD,3,2,13681,6840.5
PH,X-99,4,29004,7251
XW,W-99,4,37625,9406.25
TN,C-03,1,18000,18000
NZ,F-03,1,24356,24356
