<?xml version="1.0" encoding="UTF-8"?>
<!-- Generated by FME 2022.2.2.0 (Build 22782) -->
<kml xmlns:xsd="http://www.w3.org/2001/XMLSchema" xmlns:gx="http://www.google.com/kml/ext/2.2" xmlns:atom="http://www.w3.org/2005/Atom" xmlns="http://www.opengis.net/kml/2.2">
<Document>
<name>MRT_Exits</name>
<visibility>1</visibility>
<Schema name="MRT_EXITS" id="kml_schema_ft_MRT_EXITS">
<SimpleField type="xsd:string" name="STATION_NA">
<displayName>STATION_NA</displayName>
</SimpleField>
<SimpleField type="xsd:string" name="EXIT_CODE">
<displayName>EXIT_CODE</displayName>
</SimpleField>
<SimpleField type="xsd:string" name="INC_CRC">
<displayName>INC_CRC</displayName>
</SimpleField>
<SimpleField type="xsd:string" name="FMEL_UPD_D">
<displayName>FMEL_UPD_D</displayName>
</SimpleField>
</Schema>
<Folder id="kml_ft_MRT_EXITS">
<name>MRT_EXITS</name>
<Placemark id="kml_1">
<name>kml_1</name>
<snippet> </snippet>
<description><![CDATA[<center><table><tr><th colspan='2' align='center'><em>Attributes</em></th></tr><tr bgcolor="#E3E3F3">
<th>STATION_NA</th>
<td>KAKI BUKIT MRT STATION</td>
</tr><tr bgcolor="">
<th>EXIT_CODE</th>
<td>Exit B</td>
</tr><tr bgcolor="#E3E3F3">
<th>INC_CRC</th>
<td>D3065772B4A8884B</td>
</tr><tr bgcolor="">
<th>FMEL_UPD_D</th>
<td>20230127204435</td>
</tr></table></center>]]></description>
<ExtendedData>
<SchemaData schemaUrl="#kml_schema_ft_MRT_EXITS">
<SimpleData name="STATION_NA">KAKI BUKIT MRT STATION</SimpleData>
<SimpleData name="EXIT_CODE">Exit B</SimpleData>
<SimpleData name="INC_CRC">D3065772B4A8884B</SimpleData>
<SimpleData name="FMEL_UPD_D">20230127204435</SimpleData>
</SchemaData>
</ExtendedData>
<Point>
<coordinates>103.909146276263,1.33492189034272,0.0</coordinates>
</Point>
</Placemark>
<Placemark id="kml_2">
<name>kml_2</name>
<snippet> </snippet>
<description><![CDATA[<center><table><tr><th colspan='2' align='center'><em>Attributes</em></th></tr><tr bgcolor="#E3E3F3">
<th>STATION_NA</th>
<td>BEDOK RESERVOIR MRT STATION</td>
</tr><tr bgcolor="">
<th>EXIT_CODE</th>
<td>Exit B</td>
</tr><tr bgcolor="#E3E3F3">
<th>INC_CRC</th>
<td>D9EF7EDA7B6AE00E</td>
</tr><tr bgcolor="">
<th>FMEL_UPD_D</th>
<td>20230127204435</td>
</tr></table></center>]]></description>
<ExtendedData>
<SchemaData schemaUrl="#kml_schema_ft_MRT_EXITS">
<SimpleData name="STATION_NA">BEDOK RESERVOIR MRT STATION</SimpleData>
<SimpleData name="EXIT_CODE">Exit B</SimpleData>
<SimpleData name="INC_CRC">D9EF7EDA7B6AE00E</SimpleData>
<SimpleData name="FMEL_UPD_D">20230127204435</SimpleData>
</SchemaData>
</ExtendedData>
<Point>
<coordinates>103.933487189855,1.33655490332863,0.0</coordinates>
</Point>
</Placemark>
<Placemark id="kml_3">
<name>kml_3</name>
<snippet> </snippet>
<description><![CDATA[<center><table><tr><th colspan='2' align='center'><em>Attributes</em></th></tr><tr bgcolor="#E3E3F3">
<th>STATION_NA</th>
<td>BENCOOLEN MRT STATION</td>
</tr><tr bgcolor="">
<th>EXIT_CODE</th>
<td>Exit C</td>
</tr><tr bgcolor="#E3E3F3">
<th>INC_CRC</th>
<td>B84D682A36C94724</td>
</tr><tr bgcolor="">
<th>FMEL_UPD_D</th>
<td>20230127204435</td>
</tr></table></center>]]></description>
<ExtendedData>
<SchemaData schemaUrl="#kml_schema_ft_MRT_EXITS">
<SimpleData name="STATION_NA">BENCOOLEN MRT STATION</SimpleData>
<SimpleData name="EXIT_CODE">Exit C</SimpleData>
<SimpleData name="INC_CRC">B84D682A36C94724</SimpleData>
<SimpleData name="FMEL_UPD_D">20230127204435</SimpleData>
</SchemaData>
</ExtendedData>
<Point>
<coordinates>103.849271703873,1.29769911765443,0.0</coordinates>
</Point>
</Placemark>
<Placemark id="kml_4">
<name>kml_4</name>
<snippet> </snippet>
<description><![CDATA[<center><table><tr><th colspan='2' align='center'><em>Attributes</em></th></tr><tr bgcolor="#E3E3F3">
<th>STATION_NA</th>
<td>BENCOOLEN MRT STATION</td>
</tr><tr bgcolor="">
<th>EXIT_CODE</th>
<td>Exit A</td>
</tr><tr bgcolor="#E3E3F3">
<th>INC_CRC</th>
<td>58C4E2D41BF56E13</td>
</tr><tr bgcolor="">
<th>FMEL_UPD_D</th>
<td>20230127204435</td>
</tr></table></center>]]></description>
<ExtendedData>
<SchemaData schemaUrl="#kml_schema_ft_MRT_EXITS">
<SimpleData name="STATION_NA">BENCOOLEN MRT STATION</SimpleData>
<SimpleData name="EXIT_CODE">Exit A</SimpleData>
<SimpleData name="INC_CRC">58C4E2D41BF56E13</SimpleData>
<SimpleData name="FMEL_UPD_D">20230127204435</SimpleData>
</SchemaData>
</ExtendedData>
<Point>
<coordinates>103.850843384717,1.29919519603019,0.0</coordinates>
</Point>
</Placemark>
<Placemark id="kml_5">
<name>kml_5</name>
<snippet> </snippet>
<description><![CDATA[<center><table><tr><th colspan='2' align='center'><em>Attributes</em></th></tr><tr bgcolor="#E3E3F3">
<th>STATION_NA</th>
<td>KAKI BUKIT MRT STATION</td>
</tr><tr bgcolor="">
<th>EXIT_CODE</th>
<td>Exit A</td>
</tr><tr bgcolor="#E3E3F3">
<th>INC_CRC</th>
<td>C7859F14611E3E46</td>
</tr><tr bgcolor="">
<th>FMEL_UPD_D</th>
<td>20230127204435</td>
</tr></table></center>]]></description>
<ExtendedData>
<SchemaData schemaUrl="#kml_schema_ft_MRT_EXITS">
<SimpleData name="STATION_NA">KAKI BUKIT MRT STATION</SimpleData>
<SimpleData name="EXIT_CODE">Exit A</SimpleData>
<SimpleData name="INC_CRC">C7859F14611E3E46</SimpleData>
<SimpleData name="FMEL_UPD_D">20230127204435</SimpleData>
</SchemaData>
</ExtendedData>
<Point>
<coordinates>103.909405098626,1.33531120636956,0.0</coordinates>
</Point>
</Placemark>
<Placemark id="kml_6">
<name>kml_6</name>
<snippet> </snippet>
<description><![CDATA[<center><table><tr><th colspan='2' align='center'><em>Attributes</em></th></tr><tr bgcolor="#E3E3F3">
<th>STATION_NA</th>
<td>TAMPINES WEST MRT STATION</td>
</tr><tr bgcolor="">
<th>EXIT_CODE</th>
<td>Exit B</td>
</tr><tr bgcolor="#E3E3F3">
<th>INC_CRC</th>
<td>538DEFEDB8DF426A</td>
</tr><tr bgcolor="">
<th>FMEL_UPD_D</th>
<td>20230127204435</td>
</tr></table></center>]]></description>
<ExtendedData>
<SchemaData schemaUrl="#kml_schema_ft_MRT_EXITS">
<SimpleData name="STATION_NA">TAMPINES WEST MRT STATION</SimpleData>
<SimpleData name="EXIT_CODE">Exit B</SimpleData>
<SimpleData name="INC_CRC">538DEFEDB8DF426A</SimpleData>
<SimpleData name="FMEL_UPD_D">20230127204435</SimpleData>
</SchemaData>
</ExtendedData>
<Point>
<coordinates>103.938948503782,1.34499919751448,0.0</coordinates>
</Point>
</Placemark>
<Placemark id="kml_7">
<name>kml_7</name>
<snippet> </snippet>
<description><![CDATA[<center><table><tr><th colspan='2' align='center'><em>Attributes</em></th></tr><tr bgcolor="#E3E3F3">
<th>STATION_NA</th>
<td>JALAN BESAR MRT STATION</td>
</tr><tr bgcolor="">
<th>EXIT_CODE</th>
<td>Exit A</td>
</tr><tr bgcolor="#E3E3F3">
<th>INC_CRC</th>
<td>1DF95F048432E540</td>
</tr><tr bgcolor="">
<th>FMEL_UPD_D</th>
<td>20230127204435</td>
</tr></table></center>]]></description>
<ExtendedData>
<SchemaData schemaUrl="#kml_schema_ft_MRT_EXITS">
<SimpleData name="STATION_NA">JALAN BESAR MRT STATION</SimpleData>
<SimpleData name="EXIT_CODE">Exit A</SimpleData>
<SimpleData name="INC_CRC">1DF95F048432E540</SimpleData>
<SimpleData name="FMEL_UPD_D">20230127204435</SimpleData>
</SchemaData>
</ExtendedData>
<Point>
<coordinates>103.855296125414,1.30488989412929,0.0</coordinates>
</Point>
</Placemark>
<Placemark id="kml_8">
<name>kml_8</name>
<snippet> </snippet>
<description><![CDATA[<center><table><tr><th colspan='2' align='center'><em>Attributes</em></th></tr><tr bgcolor="#E3E3F3">
<th>STATION_NA</th>
<td>BENDEMEER MRT STATION</td>
</tr><tr bgcolor="">
<th>EXIT_CODE</th>
<td>Exit A</td>
</tr><tr bgcolor="#E3E3F3">
<th>INC_CRC</th>
<td>CC5340F062D36648</td>
</tr><tr bgcolor="">
<th>FMEL_UPD_D</th>
<td>20230127204435</td>
</tr></table></center>]]></description>
<ExtendedData>
<SchemaData schemaUrl="#kml_schema_ft_MRT_EXITS">
<SimpleData name="STATION_NA">BENDEMEER MRT STATION</SimpleData>
<SimpleData name="EXIT_CODE">Exit A</SimpleData>
<SimpleData name="INC_CRC">CC5340F062D36648</SimpleData>
<SimpleData name="FMEL_UPD_D">20230127204435</SimpleData>
</SchemaData>
</ExtendedData>
<Point>
<coordinates>103.863074005937,1.31385250562225,0.0</coordinates>
</Point>
</Placemark>
<Placemark id="kml_9">
<name>kml_9</name>
<snippet> </snippet>
<description><![CDATA[<center><table><tr><th colspan='2' align='center'><em>Attributes</em></th></tr><tr bgcolor="#E3E3F3">
<th>STATION_NA</th>
<td>BEDOK NORTH MRT STATION</td>
</tr><tr bgcolor="">
<th>EXIT_CODE</th>
<td>Exit C</td>
</tr><tr bgcolor="#E3E3F3">
<th>INC_CRC</th>
<td>7227ED6E51A0A478</td>
</tr><tr bgcolor="">
<th>FMEL_UPD_D</th>
<td>20230127204435</td>
</tr></table></center>]]></description>
<ExtendedData>
<SchemaData schemaUrl="#kml_schema_ft_MRT_EXITS">
<SimpleData name="STATION_NA">BEDOK NORTH MRT STATION</SimpleData>
<SimpleData name="EXIT_CODE">Exit C</SimpleData>
<SimpleData name="INC_CRC">7227ED6E51A0A478</SimpleData>
<SimpleData name="FMEL_UPD_D">20230127204435</SimpleData>
</SchemaData>
</ExtendedData>
<Point>
<coordinates>103.917810526029,1.33442257655151,0.0</coordinates>
</Point>
</Placemark>
<Placemark id="kml_10">
<name>kml_10</name>
<snippet> </snippet>
<description><![CDATA[<center><table><tr><th colspan='2' align='center'><em>Attributes</em></th></tr><tr bgcolor="#E3E3F3">
<th>STATION_NA</th>
<td>UPPER CHANGI MRT STATION</td>
</tr><tr bgcolor="">
<th>EXIT_CODE</th>
<td>Exit D</td>
</tr><tr bgcolor="#E3E3F3">
<th>INC_CRC</th>
<td>DCF272AB67E90046</td>
</tr><tr bgcolor="">
<th>FMEL_UPD_D</th>
<td>20230127204435</td>
</tr></table></center>]]></description>
<ExtendedData>
<SchemaData schemaUrl="#kml_schema_ft_MRT_EXITS">
<SimpleData name="STATION_NA">UPPER CHANGI MRT STATION</SimpleData>
<SimpleData name="EXIT_CODE">Exit D</SimpleData>
<SimpleData name="INC_CRC">DCF272AB67E90046</SimpleData>
<SimpleData name="FMEL_UPD_D">20230127204435</SimpleData>
</SchemaData>
</ExtendedData>
<Point>
<coordinates>103.961043080709,1.34084047406433,0.0</coordinates>
</Point>
</Placemark>
<Placemark id="kml_11">
<name>kml_11</name>
<snippet> </snippet>
<description><![CDATA[<center><table><tr><th colspan='2' align='center'><em>Attributes</em></th></tr><tr bgcolor="#E3E3F3">
<th>STATION_NA</th>
<td>GEYLANG BAHRU MRT STATION</td>
</tr><tr bgcolor="">
<th>EXIT_CODE</th>
<td>Exit B</td>
</tr><tr bgcolor="#E3E3F3">
<th>INC_CRC</th>
<td>7D14D8F944626336</td>
</tr><tr bgcolor="">
<th>FMEL_UPD_D</th>
<td>20230127204435</td>
</tr></table></center>]]></description>
<ExtendedData>
<SchemaData schemaUrl="#kml_schema_ft_MRT_EXITS">
<SimpleData name="STATION_NA">GEYLANG BAHRU MRT STATION</SimpleData>
<SimpleData name="EXIT_CODE">Exit B</SimpleData>
<SimpleData name="INC_CRC">7D14D8F944626336</SimpleData>
<SimpleData name="FMEL_UPD_D">20230127204435</SimpleData>
</SchemaData>
</ExtendedData>
<Point>
<coordinates>103.871794271427,1.32110911579532,0.0</coordinates>
</Point>
</Placemark>
<Placemark id="kml_12">
<name>kml_12</name>
<snippet> </snippet>
<description><![CDATA[<center><table><tr><th colspan='2' align='center'><em>Attributes</em></th></tr><tr bgcolor="#E3E3F3">
<th>STATION_NA</th>
<td>TAMPINES MRT STATION</td>
</tr><tr bgcolor="">
<th>EXIT_CODE</th>
<td>Exit D</td>
</tr><tr bgcolor="#E3E3F3">
<th>INC_CRC</th>
<td>1D91E52F1D3C6192</td>
</tr><tr bgcolor="">
<th>FMEL_UPD_D</th>
<td>20230127204435</td>
</tr></table></center>]]></description>
<ExtendedData>
<SchemaData schemaUrl="#kml_schema_ft_MRT_EXITS">
<SimpleData name="STATION_NA">TAMPINES MRT STATION</SimpleData>
<SimpleData name="EXIT_CODE">Exit D</SimpleData>
<SimpleData name="INC_CRC">1D91E52F1D3C6192</SimpleData>
<SimpleData name="FMEL_UPD_D">20230127204435</SimpleData>
</SchemaData>
</ExtendedData>
<Point>
<coordinates>103.943678182032,1.35487057481792,0.0</coordinates>
</Point>
</Placemark>
<Placemark id="kml_13">
<name>kml_13</name>
<snippet> </snippet>
<description><![CDATA[<center><table><tr><th colspan='2' align='center'><em>Attributes</em></th></tr><tr bgcolor="#E3E3F3">
<th>STATION_NA</th>
<td>TAMPINES MRT STATION</td>
</tr><tr bgcolor="">
<th>EXIT_CODE</th>
<td>Exit G</td>
</tr><tr bgcolor="#E3E3F3">
<th>INC_CRC</th>
<td>4857FF7FA81FC41A</td>
</tr><tr bgcolor="">
<th>FMEL_UPD_D</th>
<td>20230127204435</td>
</tr></table></center>]]></description>
<ExtendedData>
<SchemaData schemaUrl="#kml_schema_ft_MRT_EXITS">
<SimpleData name="STATION_NA">TAMPINES MRT STATION</SimpleData>
<SimpleData name="EXIT_CODE">Exit G</SimpleData>
<SimpleData name="INC_CRC">4857FF7FA81FC41A</SimpleData>
<SimpleData name="FMEL_UPD_D">20230127204435</SimpleData>
</SchemaData>
</ExtendedData>
<Point>
<coordinates>103.942723496695,1.35459633872811,0.0</coordinates>
</Point>
</Placemark>
<Placemark id="kml_14">
<name>kml_14</name>
<snippet> </snippet>
<description><![CDATA[<center><table><tr><th colspan='2' align='center'><em>Attributes</em></th></tr><tr bgcolor="#E3E3F3">
<th>STATION_NA</th>
<td>BEDOK RESERVOIR MRT STATION</td>
</tr><tr bgcolor="">
<th>EXIT_CODE</th>
<td>Exit A</td>
</tr><tr bgcolor="#E3E3F3">
<th>INC_CRC</th>
<td>2B5A7B2D633B3BD5</td>
</tr><tr bgcolor="">
<th>FMEL_UPD_D</th>
<td>20230127204435</td>
</tr></table></center>]]></description>
<ExtendedData>
<SchemaData schemaUrl="#kml_schema_ft_MRT_EXITS">
<SimpleData name="STATION_NA">BEDOK RESERVOIR MRT STATION</SimpleData>
<SimpleData name="EXIT_CODE">Exit A</SimpleData>
<SimpleData name="INC_CRC">2B5A7B2D633B3BD5</SimpleData>
<SimpleData name="FMEL_UPD_D">20230127204435</SimpleData>
</SchemaData>
</ExtendedData>
<Point>
<coordinates>103.932886822506,1.33634776089978,0.0</coordinates>
</Point>
</Placemark>
<Placemark id="kml_15">
<name>kml_15</name>
<snippet> </snippet>
<description><![CDATA[<center><table><tr><th colspan='2' align='center'><em>Attributes</em></th></tr><tr bgcolor="#E3E3F3">
<th>STATION_NA</th>
<td>SENJA LRT STATION</td>
</tr><tr bgcolor="">
<th>EXIT_CODE</th>
<td>Exit A</td>
</tr><tr bgcolor="#E3E3F3">
<th>INC_CRC</th>
<td>C46382A21331EA45</td>
</tr><tr bgcolor="">
<th>FMEL_UPD_D</th>
<td>20230127204435</td>
</tr></table></center>]]></description>
<ExtendedData>
<SchemaData schemaUrl="#kml_schema_ft_MRT_EXITS">
<SimpleData name="STATION_NA">SENJA LRT STATION</SimpleData>
<SimpleData name="EXIT_CODE">Exit A</SimpleData>
<SimpleData name="INC_CRC">C46382A21331EA45</SimpleData>
<SimpleData name="FMEL_UPD_D">20230127204435</SimpleData>
</SchemaData>
</ExtendedData>
<Point>
<coordinates>103.762325766572,1.3828754471752,0.0</coordinates>
</Point>
</Placemark>
<Placemark id="kml_16">
<name>kml_16</name>
<snippet> </snippet>
<description><![CDATA[<center><table><tr><th colspan='2' align='center'><em>Attributes</em></th></tr><tr bgcolor="#E3E3F3">
<th>STATION_NA</th>
<td>YISHUN MRT STATION</td>
</tr><tr bgcolor="">
<th>EXIT_CODE</th>
<td>Exit B</td>
</tr><tr bgcolor="#E3E3F3">
<th>INC_CRC</th>
<td>C2D55B079B8AA456</td>
</tr><tr bgcolor="">
<th>FMEL_UPD_D</th>
<td>20230127204435</td>
</tr></table></center>]]></description>
<ExtendedData>
<SchemaData schemaUrl="#kml_schema_ft_MRT_EXITS">
<SimpleData name="STATION_NA">YISHUN MRT STATION</SimpleData>
<SimpleData name="EXIT_CODE">Exit B</SimpleData>
<SimpleData name="INC_CRC">C2D55B079B8AA456</SimpleData>
<SimpleData name="FMEL_UPD_D">20230127204435</SimpleData>
</SchemaData>
</ExtendedData>
<Point>
<coordinates>103.834865533461,1.42963629191008,0.0</coordinates>
</Point>
</Placemark>
<Placemark id="kml_17">
<name>kml_17</name>
<snippet> </snippet>
<description><![CDATA[<center><table><tr><th colspan='2' align='center'><em>Attributes</em></th></tr><tr bgcolor="#E3E3F3">
<th>STATION_NA</th>
<td>YISHUN MRT STATION</td>
</tr><tr bgcolor="">
<th>EXIT_CODE</th>
<td>Exit E</td>
</tr><tr bgcolor="#E3E3F3">
<th>INC_CRC</th>
<td>C551A20E6E342A65</td>
</tr><tr bgcolor="">
<th>FMEL_UPD_D</th>
<td>20230127204435</td>
</tr></table></center>]]></description>
<ExtendedData>
<SchemaData schemaUrl="#kml_schema_ft_MRT_EXITS">
<SimpleData name="STATION_NA">YISHUN MRT STATION</SimpleData>
<SimpleData name="EXIT_CODE">Exit E</SimpleData>
<SimpleData name="INC_CRC">C551A20E6E342A65</SimpleData>
<SimpleData name="FMEL_UPD_D">20230127204435</SimpleData>
</SchemaData>
</ExtendedData>
<Point>
<coordinates>103.835643654933,1.42966559716462,0.0</coordinates>
</Point>
</Placemark>
<Placemark id="kml_18">
<name>kml_18</name>
<snippet> </snippet>
<description><![CDATA[<center><table><tr><th colspan='2' align='center'><em>Attributes</em></th></tr><tr bgcolor="#E3E3F3">
<th>STATION_NA</th>
<td>SERANGOON MRT STATION</td>
</tr><tr bgcolor="">
<th>EXIT_CODE</th>
<td>Exit G</td>
</tr><tr bgcolor="#E3E3F3">
<th>INC_CRC</th>
<td>40A841F72D73A02C</td>
</tr><tr bgcolor="">
<th>FMEL_UPD_D</th>
<td>20230127204435</td>
</tr></table></center>]]></description>
<ExtendedData>
<SchemaData schemaUrl="#kml_schema_ft_MRT_EXITS">
<SimpleData name="STATION_NA">SERANGOON MRT STATION</SimpleData>
<SimpleData name="EXIT_CODE">Exit G</SimpleData>
<SimpleData name="INC_CRC">40A841F72D73A02C</SimpleData>
<SimpleData name="FMEL_UPD_D">20230127204435</SimpleData>
</SchemaData>
</ExtendedData>
<Point>
<coordinates>103.872866695396,1.35079019941389,0.0</coordinates>
</Point>
</Placemark>
<Placemark id="kml_19">
<name>kml_19</name>
<snippet> </snippet>
<description><![CDATA[<center><table><tr><th colspan='2' align='center'><em>Attributes</em></th></tr><tr bgcolor="#E3E3F3">
<th>STATION_NA</th>
<td>SERANGOON MRT STATION</td>
</tr><tr bgcolor="">
<th>EXIT_CODE</th>
<td>Exit B</td>
</tr><tr bgcolor="#E3E3F3">
<th>INC_CRC</th>
<td>DA4475EAB2A9601C</td>
</tr><tr bgcolor="">
<th>FMEL_UPD_D</th>
<td>20230127204435</td>
</tr></table></center>]]></description>
<ExtendedData>
<SchemaData schemaUrl="#kml_schema_ft_MRT_EXITS">
<SimpleData name="STATION_NA">SERANGOON MRT STATION</SimpleData>
<SimpleData name="EXIT_CODE">Exit B</SimpleData>
<SimpleData name="INC_CRC">DA4475EAB2A9601C</SimpleData>
<SimpleData name="FMEL_UPD_D">20230127204435</SimpleData>
</SchemaData>
</ExtendedData>
<Point>
<coordinates>103.873641321904,1.34983373825613,0.0</coordinates>
</Point>
</Placemark>
<Placemark id="kml_20">
<name>kml_20</name>
<snippet> </snippet>
<description><![CDATA[<center><table><tr><th colspan='2' align='center'><em>Attributes</em></th></tr><tr bgcolor="#E3E3F3">
<th>STATION_NA</th>
<td>SERANGOON MRT STATION</td>
</tr><tr bgcolor="">
<th>EXIT_CODE</th>
<td>Exit E</td>
</tr><tr bgcolor="#E3E3F3">
<th>INC_CRC</th>
<td>12758F1DDC8CF6B8</td>
</tr><tr bgcolor="">
<th>FMEL_UPD_D</th>
<td>20230127204435</td>
</tr></table></center>]]></description>
<ExtendedData>
<SchemaData schemaUrl="#kml_schema_ft_MRT_EXITS">
<SimpleData name="STATION_NA">SERANGOON MRT STATION</SimpleData>
<SimpleData name="EXIT_CODE">Exit E</SimpleData>
<SimpleData name="INC_CRC">12758F1DDC8CF6B8</SimpleData>
<SimpleData name="FMEL_UPD_D">20230127204435</SimpleData>
</SchemaData>
</ExtendedData>
<Point>
<coordinates>103.872902116341,1.3508202454304,0.0</coordinates>
</Point>
</Placemark>
<Placemark id="kml_21">
<name>kml_21</name>
<snippet> </snippet>
<description><![CDATA[<center><table><tr><th colspan='2' align='center'><em>Attributes</em></th></tr><tr bgcolor="#E3E3F3">
<th>STATION_NA</th>
<td>TAI SENG MRT STATION</td>
</tr><tr bgcolor="">
<th>EXIT_CODE</th>
<td>Exit A</td>
</tr><tr bgcolor="#E3E3F3">
<th>INC_CRC</th>
<td>54874BD41781B357</td>
</tr><tr bgcolor="">
<th>FMEL_UPD_D</th>
<td>20230127204435</td>
</tr></table></center>]]></description>
<ExtendedData>
<SchemaData schemaUrl="#kml_schema_ft_MRT_EXITS">
<SimpleData name="STATION_NA">TAI SENG MRT STATION</SimpleData>
<SimpleData name="EXIT_CODE">Exit A</SimpleData>
<SimpleData name="INC_CRC">54874BD41781B357</SimpleData>
<SimpleData name="FMEL_UPD_D">20230127204435</SimpleData>
</SchemaData>
</ExtendedData>
<Point>
<coordinates>103.887627437262,1.33591408492645,0.0</coordinates>
</Point>
</Placemark>
<Placemark id="kml_22">
<name>kml_22</name>
<snippet> </snippet>
<description><![CDATA[<center><table><tr><th colspan='2' align='center'><em>Attributes</em></th></tr><tr bgcolor="#E3E3F3">
<th>STATION_NA</th>
<td>EUNOS MRT STATION</td>
</tr><tr bgcolor="">
<th>EXIT_CODE</th>
<td>Exit C</td>
</tr><tr bgcolor="#E3E3F3">
<th>INC_CRC</th>
<td>CB562FEDBA333355</td>
</tr><tr bgcolor="">
<th>FMEL_UPD_D</th>
<td>20230127204435</td>
</tr></table></center>]]></description>
<ExtendedData>
<SchemaData schemaUrl="#kml_schema_ft_MRT_EXITS">
<SimpleData name="STATION_NA">EUNOS MRT STATION</SimpleData>
<SimpleData name="EXIT_CODE">Exit C</SimpleData>
<SimpleData name="INC_CRC">CB562FEDBA333355</SimpleData>
<SimpleData name="FMEL_UPD_D">20230127204435</SimpleData>
</SchemaData>
</ExtendedData>
<Point>
<coordinates>103.903215186978,1.31952991880127,0.0</coordinates>
</Point>
</Placemark>
<Placemark id="kml_23">
<name>kml_23</name>
<snippet> </snippet>
<description><![CDATA[<center><table><tr><th colspan='2' align='center'><em>Attributes</em></th></tr><tr bgcolor="#E3E3F3">
<th>STATION_NA</th>
<td>SEMBAWANG MRT STATION</td>
</tr><tr bgcolor="">
<th>EXIT_CODE</th>
<td>Exit C</td>
</tr><tr bgcolor="#E3E3F3">
<th>INC_CRC</th>
<td>CBDA244C9326B8C6</td>
</tr><tr bgcolor="">
<th>FMEL_UPD_D</th>
<td>20230127204435</td>
</tr></table></center>]]></description>
<ExtendedData>
<SchemaData schemaUrl="#kml_schema_ft_MRT_EXITS">
<SimpleData name="STATION_NA">SEMBAWANG MRT STATION</SimpleData>
<SimpleData name="EXIT_CODE">Exit C</SimpleData>
<SimpleData name="INC_CRC">CBDA244C9326B8C6</SimpleData>
<SimpleData name="FMEL_UPD_D">20230127204435</SimpleData>
</SchemaData>
</ExtendedData>
<Point>
<coordinates>103.819758966004,1.44915683716069,0.0</coordinates>
</Point>
</Placemark>
<Placemark id="kml_24">
<name>kml_24</name>
<snippet> </snippet>
<description><![CDATA[<center><table><tr><th colspan='2' align='center'><em>Attributes</em></th></tr><tr bgcolor="#E3E3F3">
<th>STATION_NA</th>
<td>HOUGANG MRT STATION</td>
</tr><tr bgcolor="">
<th>EXIT_CODE</th>
<td>Exit B</td>
</tr><tr bgcolor="#E3E3F3">
<th>INC_CRC</th>
<td>6D19186EFE5FD5FB</td>
</tr><tr bgcolor="">
<th>FMEL_UPD_D</th>
<td>20230127204435</td>
</tr></table></center>]]></description>
<ExtendedData>
<SchemaData schemaUrl="#kml_schema_ft_MRT_EXITS">
<SimpleData name="STATION_NA">HOUGANG MRT STATION</SimpleData>
<SimpleData name="EXIT_CODE">Exit B</SimpleData>
<SimpleData name="INC_CRC">6D19186EFE5FD5FB</SimpleData>
<SimpleData name="FMEL_UPD_D">20230127204435</SimpleData>
</SchemaData>
</ExtendedData>
<Point>
<coordinates>103.892972400972,1.37194611655273,0.0</coordinates>
</Point>
</Placemark>
<Placemark id="kml_25">
<name>kml_25</name>
<snippet> </snippet>
<description><![CDATA[<center><table><tr><th colspan='2' align='center'><em>Attributes</em></th></tr><tr bgcolor="#E3E3F3">
<th>STATION_NA</th>
<td>CHANGI AIRPORT MRT STATION</td>
</tr><tr bgcolor="">
<th>EXIT_CODE</th>
<td>Exit A</td>
</tr><tr bgcolor="#E3E3F3">
<th>INC_CRC</th>
<td>2D491EF64CB58C02</td>
</tr><tr bgcolor="">
<th>FMEL_UPD_D</th>
<td>20230127204435</td>
</tr></table></center>]]></description>
<ExtendedData>
<SchemaData schemaUrl="#kml_schema_ft_MRT_EXITS">
<SimpleData name="STATION_NA">CHANGI AIRPORT MRT STATION</SimpleData>
<SimpleData name="EXIT_CODE">Exit A</SimpleData>
<SimpleData name="INC_CRC">2D491EF64CB58C02</SimpleData>
<SimpleData name="FMEL_UPD_D">20230127204435</SimpleData>
</SchemaData>
</ExtendedData>
<Point>
<coordinates>103.989276642414,1.3563414210048,0.0</coordinates>
</Point>
</Placemark>
<Placemark id="kml_26">
<name>kml_26</name>
<snippet> </snippet>
<description><![CDATA[<center><table><tr><th colspan='2' align='center'><em>Attributes</em></th></tr><tr bgcolor="#E3E3F3">
<th>STATION_NA</th>
<td>OUTRAM PARK MRT STATION</td>
</tr><tr bgcolor="">
<th>EXIT_CODE</th>
<td>Exit 8</td>
</tr><tr bgcolor="#E3E3F3">
<th>INC_CRC</th>
<td>3057E9135BFBD0F9</td>
</tr><tr bgcolor="">
<th>FMEL_UPD_D</th>
<td>20230127204435</td>
</tr></table></center>]]></description>
<ExtendedData>
<SchemaData schemaUrl="#kml_schema_ft_MRT_EXITS">
<SimpleData name="STATION_NA">OUTRAM PARK MRT STATION</SimpleData>
<SimpleData name="EXIT_CODE">Exit 8</SimpleData>
<SimpleData name="INC_CRC">3057E9135BFBD0F9</SimpleData>
<SimpleData name="FMEL_UPD_D">20230127204435</SimpleData>
</SchemaData>
</ExtendedData>
<Point>
<coordinates>103.838117129674,1.28232163095245,0.0</coordinates>
</Point>
</Placemark>
<Placemark id="kml_27">
<name>kml_27</name>
<snippet> </snippet>
<description><![CDATA[<center><table><tr><th colspan='2' align='center'><em>Attributes</em></th></tr><tr bgcolor="#E3E3F3">
<th>STATION_NA</th>
<td>OUTRAM PARK MRT STATION</td>
</tr><tr bgcolor="">
<th>EXIT_CODE</th>
<td>Exit 7</td>
</tr><tr bgcolor="#E3E3F3">
<th>INC_CRC</th>
<td>3C9A35B7FDC33A1A</td>
</tr><tr bgcolor="">
<th>FMEL_UPD_D</th>
<td>20230127204435</td>
</tr></table></center>]]></description>
<ExtendedData>
<SchemaData schemaUrl="#kml_schema_ft_MRT_EXITS">
<SimpleData name="STATION_NA">OUTRAM PARK MRT STATION</SimpleData>
<SimpleData name="EXIT_CODE">Exit 7</SimpleData>
<SimpleData name="INC_CRC">3C9A35B7FDC33A1A</SimpleData>
<SimpleData name="FMEL_UPD_D">20230127204435</SimpleData>
</SchemaData>
</ExtendedData>
<Point>
<coordinates>103.838640195189,1.2810220177189,0.0</coordinates>
</Point>
</Placemark>
<Placemark id="kml_28">
<name>kml_28</name>
<snippet> </snippet>
<description><![CDATA[<center><table><tr><th colspan='2' align='center'><em>Attributes</em></th></tr><tr bgcolor="#E3E3F3">
<th>STATION_NA</th>
<td>MAXWELL MRT STATION</td>
</tr><tr bgcolor="">
<th>EXIT_CODE</th>
<td>Exit 3</td>
</tr><tr bgcolor="#E3E3F3">
<th>INC_CRC</th>
<td>CE1632BF9D6E1F72</td>
</tr><tr bgcolor="">
<th>FMEL_UPD_D</th>
<td>20230127204435</td>
</tr></table></center>]]></description>
<ExtendedData>
<SchemaData schemaUrl="#kml_schema_ft_MRT_EXITS">
<SimpleData name="STATION_NA">MAXWELL MRT STATION</SimpleData>
<SimpleData name="EXIT_CODE">Exit 3</SimpleData>
<SimpleData name="INC_CRC">CE1632BF9D6E1F72</SimpleData>
<SimpleData name="FMEL_UPD_D">20230127204435</SimpleData>
</SchemaData>
</ExtendedData>
<Point>
<coordinates>103.842916305543,1.28019152238094,0.0</coordinates>
</Point>
</Placemark>
<Placemark id="kml_29">
<name>kml_29</name>
<snippet> </snippet>
<description><![CDATA[<center><table><tr><th colspan='2' align='center'><em>Attributes</em></th></tr><tr bgcolor="#E3E3F3">
<th>STATION_NA</th>
<td>MAXWELL MRT STATION</td>
</tr><tr bgcolor="">
<th>EXIT_CODE</th>
<td>Exit 1</td>
</tr><tr bgcolor="#E3E3F3">
<th>INC_CRC</th>
<td>5D6CDC9708168E3B</td>
</tr><tr bgcolor="">
<th>FMEL_UPD_D</th>
<td>20230127204435</td>
</tr></table></center>]]></description>
<ExtendedData>
<SchemaData schemaUrl="#kml_schema_ft_MRT_EXITS">
<SimpleData name="STATION_NA">MAXWELL MRT STATION</SimpleData>
<SimpleData name="EXIT_CODE">Exit 1</SimpleData>
<SimpleData name="INC_CRC">5D6CDC9708168E3B</SimpleData>
<SimpleData name="FMEL_UPD_D">20230127204435</SimpleData>
</SchemaData>
</ExtendedData>
<Point>
<coordinates>103.844164413475,1.28103425526259,0.0</coordinates>
</Point>
</Placemark>
<Placemark id="kml_30">
<name>kml_30</name>
<snippet> </snippet>
<description><![CDATA[<center><table><tr><th colspan='2' align='center'><em>Attributes</em></th></tr><tr bgcolor="#E3E3F3">
<th>STATION_NA</th>
<td>MAXWELL MRT STATION</td>
</tr><tr bgcolor="">
<th>EXIT_CODE</th>
<td>Exit 2</td>
</tr><tr bgcolor="#E3E3F3">
<th>INC_CRC</th>
<td>95F61602B7CE905C</td>
</tr><tr bgcolor="">
<th>FMEL_UPD_D</th>
<td>20230127204435</td>
</tr></table></center>]]></description>
<ExtendedData>
<SchemaData schemaUrl="#kml_schema_ft_MRT_EXITS">
<SimpleData name="STATION_NA">MAXWELL MRT STATION</SimpleData>
<SimpleData name="EXIT_CODE">Exit 2</SimpleData>
<SimpleData name="INC_CRC">95F61602B7CE905C</SimpleData>
<SimpleData name="FMEL_UPD_D">20230127204435</SimpleData>
</SchemaData>
</ExtendedData>
<Point>
<coordinates>103.844895459262,1.28091943659091,0.0</coordinates>
</Point>
</Placemark>
<Placemark id="kml_31">
<name>kml_31</name>
<snippet> </snippet>
<description><![CDATA[<center><table><tr><th colspan='2' align='center'><em>Attributes</em></th></tr><tr bgcolor="#E3E3F3">
<th>STATION_NA</th>
<td>SHENTON WAY MRT STATION</td>
</tr><tr bgcolor="">
<th>EXIT_CODE</th>
<td>Exit 1</td>
</tr><tr bgcolor="#E3E3F3">
<th>INC_CRC</th>
<td>AAEEB32398817172</td>
</tr><tr bgcolor="">
<th>FMEL_UPD_D</th>
<td>20230127204435</td>
</tr></table></center>]]></description>
<ExtendedData>
<SchemaData schemaUrl="#kml_schema_ft_MRT_EXITS">
<SimpleData name="STATION_NA">SHENTON WAY MRT STATION</SimpleData>
<SimpleData name="EXIT_CODE">Exit 1</SimpleData>
<SimpleData name="INC_CRC">AAEEB32398817172</SimpleData>
<SimpleData name="FMEL_UPD_D">20230127204435</SimpleData>
</SchemaData>
</ExtendedData>
<Point>
<coordinates>103.851835707382,1.27746205833565,0.0</coordinates>
</Point>
</Placemark>
<Placemark id="kml_32">
<name>kml_32</name>
<snippet> </snippet>
<description><![CDATA[<center><table><tr><th colspan='2' align='center'><em>Attributes</em></th></tr><tr bgcolor="#E3E3F3">
<th>STATION_NA</th>
<td>SHENTON WAY MRT STATION</td>
</tr><tr bgcolor="">
<th>EXIT_CODE</th>
<td>Exit 5</td>
</tr><tr bgcolor="#E3E3F3">
<th>INC_CRC</th>
<td>03444FA2BC9AF9DF</td>
</tr><tr bgcolor="">
<th>FMEL_UPD_D</th>
<td>20230127204435</td>
</tr></table></center>]]></description>
<ExtendedData>
<SchemaData schemaUrl="#kml_schema_ft_MRT_EXITS">
<SimpleData name="STATION_NA">SHENTON WAY MRT STATION</SimpleData>
<SimpleData name="EXIT_CODE">Exit 5</SimpleData>
<SimpleData name="INC_CRC">03444FA2BC9AF9DF</SimpleData>
<SimpleData name="FMEL_UPD_D">20230127204435</SimpleData>
</SchemaData>
</ExtendedData>
<Point>
<coordinates>103.851807978051,1.2771436461189,0.0</coordinates>
</Point>
</Placemark>
<Placemark id="kml_33">
<name>kml_33</name>
<snippet> </snippet>
<description><![CDATA[<center><table><tr><th colspan='2' align='center'><em>Attributes</em></th></tr><tr bgcolor="#E3E3F3">
<th>STATION_NA</th>
<td>SHENTON WAY MRT STATION</td>
</tr><tr bgcolor="">
<th>EXIT_CODE</th>
<td>Exit 4</td>
</tr><tr bgcolor="#E3E3F3">
<th>INC_CRC</th>
<td>2B1F698DD3DB8746</td>
</tr><tr bgcolor="">
<th>FMEL_UPD_D</th>
<td>20230127204435</td>
</tr></table></center>]]></description>
<ExtendedData>
<SchemaData schemaUrl="#kml_schema_ft_MRT_EXITS">
<SimpleData name="STATION_NA">SHENTON WAY MRT STATION</SimpleData>
<SimpleData name="EXIT_CODE">Exit 4</SimpleData>
<SimpleData name="INC_CRC">2B1F698DD3DB8746</SimpleData>
<SimpleData name="FMEL_UPD_D">20230127204435</SimpleData>
</SchemaData>
</ExtendedData>
<Point>
<coordinates>103.851034086049,1.27765594176983,0.0</coordinates>
</Point>
</Placemark>
<Placemark id="kml_34">
<name>kml_34</name>
<snippet> </snippet>
<description><![CDATA[<center><table><tr><th colspan='2' align='center'><em>Attributes</em></th></tr><tr bgcolor="#E3E3F3">
<th>STATION_NA</th>
<td>SHENTON WAY MRT STATION</td>
</tr><tr bgcolor="">
<th>EXIT_CODE</th>
<td>Exit 2</td>
</tr><tr bgcolor="#E3E3F3">
<th>INC_CRC</th>
<td>FD720BE5E5565E2E</td>
</tr><tr bgcolor="">
<th>FMEL_UPD_D</th>
<td>20230127204435</td>
</tr></table></center>]]></description>
<ExtendedData>
<SchemaData schemaUrl="#kml_schema_ft_MRT_EXITS">
<SimpleData name="STATION_NA">SHENTON WAY MRT STATION</SimpleData>
<SimpleData name="EXIT_CODE">Exit 2</SimpleData>
<SimpleData name="INC_CRC">FD720BE5E5565E2E</SimpleData>
<SimpleData name="FMEL_UPD_D">20230127204435</SimpleData>
</SchemaData>
</ExtendedData>
<Point>
<coordinates>103.850915094628,1.27700305442423,0.0</coordinates>
</Point>
</Placemark>
<Placemark id="kml_35">
<name>kml_35</name>
<snippet> </snippet>
<description><![CDATA[<center><table><tr><th colspan='2' align='center'><em>Attributes</em></th></tr><tr bgcolor="#E3E3F3">
<th>STATION_NA</th>
<td>SHENTON WAY MRT STATION</td>
</tr><tr bgcolor="">
<th>EXIT_CODE</th>
<td>Exit 3</td>
</tr><tr bgcolor="#E3E3F3">
<th>INC_CRC</th>
<td>A54D185A5569B115</td>
</tr><tr bgcolor="">
<th>FMEL_UPD_D</th>
<td>20230127204435</td>
</tr></table></center>]]></description>
<ExtendedData>
<SchemaData schemaUrl="#kml_schema_ft_MRT_EXITS">
<SimpleData name="STATION_NA">SHENTON WAY MRT STATION</SimpleData>
<SimpleData name="EXIT_CODE">Exit 3</SimpleData>
<SimpleData name="INC_CRC">A54D185A5569B115</SimpleData>
<SimpleData name="FMEL_UPD_D">20230127204435</SimpleData>
</SchemaData>
</ExtendedData>
<Point>
<coordinates>103.850128771071,1.27762958112669,0.0</coordinates>
</Point>
</Placemark>
<Placemark id="kml_36">
<name>kml_36</name>
<snippet> </snippet>
<description><![CDATA[<center><table><tr><th colspan='2' align='center'><em>Attributes</em></th></tr><tr bgcolor="#E3E3F3">
<th>STATION_NA</th>
<td>SHENTON WAY MRT STATION</td>
</tr><tr bgcolor="">
<th>EXIT_CODE</th>
<td>Exit 6</td>
</tr><tr bgcolor="#E3E3F3">
<th>INC_CRC</th>
<td>42CEFA5FE7DD78D9</td>
</tr><tr bgcolor="">
<th>FMEL_UPD_D</th>
<td>20230127204435</td>
</tr></table></center>]]></description>
<ExtendedData>
<SchemaData schemaUrl="#kml_schema_ft_MRT_EXITS">
<SimpleData name="STATION_NA">SHENTON WAY MRT STATION</SimpleData>
<SimpleData name="EXIT_CODE">Exit 6</SimpleData>
<SimpleData name="INC_CRC">42CEFA5FE7DD78D9</SimpleData>
<SimpleData name="FMEL_UPD_D">20230127204435</SimpleData>
</SchemaData>
</ExtendedData>
<Point>
<coordinates>103.849893223277,1.27792920509497,0.0</coordinates>
</Point>
</Placemark>
<Placemark id="kml_37">
<name>kml_37</name>
<snippet> </snippet>
<description><![CDATA[<center><table><tr><th colspan='2' align='center'><em>Attributes</em></th></tr><tr bgcolor="#E3E3F3">
<th>STATION_NA</th>
<td>MARINA BAY MRT STATION</td>
</tr><tr bgcolor="">
<th>EXIT_CODE</th>
<td>Exit 1</td>
</tr><tr bgcolor="#E3E3F3">
<th>INC_CRC</th>
<td>4F0EDD7252D1EAF8</td>
</tr><tr bgcolor="">
<th>FMEL_UPD_D</th>
<td>20230127204435</td>
</tr></table></center>]]></description>
<ExtendedData>
<SchemaData schemaUrl="#kml_schema_ft_MRT_EXITS">
<SimpleData name="STATION_NA">MARINA BAY MRT STATION</SimpleData>
<SimpleData name="EXIT_CODE">Exit 1</SimpleData>
<SimpleData name="INC_CRC">4F0EDD7252D1EAF8</SimpleData>
<SimpleData name="FMEL_UPD_D">20230127204435</SimpleData>
</SchemaData>
</ExtendedData>
<Point>
<coordinates>103.854470032954,1.27735303297793,0.0</coordinates>
</Point>
</Placemark>
<Placemark id="kml_38">
<name>kml_38</name>
<snippet> </snippet>
<description><![CDATA[<center><table><tr><th colspan='2' align='center'><em>Attributes</em></th></tr><tr bgcolor="#E3E3F3">
<th>STATION_NA</th>
<td>MARINA BAY MRT STATION</td>
</tr><tr bgcolor="">
<th>EXIT_CODE</th>
<td>Exit 5</td>
</tr><tr bgcolor="#E3E3F3">
<th>INC_CRC</th>
<td>03BC8BA7B72C2D81</td>
</tr><tr bgcolor="">
<th>FMEL_UPD_D</th>
<td>20230127204435</td>
</tr></table></center>]]></description>
<ExtendedData>
<SchemaData schemaUrl="#kml_schema_ft_MRT_EXITS">
<SimpleData name="STATION_NA">MARINA BAY MRT STATION</SimpleData>
<SimpleData name="EXIT_CODE">Exit 5</SimpleData>
<SimpleData name="INC_CRC">03BC8BA7B72C2D81</SimpleData>
<SimpleData name="FMEL_UPD_D">20230127204435</SimpleData>
</SchemaData>
</ExtendedData>
<Point>
<coordinates>103.854319501956,1.27469326445441,0.0</coordinates>
</Point>
</Placemark>
<Placemark id="kml_39">
<name>kml_39</name>
<snippet> </snippet>
<description><![CDATA[<center><table><tr><th colspan='2' align='center'><em>Attributes</em></th></tr><tr bgcolor="#E3E3F3">
<th>STATION_NA</th>
<td>MARINA BAY MRT STATION</td>
</tr><tr bgcolor="">
<th>EXIT_CODE</th>
<td>Exit 4</td>
</tr><tr bgcolor="#E3E3F3">
<th>INC_CRC</th>
<td>F125CE014C37C2DB</td>
</tr><tr bgcolor="">
<th>FMEL_UPD_D</th>
<td>20230127204435</td>
</tr></table></center>]]></description>
<ExtendedData>
<SchemaData schemaUrl="#kml_schema_ft_MRT_EXITS">
<SimpleData name="STATION_NA">MARINA BAY MRT STATION</SimpleData>
<SimpleData name="EXIT_CODE">Exit 4</SimpleData>
<SimpleData name="INC_CRC">F125CE014C37C2DB</SimpleData>
<SimpleData name="FMEL_UPD_D">20230127204435</SimpleData>
</SchemaData>
</ExtendedData>
<Point>
<coordinates>103.856488836263,1.27363420910955,0.0</coordinates>
</Point>
</Placemark>
<Placemark id="kml_40">
<name>kml_40</name>
<snippet> </snippet>
<description><![CDATA[<center><table><tr><th colspan='2' align='center'><em>Attributes</em></th></tr><tr bgcolor="#E3E3F3">
<th>STATION_NA</th>
<td>MARINA BAY MRT STATION</td>
</tr><tr bgcolor="">
<th>EXIT_CODE</th>
<td>Exit 3</td>
</tr><tr bgcolor="#E3E3F3">
<th>INC_CRC</th>
<td>2F2639EB423EFD0D</td>
</tr><tr bgcolor="">
<th>FMEL_UPD_D</th>
<td>20230127204435</td>
</tr></table></center>]]></description>
<ExtendedData>
<SchemaData schemaUrl="#kml_schema_ft_MRT_EXITS">
<SimpleData name="STATION_NA">MARINA BAY MRT STATION</SimpleData>
<SimpleData name="EXIT_CODE">Exit 3</SimpleData>
<SimpleData name="INC_CRC">2F2639EB423EFD0D</SimpleData>
<SimpleData name="FMEL_UPD_D">20230127204435</SimpleData>
</SchemaData>
</ExtendedData>
<Point>
<coordinates>103.85537174149,1.27541636589719,0.0</coordinates>
</Point>
</Placemark>
<Placemark id="kml_41">
<name>kml_41</name>
<snippet> </snippet>
<description><![CDATA[<center><table><tr><th colspan='2' align='center'><em>Attributes</em></th></tr><tr bgcolor="#E3E3F3">
<th>STATION_NA</th>
<td>ORCHARD MRT STATION</td>
</tr><tr bgcolor="">
<th>EXIT_CODE</th>
<td>Exit 11</td>
</tr><tr bgcolor="#E3E3F3">
<th>INC_CRC</th>
<td>0A847CDFAB7B3F63</td>
</tr><tr bgcolor="">
<th>FMEL_UPD_D</th>
<td>20230127204435</td>
</tr></table></center>]]></description>
<ExtendedData>
<SchemaData schemaUrl="#kml_schema_ft_MRT_EXITS">
<SimpleData name="STATION_NA">ORCHARD MRT STATION</SimpleData>
<SimpleData name="EXIT_CODE">Exit 11</SimpleData>
<SimpleData name="INC_CRC">0A847CDFAB7B3F63</SimpleData>
<SimpleData name="FMEL_UPD_D">20230127204435</SimpleData>
</SchemaData>
</ExtendedData>
<Point>
<coordinates>103.830496723547,1.30421797905404,0.0</coordinates>
</Point>
</Placemark>
<Placemark id="kml_42">
<name>kml_42</name>
<snippet> </snippet>
<description><![CDATA[<center><table><tr><th colspan='2' align='center'><em>Attributes</em></th></tr><tr bgcolor="#E3E3F3">
<th>STATION_NA</th>
<td>ORCHARD MRT STATION</td>
</tr><tr bgcolor="">
<th>EXIT_CODE</th>
<td>Exit 10</td>
</tr><tr bgcolor="#E3E3F3">
<th>INC_CRC</th>
<td>B3BE3F499ED707F1</td>
</tr><tr bgcolor="">
<th>FMEL_UPD_D</th>
<td>20230127204435</td>
</tr></table></center>]]></description>
<ExtendedData>
<SchemaData schemaUrl="#kml_schema_ft_MRT_EXITS">
<SimpleData name="STATION_NA">ORCHARD MRT STATION</SimpleData>
<SimpleData name="EXIT_CODE">Exit 10</SimpleData>
<SimpleData name="INC_CRC">B3BE3F499ED707F1</SimpleData>
<SimpleData name="FMEL_UPD_D">20230127204435</SimpleData>
</SchemaData>
</ExtendedData>
<Point>
<coordinates>103.831126574248,1.30404570543486,0.0</coordinates>
</Point>
</Placemark>
<Placemark id="kml_43">
<name>kml_43</name>
<snippet> </snippet>
<description><![CDATA[<center><table><tr><th colspan='2' align='center'><em>Attributes</em></th></tr><tr bgcolor="#E3E3F3">
<th>STATION_NA</th>
<td>ORCHARD MRT STATION</td>
</tr><tr bgcolor="">
<th>EXIT_CODE</th>
<td>Exit 9</td>
</tr><tr bgcolor="#E3E3F3">
<th>INC_CRC</th>
<td>AD31C99F12BAEE46</td>
</tr><tr bgcolor="">
<th>FMEL_UPD_D</th>
<td>20230127204435</td>
</tr></table></center>]]></description>
<ExtendedData>
<SchemaData schemaUrl="#kml_schema_ft_MRT_EXITS">
<SimpleData name="STATION_NA">ORCHARD MRT STATION</SimpleData>
<SimpleData name="EXIT_CODE">Exit 9</SimpleData>
<SimpleData name="INC_CRC">AD31C99F12BAEE46</SimpleData>
<SimpleData name="FMEL_UPD_D">20230127204435</SimpleData>
</SchemaData>
</ExtendedData>
<Point>
<coordinates>103.831506861841,1.30366551621641,0.0</coordinates>
</Point>
</Placemark>
<Placemark id="kml_44">
<name>kml_44</name>
<snippet> </snippet>
<description><![CDATA[<center><table><tr><th colspan='2' align='center'><em>Attributes</em></th></tr><tr bgcolor="#E3E3F3">
<th>STATION_NA</th>
<td>ORCHARD MRT STATION</td>
</tr><tr bgcolor="">
<th>EXIT_CODE</th>
<td>Exit 8</td>
</tr><tr bgcolor="#E3E3F3">
<th>INC_CRC</th>
<td>705858431FF72BCB</td>
</tr><tr bgcolor="">
<th>FMEL_UPD_D</th>
<td>20230127204435</td>
</tr></table></center>]]></description>
<ExtendedData>
<SchemaData schemaUrl="#kml_schema_ft_MRT_EXITS">
<SimpleData name="STATION_NA">ORCHARD MRT STATION</SimpleData>
<SimpleData name="EXIT_CODE">Exit 8</SimpleData>
<SimpleData name="INC_CRC">705858431FF72BCB</SimpleData>
<SimpleData name="FMEL_UPD_D">20230127204435</SimpleData>
</SchemaData>
</ExtendedData>
<Point>
<coordinates>103.83178613556,1.30344571958931,0.0</coordinates>
</Point>
</Placemark>
<Placemark id="kml_45">
<name>kml_45</name>
<snippet> </snippet>
<description><![CDATA[<center><table><tr><th colspan='2' align='center'><em>Attributes</em></th></tr><tr bgcolor="#E3E3F3">
<th>STATION_NA</th>
<td>ORCHARD MRT STATION</td>
</tr><tr bgcolor="">
<th>EXIT_CODE</th>
<td>Exit 13</td>
</tr><tr bgcolor="#E3E3F3">
<th>INC_CRC</th>
<td>DBD31FCCFBAE692E</td>
</tr><tr bgcolor="">
<th>FMEL_UPD_D</th>
<td>20230127204435</td>
</tr></table></center>]]></description>
<ExtendedData>
<SchemaData schemaUrl="#kml_schema_ft_MRT_EXITS">
<SimpleData name="STATION_NA">ORCHARD MRT STATION</SimpleData>
<SimpleData name="EXIT_CODE">Exit 13</SimpleData>
<SimpleData name="INC_CRC">DBD31FCCFBAE692E</SimpleData>
<SimpleData name="FMEL_UPD_D">20230127204435</SimpleData>
</SchemaData>
</ExtendedData>
<Point>
<coordinates>103.832124829631,1.30229921132352,0.0</coordinates>
</Point>
</Placemark>
<Placemark id="kml_46">
<name>kml_46</name>
<snippet> </snippet>
<description><![CDATA[<center><table><tr><th colspan='2' align='center'><em>Attributes</em></th></tr><tr bgcolor="#E3E3F3">
<th>STATION_NA</th>
<td>ORCHARD MRT STATION</td>
</tr><tr bgcolor="">
<th>EXIT_CODE</th>
<td>Exit 5</td>
</tr><tr bgcolor="#E3E3F3">
<th>INC_CRC</th>
<td>FCA5411E28B2A33D</td>
</tr><tr bgcolor="">
<th>FMEL_UPD_D</th>
<td>20230127204435</td>
</tr></table></center>]]></description>
<ExtendedData>
<SchemaData schemaUrl="#kml_schema_ft_MRT_EXITS">
<SimpleData name="STATION_NA">ORCHARD MRT STATION</SimpleData>
<SimpleData name="EXIT_CODE">Exit 5</SimpleData>
<SimpleData name="INC_CRC">FCA5411E28B2A33D</SimpleData>
<SimpleData name="FMEL_UPD_D">20230127204435</SimpleData>
</SchemaData>
</ExtendedData>
<Point>
<coordinates>103.832023815157,1.30394471745993,0.0</coordinates>
</Point>
</Placemark>
<Placemark id="kml_47">
<name>kml_47</name>
<snippet> </snippet>
<description><![CDATA[<center><table><tr><th colspan='2' align='center'><em>Attributes</em></th></tr><tr bgcolor="#E3E3F3">
<th>STATION_NA</th>
<td>ORCHARD MRT STATION</td>
</tr><tr bgcolor="">
<th>EXIT_CODE</th>
<td>Exit 6</td>
</tr><tr bgcolor="#E3E3F3">
<th>INC_CRC</th>
<td>D7A5F13EF395CD85</td>
</tr><tr bgcolor="">
<th>FMEL_UPD_D</th>
<td>20230127204435</td>
</tr></table></center>]]></description>
<ExtendedData>
<SchemaData schemaUrl="#kml_schema_ft_MRT_EXITS">
<SimpleData name="STATION_NA">ORCHARD MRT STATION</SimpleData>
<SimpleData name="EXIT_CODE">Exit 6</SimpleData>
<SimpleData name="INC_CRC">D7A5F13EF395CD85</SimpleData>
<SimpleData name="FMEL_UPD_D">20230127204435</SimpleData>
</SchemaData>
</ExtendedData>
<Point>
<coordinates>103.832320915154,1.30364769526593,0.0</coordinates>
</Point>
</Placemark>
<Placemark id="kml_48">
<name>kml_48</name>
<snippet> </snippet>
<description><![CDATA[<center><table><tr><th colspan='2' align='center'><em>Attributes</em></th></tr><tr bgcolor="#E3E3F3">
<th>STATION_NA</th>
<td>STEVENS MRT STATION</td>
</tr><tr bgcolor="">
<th>EXIT_CODE</th>
<td>Exit 5</td>
</tr><tr bgcolor="#E3E3F3">
<th>INC_CRC</th>
<td>3DDAD01108E1ED83</td>
</tr><tr bgcolor="">
<th>FMEL_UPD_D</th>
<td>20230127204435</td>
</tr></table></center>]]></description>
<ExtendedData>
<SchemaData schemaUrl="#kml_schema_ft_MRT_EXITS">
<SimpleData name="STATION_NA">STEVENS MRT STATION</SimpleData>
<SimpleData name="EXIT_CODE">Exit 5</SimpleData>
<SimpleData name="INC_CRC">3DDAD01108E1ED83</SimpleData>
<SimpleData name="FMEL_UPD_D">20230127204435</SimpleData>
</SchemaData>
</ExtendedData>
<Point>
<coordinates>103.826322577145,1.32093774341441,0.0</coordinates>
</Point>
</Placemark>
<Placemark id="kml_49">
<name>kml_49</name>
<snippet> </snippet>
<description><![CDATA[<center><table><tr><th colspan='2' align='center'><em>Attributes</em></th></tr><tr bgcolor="#E3E3F3">
<th>STATION_NA</th>
<td>STEVENS MRT STATION</td>
</tr><tr bgcolor="">
<th>EXIT_CODE</th>
<td>Exit 4</td>
</tr><tr bgcolor="#E3E3F3">
<th>INC_CRC</th>
<td>93AA974193E59BF8</td>
</tr><tr bgcolor="">
<th>FMEL_UPD_D</th>
<td>20230127204435</td>
</tr></table></center>]]></description>
<ExtendedData>
<SchemaData schemaUrl="#kml_schema_ft_MRT_EXITS">
<SimpleData name="STATION_NA">STEVENS MRT STATION</SimpleData>
<SimpleData name="EXIT_CODE">Exit 4</SimpleData>
<SimpleData name="INC_CRC">93AA974193E59BF8</SimpleData>
<SimpleData name="FMEL_UPD_D">20230127204435</SimpleData>
</SchemaData>
</ExtendedData>
<Point>
<coordinates>103.825882869659,1.32151990425561,0.0</coordinates>
</Point>
</Placemark>
<Placemark id="kml_50">
<name>kml_50</name>
<snippet> </snippet>
<description><![CDATA[<center><table><tr><th colspan='2' align='center'><em>Attributes</em></th></tr><tr bgcolor="#E3E3F3">
<th>STATION_NA</th>
<td>STEVENS MRT STATION</td>
</tr><tr bgcolor="">
<th>EXIT_CODE</th>
<td>Exit 1</td>
</tr><tr bgcolor="#E3E3F3">
<th>INC_CRC</th>
<td>43C1FAB4A764D619</td>
</tr><tr bgcolor="">
<th>FMEL_UPD_D</th>
<td>20230127204435</td>
</tr></table></center>]]></description>
<ExtendedData>
<SchemaData schemaUrl="#kml_schema_ft_MRT_EXITS">
<SimpleData name="STATION_NA">STEVENS MRT STATION</SimpleData>
<SimpleData name="EXIT_CODE">Exit 1</SimpleData>
<SimpleData name="INC_CRC">43C1FAB4A764D619</SimpleData>
<SimpleData name="FMEL_UPD_D">20230127204435</SimpleData>
</SchemaData>
</ExtendedData>
<Point>
<coordinates>103.825728378177,1.31995163510642,0.0</coordinates>
</Point>
</Placemark>
<Placemark id="kml_51">
<name>kml_51</name>
<snippet> </snippet>
<description><![CDATA[<center><table><tr><th colspan='2' align='center'><em>Attributes</em></th></tr><tr bgcolor="#E3E3F3">
<th>STATION_NA</th>
<td>STEVENS MRT STATION</td>
</tr><tr bgcolor="">
<th>EXIT_CODE</th>
<td>Exit 2</td>
</tr><tr bgcolor="#E3E3F3">
<th>INC_CRC</th>
<td>A6EA6AA10E329D97</td>
</tr><tr bgcolor="">
<th>FMEL_UPD_D</th>
<td>20230127204435</td>
</tr></table></center>]]></description>
<ExtendedData>
<SchemaData schemaUrl="#kml_schema_ft_MRT_EXITS">
<SimpleData name="STATION_NA">STEVENS MRT STATION</SimpleData>
<SimpleData name="EXIT_CODE">Exit 2</SimpleData>
<SimpleData name="INC_CRC">A6EA6AA10E329D97</SimpleData>
<SimpleData name="FMEL_UPD_D">20230127204435</SimpleData>
</SchemaData>
</ExtendedData>
<Point>
<coordinates>103.826013593581,1.31882889618825,0.0</coordinates>
</Point>
</Placemark>
<Placemark id="kml_52">
<name>kml_52</name>
<snippet> </snippet>
<description><![CDATA[<center><table><tr><th colspan='2' align='center'><em>Attributes</em></th></tr><tr bgcolor="#E3E3F3">
<th>STATION_NA</th>
<td>STEVENS MRT STATION</td>
</tr><tr bgcolor="">
<th>EXIT_CODE</th>
<td>Exit 3</td>
</tr><tr bgcolor="#E3E3F3">
<th>INC_CRC</th>
<td>FD76A5DA4056C137</td>
</tr><tr bgcolor="">
<th>FMEL_UPD_D</th>
<td>20230127204435</td>
</tr></table></center>]]></description>
<ExtendedData>
<SchemaData schemaUrl="#kml_schema_ft_MRT_EXITS">
<SimpleData name="STATION_NA">STEVENS MRT STATION</SimpleData>
<SimpleData name="EXIT_CODE">Exit 3</SimpleData>
<SimpleData name="INC_CRC">FD76A5DA4056C137</SimpleData>
<SimpleData name="FMEL_UPD_D">20230127204435</SimpleData>
</SchemaData>
</ExtendedData>
<Point>
<coordinates>103.824991570643,1.31947046099515,0.0</coordinates>
</Point>
</Placemark>
<Placemark id="kml_53">
<name>kml_53</name>
<snippet> </snippet>
<description><![CDATA[<center><table><tr><th colspan='2' align='center'><em>Attributes</em></th></tr><tr bgcolor="#E3E3F3">
<th>STATION_NA</th>
<td>HAVELOCK MRT STATION</td>
</tr><tr bgcolor="">
<th>EXIT_CODE</th>
<td>Exit 1</td>
</tr><tr bgcolor="#E3E3F3">
<th>INC_CRC</th>
<td>43806860EF6F95B6</td>
</tr><tr bgcolor="">
<th>FMEL_UPD_D</th>
<td>20230127204435</td>
</tr></table></center>]]></description>
<ExtendedData>
<SchemaData schemaUrl="#kml_schema_ft_MRT_EXITS">
<SimpleData name="STATION_NA">HAVELOCK MRT STATION</SimpleData>
<SimpleData name="EXIT_CODE">Exit 1</SimpleData>
<SimpleData name="INC_CRC">43806860EF6F95B6</SimpleData>
<SimpleData name="FMEL_UPD_D">20230127204435</SimpleData>
</SchemaData>
</ExtendedData>
<Point>
<coordinates>103.833839753358,1.28667674481792,0.0</coordinates>
</Point>
</Placemark>
<Placemark id="kml_54">
<name>kml_54</name>
<snippet> </snippet>
<description><![CDATA[<center><table><tr><th colspan='2' align='center'><em>Attributes</em></th></tr><tr bgcolor="#E3E3F3">
<th>STATION_NA</th>
<td>HAVELOCK MRT STATION</td>
</tr><tr bgcolor="">
<th>EXIT_CODE</th>
<td>Exit 2</td>
</tr><tr bgcolor="#E3E3F3">
<th>INC_CRC</th>
<td>2B4107CDD54FF45A</td>
</tr><tr bgcolor="">
<th>FMEL_UPD_D</th>
<td>20230127204435</td>
</tr></table></center>]]></description>
<ExtendedData>
<SchemaData schemaUrl="#kml_schema_ft_MRT_EXITS">
<SimpleData name="STATION_NA">HAVELOCK MRT STATION</SimpleData>
<SimpleData name="EXIT_CODE">Exit 2</SimpleData>
<SimpleData name="INC_CRC">2B4107CDD54FF45A</SimpleData>
<SimpleData name="FMEL_UPD_D">20230127204435</SimpleData>
</SchemaData>
</ExtendedData>
<Point>
<coordinates>103.833495118232,1.28694406698765,0.0</coordinates>
</Point>
</Placemark>
<Placemark id="kml_55">
<name>kml_55</name>
<snippet> </snippet>
<description><![CDATA[<center><table><tr><th colspan='2' align='center'><em>Attributes</em></th></tr><tr bgcolor="#E3E3F3">
<th>STATION_NA</th>
<td>HAVELOCK MRT STATION</td>
</tr><tr bgcolor="">
<th>EXIT_CODE</th>
<td>Exit 5</td>
</tr><tr bgcolor="#E3E3F3">
<th>INC_CRC</th>
<td>41415B22F604DBB1</td>
</tr><tr bgcolor="">
<th>FMEL_UPD_D</th>
<td>20230127204435</td>
</tr></table></center>]]></description>
<ExtendedData>
<SchemaData schemaUrl="#kml_schema_ft_MRT_EXITS">
<SimpleData name="STATION_NA">HAVELOCK MRT STATION</SimpleData>
<SimpleData name="EXIT_CODE">Exit 5</SimpleData>
<SimpleData name="INC_CRC">41415B22F604DBB1</SimpleData>
<SimpleData name="FMEL_UPD_D">20230127204435</SimpleData>
</SchemaData>
</ExtendedData>
<Point>
<coordinates>103.833961901637,1.28956096428231,0.0</coordinates>
</Point>
</Placemark>
<Placemark id="kml_56">
<name>kml_56</name>
<snippet> </snippet>
<description><![CDATA[<center><table><tr><th colspan='2' align='center'><em>Attributes</em></th></tr><tr bgcolor="#E3E3F3">
<th>STATION_NA</th>
<td>HAVELOCK MRT STATION</td>
</tr><tr bgcolor="">
<th>EXIT_CODE</th>
<td>Exit 4</td>
</tr><tr bgcolor="#E3E3F3">
<th>INC_CRC</th>
<td>F01A3E97C6F40606</td>
</tr><tr bgcolor="">
<th>FMEL_UPD_D</th>
<td>20230127204435</td>
</tr></table></center>]]></description>
<ExtendedData>
<SchemaData schemaUrl="#kml_schema_ft_MRT_EXITS">
<SimpleData name="STATION_NA">HAVELOCK MRT STATION</SimpleData>
<SimpleData name="EXIT_CODE">Exit 4</SimpleData>
<SimpleData name="INC_CRC">F01A3E97C6F40606</SimpleData>
<SimpleData name="FMEL_UPD_D">20230127204435</SimpleData>
</SchemaData>
</ExtendedData>
<Point>
<coordinates>103.834003496172,1.29016689416429,0.0</coordinates>
</Point>
</Placemark>
<Placemark id="kml_57">
<name>kml_57</name>
<snippet> </snippet>
<description><![CDATA[<center><table><tr><th colspan='2' align='center'><em>Attributes</em></th></tr><tr bgcolor="#E3E3F3">
<th>STATION_NA</th>
<td>CITY HALL MRT STATION</td>
</tr><tr bgcolor="">
<th>EXIT_CODE</th>
<td>Exit D</td>
</tr><tr bgcolor="#E3E3F3">
<th>INC_CRC</th>
<td>0D2982825A7A63D7</td>
</tr><tr bgcolor="">
<th>FMEL_UPD_D</th>
<td>20230127204435</td>
</tr></table></center>]]></description>
<ExtendedData>
<SchemaData schemaUrl="#kml_schema_ft_MRT_EXITS">
<SimpleData name="STATION_NA">CITY HALL MRT STATION</SimpleData>
<SimpleData name="EXIT_CODE">Exit D</SimpleData>
<SimpleData name="INC_CRC">0D2982825A7A63D7</SimpleData>
<SimpleData name="FMEL_UPD_D">20230127204435</SimpleData>
</SchemaData>
</ExtendedData>
<Point>
<coordinates>103.851802333809,1.29345482595132,0.0</coordinates>
</Point>
</Placemark>
<Placemark id="kml_58">
<name>kml_58</name>
<snippet> </snippet>
<description><![CDATA[<center><table><tr><th colspan='2' align='center'><em>Attributes</em></th></tr><tr bgcolor="#E3E3F3">
<th>STATION_NA</th>
<td>SOO TECK LRT STATION</td>
</tr><tr bgcolor="">
<th>EXIT_CODE</th>
<td>Exit A</td>
</tr><tr bgcolor="#E3E3F3">
<th>INC_CRC</th>
<td>5C840B0088A042B7</td>
</tr><tr bgcolor="">
<th>FMEL_UPD_D</th>
<td>20230127204435</td>
</tr></table></center>]]></description>
<ExtendedData>
<SchemaData schemaUrl="#kml_schema_ft_MRT_EXITS">
<SimpleData name="STATION_NA">SOO TECK LRT STATION</SimpleData>
<SimpleData name="EXIT_CODE">Exit A</SimpleData>
<SimpleData name="INC_CRC">5C840B0088A042B7</SimpleData>
<SimpleData name="FMEL_UPD_D">20230127204435</SimpleData>
</SchemaData>
</ExtendedData>
<Point>
<coordinates>103.897029921817,1.40501492486707,0.0</coordinates>
</Point>
</Placemark>
<Placemark id="kml_59">
<name>kml_59</name>
<snippet> </snippet>
<description><![CDATA[<center><table><tr><th colspan='2' align='center'><em>Attributes</em></th></tr><tr bgcolor="#E3E3F3">
<th>STATION_NA</th>
<td>SOO TECK LRT STATION</td>
</tr><tr bgcolor="">
<th>EXIT_CODE</th>
<td>Exit B</td>
</tr><tr bgcolor="#E3E3F3">
<th>INC_CRC</th>
<td>7CDEC183A92283AA</td>
</tr><tr bgcolor="">
<th>FMEL_UPD_D</th>
<td>20230127204435</td>
</tr></table></center>]]></description>
<ExtendedData>
<SchemaData schemaUrl="#kml_schema_ft_MRT_EXITS">
<SimpleData name="STATION_NA">SOO TECK LRT STATION</SimpleData>
<SimpleData name="EXIT_CODE">Exit B</SimpleData>
<SimpleData name="INC_CRC">7CDEC183A92283AA</SimpleData>
<SimpleData name="FMEL_UPD_D">20230127204435</SimpleData>
</SchemaData>
</ExtendedData>
<Point>
<coordinates>103.897408572121,1.40524489949914,0.0</coordinates>
</Point>
</Placemark>
<Placemark id="kml_60">
<name>kml_60</name>
<snippet> </snippet>
<description><![CDATA[<center><table><tr><th colspan='2' align='center'><em>Attributes</em></th></tr><tr bgcolor="#E3E3F3">
<th>STATION_NA</th>
<td>DAMAI LRT STATION</td>
</tr><tr bgcolor="">
<th>EXIT_CODE</th>
<td>Exit A</td>
</tr><tr bgcolor="#E3E3F3">
<th>INC_CRC</th>
<td>D50CD0EB8DF1A6AD</td>
</tr><tr bgcolor="">
<th>FMEL_UPD_D</th>
<td>20230127204435</td>
</tr></table></center>]]></description>
<ExtendedData>
<SchemaData schemaUrl="#kml_schema_ft_MRT_EXITS">
<SimpleData name="STATION_NA">DAMAI LRT STATION</SimpleData>
<SimpleData name="EXIT_CODE">Exit A</SimpleData>
<SimpleData name="INC_CRC">D50CD0EB8DF1A6AD</SimpleData>
<SimpleData name="FMEL_UPD_D">20230127204435</SimpleData>
</SchemaData>
</ExtendedData>
<Point>
<coordinates>103.908792226992,1.40528461343374,0.0</coordinates>
</Point>
</Placemark>
<Placemark id="kml_61">
<name>kml_61</name>
<snippet> </snippet>
<description><![CDATA[<center><table><tr><th colspan='2' align='center'><em>Attributes</em></th></tr><tr bgcolor="#E3E3F3">
<th>STATION_NA</th>
<td>MARINA BAY MRT STATION</td>
</tr><tr bgcolor="">
<th>EXIT_CODE</th>
<td>Exit 2</td>
</tr><tr bgcolor="#E3E3F3">
<th>INC_CRC</th>
<td>9B69D26308E8046F</td>
</tr><tr bgcolor="">
<th>FMEL_UPD_D</th>
<td>20230127204435</td>
</tr></table></center>]]></description>
<ExtendedData>
<SchemaData schemaUrl="#kml_schema_ft_MRT_EXITS">
<SimpleData name="STATION_NA">MARINA BAY MRT STATION</SimpleData>
<SimpleData name="EXIT_CODE">Exit 2</SimpleData>
<SimpleData name="INC_CRC">9B69D26308E8046F</SimpleData>
<SimpleData name="FMEL_UPD_D">20230127204435</SimpleData>
</SchemaData>
</ExtendedData>
<Point>
<coordinates>103.85500333792,1.27615893131623,0.0</coordinates>
</Point>
</Placemark>
<Placemark id="kml_62">
<name>kml_62</name>
<snippet> </snippet>
<description><![CDATA[<center><table><tr><th colspan='2' align='center'><em>Attributes</em></th></tr><tr bgcolor="#E3E3F3">
<th>STATION_NA</th>
<td>GARDENS BY THE BAY MRT STATION</td>
</tr><tr bgcolor="">
<th>EXIT_CODE</th>
<td>Exit 3</td>
</tr><tr bgcolor="#E3E3F3">
<th>INC_CRC</th>
<td>139A309B16435395</td>
</tr><tr bgcolor="">
<th>FMEL_UPD_D</th>
<td>20230127204435</td>
</tr></table></center>]]></description>
<ExtendedData>
<SchemaData schemaUrl="#kml_schema_ft_MRT_EXITS">
<SimpleData name="STATION_NA">GARDENS BY THE BAY MRT STATION</SimpleData>
<SimpleData name="EXIT_CODE">Exit 3</SimpleData>
<SimpleData name="INC_CRC">139A309B16435395</SimpleData>
<SimpleData name="FMEL_UPD_D">20230127204435</SimpleData>
</SchemaData>
</ExtendedData>
<Point>
<coordinates>103.867154122142,1.27830343996812,0.0</coordinates>
</Point>
</Placemark>
<Placemark id="kml_63">
<name>kml_63</name>
<snippet> </snippet>
<description><![CDATA[<center><table><tr><th colspan='2' align='center'><em>Attributes</em></th></tr><tr bgcolor="#E3E3F3">
<th>STATION_NA</th>
<td>GARDENS BY THE BAY MRT STATION</td>
</tr><tr bgcolor="">
<th>EXIT_CODE</th>
<td>Exit 2</td>
</tr><tr bgcolor="#E3E3F3">
<th>INC_CRC</th>
<td>64955697073C7D02</td>
</tr><tr bgcolor="">
<th>FMEL_UPD_D</th>
<td>20230127204435</td>
</tr></table></center>]]></description>
<ExtendedData>
<SchemaData schemaUrl="#kml_schema_ft_MRT_EXITS">
<SimpleData name="STATION_NA">GARDENS BY THE BAY MRT STATION</SimpleData>
<SimpleData name="EXIT_CODE">Exit 2</SimpleData>
<SimpleData name="INC_CRC">64955697073C7D02</SimpleData>
<SimpleData name="FMEL_UPD_D">20230127204435</SimpleData>
</SchemaData>
</ExtendedData>
<Point>
<coordinates>103.867968767276,1.27882622333397,0.0</coordinates>
</Point>
</Placemark>
<Placemark id="kml_64">
<name>kml_64</name>
<snippet> </snippet>
<description><![CDATA[<center><table><tr><th colspan='2' align='center'><em>Attributes</em></th></tr><tr bgcolor="#E3E3F3">
<th>STATION_NA</th>
<td>GARDENS BY THE BAY MRT STATION</td>
</tr><tr bgcolor="">
<th>EXIT_CODE</th>
<td>Exit 1</td>
</tr><tr bgcolor="#E3E3F3">
<th>INC_CRC</th>
<td>272B01765238D930</td>
</tr><tr bgcolor="">
<th>FMEL_UPD_D</th>
<td>20230127204435</td>
</tr></table></center>]]></description>
<ExtendedData>
<SchemaData schemaUrl="#kml_schema_ft_MRT_EXITS">
<SimpleData name="STATION_NA">GARDENS BY THE BAY MRT STATION</SimpleData>
<SimpleData name="EXIT_CODE">Exit 1</SimpleData>
<SimpleData name="INC_CRC">272B01765238D930</SimpleData>
<SimpleData name="FMEL_UPD_D">20230127204435</SimpleData>
</SchemaData>
</ExtendedData>
<Point>
<coordinates>103.868586734111,1.28037075595564,0.0</coordinates>
</Point>
</Placemark>
<Placemark id="kml_65">
<name>kml_65</name>
<snippet> </snippet>
<description><![CDATA[<center><table><tr><th colspan='2' align='center'><em>Attributes</em></th></tr><tr bgcolor="#E3E3F3">
<th>STATION_NA</th>
<td>MARINA SOUTH MRT STATION</td>
</tr><tr bgcolor="">
<th>EXIT_CODE</th>
<td>Exit 1</td>
</tr><tr bgcolor="#E3E3F3">
<th>INC_CRC</th>
<td>20846F5C306F5CFE</td>
</tr><tr bgcolor="">
<th>FMEL_UPD_D</th>
<td>20230127204435</td>
</tr></table></center>]]></description>
<ExtendedData>
<SchemaData schemaUrl="#kml_schema_ft_MRT_EXITS">
<SimpleData name="STATION_NA">MARINA SOUTH MRT STATION</SimpleData>
<SimpleData name="EXIT_CODE">Exit 1</SimpleData>
<SimpleData name="INC_CRC">20846F5C306F5CFE</SimpleData>
<SimpleData name="FMEL_UPD_D">20230127204435</SimpleData>
</SchemaData>
</ExtendedData>
<Point>
<coordinates>103.861503878728,1.27357480448593,0.0</coordinates>
</Point>
</Placemark>
<Placemark id="kml_66">
<name>kml_66</name>
<snippet> </snippet>
<description><![CDATA[<center><table><tr><th colspan='2' align='center'><em>Attributes</em></th></tr><tr bgcolor="#E3E3F3">
<th>STATION_NA</th>
<td>MARINA SOUTH MRT STATION</td>
</tr><tr bgcolor="">
<th>EXIT_CODE</th>
<td>Exit 2</td>
</tr><tr bgcolor="#E3E3F3">
<th>INC_CRC</th>
<td>AC98AC5E6E4A2440</td>
</tr><tr bgcolor="">
<th>FMEL_UPD_D</th>
<td>20230127204435</td>
</tr></table></center>]]></description>
<ExtendedData>
<SchemaData schemaUrl="#kml_schema_ft_MRT_EXITS">
<SimpleData name="STATION_NA">MARINA SOUTH MRT STATION</SimpleData>
<SimpleData name="EXIT_CODE">Exit 2</SimpleData>
<SimpleData name="INC_CRC">AC98AC5E6E4A2440</SimpleData>
<SimpleData name="FMEL_UPD_D">20230127204435</SimpleData>
</SchemaData>
</ExtendedData>
<Point>
<coordinates>103.861777210111,1.27385994951971,0.0</coordinates>
</Point>
</Placemark>
<Placemark id="kml_67">
<name>kml_67</name>
<snippet> </snippet>
<description><![CDATA[<center><table><tr><th colspan='2' align='center'><em>Attributes</em></th></tr><tr bgcolor="#E3E3F3">
<th>STATION_NA</th>
<td>MARINA SOUTH MRT STATION</td>
</tr><tr bgcolor="">
<th>EXIT_CODE</th>
<td>Exit 3</td>
</tr><tr bgcolor="#E3E3F3">
<th>INC_CRC</th>
<td>0D8225B43A9DB12A</td>
</tr><tr bgcolor="">
<th>FMEL_UPD_D</th>
<td>20230127204435</td>
</tr></table></center>]]></description>
<ExtendedData>
<SchemaData schemaUrl="#kml_schema_ft_MRT_EXITS">
<SimpleData name="STATION_NA">MARINA SOUTH MRT STATION</SimpleData>
<SimpleData name="EXIT_CODE">Exit 3</SimpleData>
<SimpleData name="INC_CRC">0D8225B43A9DB12A</SimpleData>
<SimpleData name="FMEL_UPD_D">20230127204435</SimpleData>
</SchemaData>
</ExtendedData>
<Point>
<coordinates>103.862894304629,1.27313520508679,0.0</coordinates>
</Point>
</Placemark>
<Placemark id="kml_68">
<name>kml_68</name>
<snippet> </snippet>
<description><![CDATA[<center><table><tr><th colspan='2' align='center'><em>Attributes</em></th></tr><tr bgcolor="#E3E3F3">
<th>STATION_NA</th>
<td>MARINA SOUTH MRT STATION</td>
</tr><tr bgcolor="">
<th>EXIT_CODE</th>
<td>Exit 4</td>
</tr><tr bgcolor="#E3E3F3">
<th>INC_CRC</th>
<td>465066CFAE562319</td>
</tr><tr bgcolor="">
<th>FMEL_UPD_D</th>
<td>20230127204435</td>
</tr></table></center>]]></description>
<ExtendedData>
<SchemaData schemaUrl="#kml_schema_ft_MRT_EXITS">
<SimpleData name="STATION_NA">MARINA SOUTH MRT STATION</SimpleData>
<SimpleData name="EXIT_CODE">Exit 4</SimpleData>
<SimpleData name="INC_CRC">465066CFAE562319</SimpleData>
<SimpleData name="FMEL_UPD_D">20230127204435</SimpleData>
</SchemaData>
</ExtendedData>
<Point>
<coordinates>103.862668508874,1.27551141461164,0.0</coordinates>
</Point>
</Placemark>
<Placemark id="kml_69">
<name>kml_69</name>
<snippet> </snippet>
<description><![CDATA[<center><table><tr><th colspan='2' align='center'><em>Attributes</em></th></tr><tr bgcolor="#E3E3F3">
<th>STATION_NA</th>
<td>ORCHARD BOULEVARD MRT STATION</td>
</tr><tr bgcolor="">
<th>EXIT_CODE</th>
<td>Exit 1</td>
</tr><tr bgcolor="#E3E3F3">
<th>INC_CRC</th>
<td>387A884B34A26CED</td>
</tr><tr bgcolor="">
<th>FMEL_UPD_D</th>
<td>20230127204435</td>
</tr></table></center>]]></description>
<ExtendedData>
<SchemaData schemaUrl="#kml_schema_ft_MRT_EXITS">
<SimpleData name="STATION_NA">ORCHARD BOULEVARD MRT STATION</SimpleData>
<SimpleData name="EXIT_CODE">Exit 1</SimpleData>
<SimpleData name="INC_CRC">387A884B34A26CED</SimpleData>
<SimpleData name="FMEL_UPD_D">20230127204435</SimpleData>
</SchemaData>
</ExtendedData>
<Point>
<coordinates>103.823637898436,1.30362395339039,0.0</coordinates>
</Point>
</Placemark>
<Placemark id="kml_70">
<name>kml_70</name>
<snippet> </snippet>
<description><![CDATA[<center><table><tr><th colspan='2' align='center'><em>Attributes</em></th></tr><tr bgcolor="#E3E3F3">
<th>STATION_NA</th>
<td>ORCHARD BOULEVARD MRT STATION</td>
</tr><tr bgcolor="">
<th>EXIT_CODE</th>
<td>Exit 2</td>
</tr><tr bgcolor="#E3E3F3">
<th>INC_CRC</th>
<td>4FC444363DB7E86D</td>
</tr><tr bgcolor="">
<th>FMEL_UPD_D</th>
<td>20230127204435</td>
</tr></table></center>]]></description>
<ExtendedData>
<SchemaData schemaUrl="#kml_schema_ft_MRT_EXITS">
<SimpleData name="STATION_NA">ORCHARD BOULEVARD MRT STATION</SimpleData>
<SimpleData name="EXIT_CODE">Exit 2</SimpleData>
<SimpleData name="INC_CRC">4FC444363DB7E86D</SimpleData>
<SimpleData name="FMEL_UPD_D">20230127204435</SimpleData>
</SchemaData>
</ExtendedData>
<Point>
<coordinates>103.82389561212,1.30246332428451,0.0</coordinates>
</Point>
</Placemark>
<Placemark id="kml_71">
<name>kml_71</name>
<snippet> </snippet>
<description><![CDATA[<center><table><tr><th colspan='2' align='center'><em>Attributes</em></th></tr><tr bgcolor="#E3E3F3">
<th>STATION_NA</th>
<td>GREAT WORLD MRT STATION</td>
</tr><tr bgcolor="">
<th>EXIT_CODE</th>
<td>Exit 5</td>
</tr><tr bgcolor="#E3E3F3">
<th>INC_CRC</th>
<td>65268329B5AD5F93</td>
</tr><tr bgcolor="">
<th>FMEL_UPD_D</th>
<td>20230127204435</td>
</tr></table></center>]]></description>
<ExtendedData>
<SchemaData schemaUrl="#kml_schema_ft_MRT_EXITS">
<SimpleData name="STATION_NA">GREAT WORLD MRT STATION</SimpleData>
<SimpleData name="EXIT_CODE">Exit 5</SimpleData>
<SimpleData name="INC_CRC">65268329B5AD5F93</SimpleData>
<SimpleData name="FMEL_UPD_D">20230127204435</SimpleData>
</SchemaData>
</ExtendedData>
<Point>
<coordinates>103.833405504371,1.29655259456474,0.0</coordinates>
</Point>
</Placemark>
<Placemark id="kml_72">
<name>kml_72</name>
<snippet> </snippet>
<description><![CDATA[<center><table><tr><th colspan='2' align='center'><em>Attributes</em></th></tr><tr bgcolor="#E3E3F3">
<th>STATION_NA</th>
<td>GREAT WORLD MRT STATION</td>
</tr><tr bgcolor="">
<th>EXIT_CODE</th>
<td>Exit 1</td>
</tr><tr bgcolor="#E3E3F3">
<th>INC_CRC</th>
<td>FCF6BA18E63CA65C</td>
</tr><tr bgcolor="">
<th>FMEL_UPD_D</th>
<td>20230127204435</td>
</tr></table></center>]]></description>
<ExtendedData>
<SchemaData schemaUrl="#kml_schema_ft_MRT_EXITS">
<SimpleData name="STATION_NA">GREAT WORLD MRT STATION</SimpleData>
<SimpleData name="EXIT_CODE">Exit 1</SimpleData>
<SimpleData name="INC_CRC">FCF6BA18E63CA65C</SimpleData>
<SimpleData name="FMEL_UPD_D">20230127204435</SimpleData>
</SchemaData>
</ExtendedData>
<Point>
<coordinates>103.833904631248,1.29332097607264,0.0</coordinates>
</Point>
</Placemark>
<Placemark id="kml_73">
<name>kml_73</name>
<snippet> </snippet>
<description><![CDATA[<center><table><tr><th colspan='2' align='center'><em>Attributes</em></th></tr><tr bgcolor="#E3E3F3">
<th>STATION_NA</th>
<td>GREAT WORLD MRT STATION</td>
</tr><tr bgcolor="">
<th>EXIT_CODE</th>
<td>Exit 2</td>
</tr><tr bgcolor="#E3E3F3">
<th>INC_CRC</th>
<td>72FD2496EC6B1D54</td>
</tr><tr bgcolor="">
<th>FMEL_UPD_D</th>
<td>20230127204435</td>
</tr></table></center>]]></description>
<ExtendedData>
<SchemaData schemaUrl="#kml_schema_ft_MRT_EXITS">
<SimpleData name="STATION_NA">GREAT WORLD MRT STATION</SimpleData>
<SimpleData name="EXIT_CODE">Exit 2</SimpleData>
<SimpleData name="INC_CRC">72FD2496EC6B1D54</SimpleData>
<SimpleData name="FMEL_UPD_D">20230127204435</SimpleData>
</SchemaData>
</ExtendedData>
<Point>
<coordinates>103.832627103189,1.2928694999213,0.0</coordinates>
</Point>
</Placemark>
<Placemark id="kml_74">
<name>kml_74</name>
<snippet> </snippet>
<description><![CDATA[<center><table><tr><th colspan='2' align='center'><em>Attributes</em></th></tr><tr bgcolor="#E3E3F3">
<th>STATION_NA</th>
<td>GREAT WORLD MRT STATION</td>
</tr><tr bgcolor="">
<th>EXIT_CODE</th>
<td>Exit 6</td>
</tr><tr bgcolor="#E3E3F3">
<th>INC_CRC</th>
<td>4F2D7457D45F29D1</td>
</tr><tr bgcolor="">
<th>FMEL_UPD_D</th>
<td>20230127204435</td>
</tr></table></center>]]></description>
<ExtendedData>
<SchemaData schemaUrl="#kml_schema_ft_MRT_EXITS">
<SimpleData name="STATION_NA">GREAT WORLD MRT STATION</SimpleData>
<SimpleData name="EXIT_CODE">Exit 6</SimpleData>
<SimpleData name="INC_CRC">4F2D7457D45F29D1</SimpleData>
<SimpleData name="FMEL_UPD_D">20230127204435</SimpleData>
</SchemaData>
</ExtendedData>
<Point>
<coordinates>103.832841014649,1.29318434464758,0.0</coordinates>
</Point>
</Placemark>
<Placemark id="kml_75">
<name>kml_75</name>
<snippet> </snippet>
<description><![CDATA[<center><table><tr><th colspan='2' align='center'><em>Attributes</em></th></tr><tr bgcolor="#E3E3F3">
<th>STATION_NA</th>
<td>GREAT WORLD MRT STATION</td>
</tr><tr bgcolor="">
<th>EXIT_CODE</th>
<td>Exit 3</td>
</tr><tr bgcolor="#E3E3F3">
<th>INC_CRC</th>
<td>C2D22AD994AA8975</td>
</tr><tr bgcolor="">
<th>FMEL_UPD_D</th>
<td>20230127204435</td>
</tr></table></center>]]></description>
<ExtendedData>
<SchemaData schemaUrl="#kml_schema_ft_MRT_EXITS">
<SimpleData name="STATION_NA">GREAT WORLD MRT STATION</SimpleData>
<SimpleData name="EXIT_CODE">Exit 3</SimpleData>
<SimpleData name="INC_CRC">C2D22AD994AA8975</SimpleData>
<SimpleData name="FMEL_UPD_D">20230127204435</SimpleData>
</SchemaData>
</ExtendedData>
<Point>
<coordinates>103.832734059176,1.29381997655443,0.0</coordinates>
</Point>
</Placemark>
<Placemark id="kml_76">
<name>kml_76</name>
<snippet> </snippet>
<description><![CDATA[<center><table><tr><th colspan='2' align='center'><em>Attributes</em></th></tr><tr bgcolor="#E3E3F3">
<th>STATION_NA</th>
<td>GREAT WORLD MRT STATION</td>
</tr><tr bgcolor="">
<th>EXIT_CODE</th>
<td>Exit 4</td>
</tr><tr bgcolor="#E3E3F3">
<th>INC_CRC</th>
<td>5FD7E726E04576E5</td>
</tr><tr bgcolor="">
<th>FMEL_UPD_D</th>
<td>20230127204435</td>
</tr></table></center>]]></description>
<ExtendedData>
<SchemaData schemaUrl="#kml_schema_ft_MRT_EXITS">
<SimpleData name="STATION_NA">GREAT WORLD MRT STATION</SimpleData>
<SimpleData name="EXIT_CODE">Exit 4</SimpleData>
<SimpleData name="INC_CRC">5FD7E726E04576E5</SimpleData>
<SimpleData name="FMEL_UPD_D">20230127204435</SimpleData>
</SchemaData>
</ExtendedData>
<Point>
<coordinates>103.833037100577,1.29602983278925,0.0</coordinates>
</Point>
</Placemark>
<Placemark id="kml_77">
<name>kml_77</name>
<snippet> </snippet>
<description><![CDATA[<center><table><tr><th colspan='2' align='center'><em>Attributes</em></th></tr><tr bgcolor="#E3E3F3">
<th>STATION_NA</th>
<td>HAVELOCK MRT STATION</td>
</tr><tr bgcolor="">
<th>EXIT_CODE</th>
<td>Exit 3</td>
</tr><tr bgcolor="#E3E3F3">
<th>INC_CRC</th>
<td>3509B8FC37977C9F</td>
</tr><tr bgcolor="">
<th>FMEL_UPD_D</th>
<td>20230127204435</td>
</tr></table></center>]]></description>
<ExtendedData>
<SchemaData schemaUrl="#kml_schema_ft_MRT_EXITS">
<SimpleData name="STATION_NA">HAVELOCK MRT STATION</SimpleData>
<SimpleData name="EXIT_CODE">Exit 3</SimpleData>
<SimpleData name="INC_CRC">3509B8FC37977C9F</SimpleData>
<SimpleData name="FMEL_UPD_D">20230127204435</SimpleData>
</SchemaData>
</ExtendedData>
<Point>
<coordinates>103.833369520278,1.28884356335354,0.0</coordinates>
</Point>
</Placemark>
<Placemark id="kml_78">
<name>kml_78</name>
<snippet> </snippet>
<description><![CDATA[<center><table><tr><th colspan='2' align='center'><em>Attributes</em></th></tr><tr bgcolor="#E3E3F3">
<th>STATION_NA</th>
<td>NAPIER MRT STATION</td>
</tr><tr bgcolor="">
<th>EXIT_CODE</th>
<td>Exit 1</td>
</tr><tr bgcolor="#E3E3F3">
<th>INC_CRC</th>
<td>8800C596B7DB260F</td>
</tr><tr bgcolor="">
<th>FMEL_UPD_D</th>
<td>20230127204435</td>
</tr></table></center>]]></description>
<ExtendedData>
<SchemaData schemaUrl="#kml_schema_ft_MRT_EXITS">
<SimpleData name="STATION_NA">NAPIER MRT STATION</SimpleData>
<SimpleData name="EXIT_CODE">Exit 1</SimpleData>
<SimpleData name="INC_CRC">8800C596B7DB260F</SimpleData>
<SimpleData name="FMEL_UPD_D">20230127204435</SimpleData>
</SchemaData>
</ExtendedData>
<Point>
<coordinates>103.819483777776,1.30693598792234,0.0</coordinates>
</Point>
</Placemark>
<Placemark id="kml_79">
<name>kml_79</name>
<snippet> </snippet>
<description><![CDATA[<center><table><tr><th colspan='2' align='center'><em>Attributes</em></th></tr><tr bgcolor="#E3E3F3">
<th>STATION_NA</th>
<td>NAPIER MRT STATION</td>
</tr><tr bgcolor="">
<th>EXIT_CODE</th>
<td>Exit 2</td>
</tr><tr bgcolor="#E3E3F3">
<th>INC_CRC</th>
<td>CE1402EDB6926C4A</td>
</tr><tr bgcolor="">
<th>FMEL_UPD_D</th>
<td>20230127204435</td>
</tr></table></center>]]></description>
<ExtendedData>
<SchemaData schemaUrl="#kml_schema_ft_MRT_EXITS">
<SimpleData name="STATION_NA">NAPIER MRT STATION</SimpleData>
<SimpleData name="EXIT_CODE">Exit 2</SimpleData>
<SimpleData name="INC_CRC">CE1402EDB6926C4A</SimpleData>
<SimpleData name="FMEL_UPD_D">20230127204435</SimpleData>
</SchemaData>
</ExtendedData>
<Point>
<coordinates>103.819506621185,1.3063449793684,0.0</coordinates>
</Point>
</Placemark>
<Placemark id="kml_80">
<name>kml_80</name>
<snippet> </snippet>
<description><![CDATA[<center><table><tr><th colspan='2' align='center'><em>Attributes</em></th></tr><tr bgcolor="#E3E3F3">
<th>STATION_NA</th>
<td>ORCHARD MRT STATION</td>
</tr><tr bgcolor="">
<th>EXIT_CODE</th>
<td>Exit 12</td>
</tr><tr bgcolor="#E3E3F3">
<th>INC_CRC</th>
<td>A360078B6432F773</td>
</tr><tr bgcolor="">
<th>FMEL_UPD_D</th>
<td>20230127204435</td>
</tr></table></center>]]></description>
<ExtendedData>
<SchemaData schemaUrl="#kml_schema_ft_MRT_EXITS">
<SimpleData name="STATION_NA">ORCHARD MRT STATION</SimpleData>
<SimpleData name="EXIT_CODE">Exit 12</SimpleData>
<SimpleData name="INC_CRC">A360078B6432F773</SimpleData>
<SimpleData name="FMEL_UPD_D">20230127204435</SimpleData>
</SchemaData>
</ExtendedData>
<Point>
<coordinates>103.830663098953,1.30285761474898,0.0</coordinates>
</Point>
</Placemark>
<Placemark id="kml_81">
<name>kml_81</name>
<snippet> </snippet>
<description><![CDATA[<center><table><tr><th colspan='2' align='center'><em>Attributes</em></th></tr><tr bgcolor="#E3E3F3">
<th>STATION_NA</th>
<td>OASIS LRT STATION</td>
</tr><tr bgcolor="">
<th>EXIT_CODE</th>
<td>Exit A</td>
</tr><tr bgcolor="#E3E3F3">
<th>INC_CRC</th>
<td>0BEB37C242EBF30C</td>
</tr><tr bgcolor="">
<th>FMEL_UPD_D</th>
<td>20230127204435</td>
</tr></table></center>]]></description>
<ExtendedData>
<SchemaData schemaUrl="#kml_schema_ft_MRT_EXITS">
<SimpleData name="STATION_NA">OASIS LRT STATION</SimpleData>
<SimpleData name="EXIT_CODE">Exit A</SimpleData>
<SimpleData name="INC_CRC">0BEB37C242EBF30C</SimpleData>
<SimpleData name="FMEL_UPD_D">20230127204435</SimpleData>
</SchemaData>
</ExtendedData>
<Point>
<coordinates>103.912646133061,1.40250713144757,0.0</coordinates>
</Point>
</Placemark>
<Placemark id="kml_82">
<name>kml_82</name>
<snippet> </snippet>
<description><![CDATA[<center><table><tr><th colspan='2' align='center'><em>Attributes</em></th></tr><tr bgcolor="#E3E3F3">
<th>STATION_NA</th>
<td>KADALOOR LRT STATION</td>
</tr><tr bgcolor="">
<th>EXIT_CODE</th>
<td>Exit A</td>
</tr><tr bgcolor="#E3E3F3">
<th>INC_CRC</th>
<td>8F348D1DC2C6DCD9</td>
</tr><tr bgcolor="">
<th>FMEL_UPD_D</th>
<td>20230127204435</td>
</tr></table></center>]]></description>
<ExtendedData>
<SchemaData schemaUrl="#kml_schema_ft_MRT_EXITS">
<SimpleData name="STATION_NA">KADALOOR LRT STATION</SimpleData>
<SimpleData name="EXIT_CODE">Exit A</SimpleData>
<SimpleData name="INC_CRC">8F348D1DC2C6DCD9</SimpleData>
<SimpleData name="FMEL_UPD_D">20230127204435</SimpleData>
</SchemaData>
</ExtendedData>
<Point>
<coordinates>103.916387458482,1.39980926315018,0.0</coordinates>
</Point>
</Placemark>
<Placemark id="kml_83">
<name>kml_83</name>
<snippet> </snippet>
<description><![CDATA[<center><table><tr><th colspan='2' align='center'><em>Attributes</em></th></tr><tr bgcolor="#E3E3F3">
<th>STATION_NA</th>
<td>MERIDIAN LRT STATION</td>
</tr><tr bgcolor="">
<th>EXIT_CODE</th>
<td>Exit A</td>
</tr><tr bgcolor="#E3E3F3">
<th>INC_CRC</th>
<td>FCD25ADA46274E53</td>
</tr><tr bgcolor="">
<th>FMEL_UPD_D</th>
<td>20230127204435</td>
</tr></table></center>]]></description>
<ExtendedData>
<SchemaData schemaUrl="#kml_schema_ft_MRT_EXITS">
<SimpleData name="STATION_NA">MERIDIAN LRT STATION</SimpleData>
<SimpleData name="EXIT_CODE">Exit A</SimpleData>
<SimpleData name="INC_CRC">FCD25ADA46274E53</SimpleData>
<SimpleData name="FMEL_UPD_D">20230127204435</SimpleData>
</SchemaData>
</ExtendedData>
<Point>
<coordinates>103.908965833187,1.39668105013866,0.0</coordinates>
</Point>
</Placemark>
<Placemark id="kml_84">
<name>kml_84</name>
<snippet> </snippet>
<description><![CDATA[<center><table><tr><th colspan='2' align='center'><em>Attributes</em></th></tr><tr bgcolor="#E3E3F3">
<th>STATION_NA</th>
<td>MERIDIAN LRT STATION</td>
</tr><tr bgcolor="">
<th>EXIT_CODE</th>
<td>Exit B</td>
</tr><tr bgcolor="#E3E3F3">
<th>INC_CRC</th>
<td>CB5492FBE757562B</td>
</tr><tr bgcolor="">
<th>FMEL_UPD_D</th>
<td>20230127204435</td>
</tr></table></center>]]></description>
<ExtendedData>
<SchemaData schemaUrl="#kml_schema_ft_MRT_EXITS">
<SimpleData name="STATION_NA">MERIDIAN LRT STATION</SimpleData>
<SimpleData name="EXIT_CODE">Exit B</SimpleData>
<SimpleData name="INC_CRC">CB5492FBE757562B</SimpleData>
<SimpleData name="FMEL_UPD_D">20230127204435</SimpleData>
</SchemaData>
</ExtendedData>
<Point>
<coordinates>103.908869496154,1.39712168979943,0.0</coordinates>
</Point>
</Placemark>
<Placemark id="kml_85">
<name>kml_85</name>
<snippet> </snippet>
<description><![CDATA[<center><table><tr><th colspan='2' align='center'><em>Attributes</em></th></tr><tr bgcolor="#E3E3F3">
<th>STATION_NA</th>
<td>COVE LRT STATION</td>
</tr><tr bgcolor="">
<th>EXIT_CODE</th>
<td>Exit A</td>
</tr><tr bgcolor="#E3E3F3">
<th>INC_CRC</th>
<td>C06D10E6EBF83EA6</td>
</tr><tr bgcolor="">
<th>FMEL_UPD_D</th>
<td>20230127204435</td>
</tr></table></center>]]></description>
<ExtendedData>
<SchemaData schemaUrl="#kml_schema_ft_MRT_EXITS">
<SimpleData name="STATION_NA">COVE LRT STATION</SimpleData>
<SimpleData name="EXIT_CODE">Exit A</SimpleData>
<SimpleData name="INC_CRC">C06D10E6EBF83EA6</SimpleData>
<SimpleData name="FMEL_UPD_D">20230127204435</SimpleData>
</SchemaData>
</ExtendedData>
<Point>
<coordinates>103.905928735776,1.399124393509,0.0</coordinates>
</Point>
</Placemark>
<Placemark id="kml_86">
<name>kml_86</name>
<snippet> </snippet>
<description><![CDATA[<center><table><tr><th colspan='2' align='center'><em>Attributes</em></th></tr><tr bgcolor="#E3E3F3">
<th>STATION_NA</th>
<td>SOUTH VIEW LRT STATION</td>
</tr><tr bgcolor="">
<th>EXIT_CODE</th>
<td>Exit A</td>
</tr><tr bgcolor="#E3E3F3">
<th>INC_CRC</th>
<td>335EFAECE777F0ED</td>
</tr><tr bgcolor="">
<th>FMEL_UPD_D</th>
<td>20230127204435</td>
</tr></table></center>]]></description>
<ExtendedData>
<SchemaData schemaUrl="#kml_schema_ft_MRT_EXITS">
<SimpleData name="STATION_NA">SOUTH VIEW LRT STATION</SimpleData>
<SimpleData name="EXIT_CODE">Exit A</SimpleData>
<SimpleData name="INC_CRC">335EFAECE777F0ED</SimpleData>
<SimpleData name="FMEL_UPD_D">20230127204435</SimpleData>
</SchemaData>
</ExtendedData>
<Point>
<coordinates>103.74510113108,1.38031765699103,0.0</coordinates>
</Point>
</Placemark>
<Placemark id="kml_87">
<name>kml_87</name>
<snippet> </snippet>
<description><![CDATA[<center><table><tr><th colspan='2' align='center'><em>Attributes</em></th></tr><tr bgcolor="#E3E3F3">
<th>STATION_NA</th>
<td>HOLLAND VILLAGE MRT STATION</td>
</tr><tr bgcolor="">
<th>EXIT_CODE</th>
<td>Exit B</td>
</tr><tr bgcolor="#E3E3F3">
<th>INC_CRC</th>
<td>76D46E22BDCAEAAA</td>
</tr><tr bgcolor="">
<th>FMEL_UPD_D</th>
<td>20230127204435</td>
</tr></table></center>]]></description>
<ExtendedData>
<SchemaData schemaUrl="#kml_schema_ft_MRT_EXITS">
<SimpleData name="STATION_NA">HOLLAND VILLAGE MRT STATION</SimpleData>
<SimpleData name="EXIT_CODE">Exit B</SimpleData>
<SimpleData name="INC_CRC">76D46E22BDCAEAAA</SimpleData>
<SimpleData name="FMEL_UPD_D">20230127204435</SimpleData>
</SchemaData>
</ExtendedData>
<Point>
<coordinates>103.79576910839,1.31106948365962,0.0</coordinates>
</Point>
</Placemark>
<Placemark id="kml_88">
<name>kml_88</name>
<snippet> </snippet>
<description><![CDATA[<center><table><tr><th colspan='2' align='center'><em>Attributes</em></th></tr><tr bgcolor="#E3E3F3">
<th>STATION_NA</th>
<td>ONE-NORTH MRT STATION</td>
</tr><tr bgcolor="">
<th>EXIT_CODE</th>
<td>Exit B</td>
</tr><tr bgcolor="#E3E3F3">
<th>INC_CRC</th>
<td>45A9A4D683B771BF</td>
</tr><tr bgcolor="">
<th>FMEL_UPD_D</th>
<td>20230127204435</td>
</tr></table></center>]]></description>
<ExtendedData>
<SchemaData schemaUrl="#kml_schema_ft_MRT_EXITS">
<SimpleData name="STATION_NA">ONE-NORTH MRT STATION</SimpleData>
<SimpleData name="EXIT_CODE">Exit B</SimpleData>
<SimpleData name="INC_CRC">45A9A4D683B771BF</SimpleData>
<SimpleData name="FMEL_UPD_D">20230127204435</SimpleData>
</SchemaData>
</ExtendedData>
<Point>
<coordinates>103.787927806168,1.30035949347946,0.0</coordinates>
</Point>
</Placemark>
<Placemark id="kml_89">
<name>kml_89</name>
<snippet> </snippet>
<description><![CDATA[<center><table><tr><th colspan='2' align='center'><em>Attributes</em></th></tr><tr bgcolor="#E3E3F3">
<th>STATION_NA</th>
<td>OUTRAM PARK MRT STATION</td>
</tr><tr bgcolor="">
<th>EXIT_CODE</th>
<td>Exit 3</td>
</tr><tr bgcolor="#E3E3F3">
<th>INC_CRC</th>
<td>00AC1131DC50AE35</td>
</tr><tr bgcolor="">
<th>FMEL_UPD_D</th>
<td>20230127204435</td>
</tr></table></center>]]></description>
<ExtendedData>
<SchemaData schemaUrl="#kml_schema_ft_MRT_EXITS">
<SimpleData name="STATION_NA">OUTRAM PARK MRT STATION</SimpleData>
<SimpleData name="EXIT_CODE">Exit 3</SimpleData>
<SimpleData name="INC_CRC">00AC1131DC50AE35</SimpleData>
<SimpleData name="FMEL_UPD_D">20230127204435</SimpleData>
</SchemaData>
</ExtendedData>
<Point>
<coordinates>103.83978923248,1.28099327615611,0.0</coordinates>
</Point>
</Placemark>
<Placemark id="kml_90">
<name>kml_90</name>
<snippet> </snippet>
<description><![CDATA[<center><table><tr><th colspan='2' align='center'><em>Attributes</em></th></tr><tr bgcolor="#E3E3F3">
<th>STATION_NA</th>
<td>DOVER MRT STATION</td>
</tr><tr bgcolor="">
<th>EXIT_CODE</th>
<td>Exit A</td>
</tr><tr bgcolor="#E3E3F3">
<th>INC_CRC</th>
<td>3350D5255C75B2ED</td>
</tr><tr bgcolor="">
<th>FMEL_UPD_D</th>
<td>20230127204435</td>
</tr></table></center>]]></description>
<ExtendedData>
<SchemaData schemaUrl="#kml_schema_ft_MRT_EXITS">
<SimpleData name="STATION_NA">DOVER MRT STATION</SimpleData>
<SimpleData name="EXIT_CODE">Exit A</SimpleData>
<SimpleData name="INC_CRC">3350D5255C75B2ED</SimpleData>
<SimpleData name="FMEL_UPD_D">20230127204435</SimpleData>
</SchemaData>
</ExtendedData>
<Point>
<coordinates>103.778304715288,1.31141543344877,0.0</coordinates>
</Point>
</Placemark>
<Placemark id="kml_91">
<name>kml_91</name>
<snippet> </snippet>
<description><![CDATA[<center><table><tr><th colspan='2' align='center'><em>Attributes</em></th></tr><tr bgcolor="#E3E3F3">
<th>STATION_NA</th>
<td>DOVER MRT STATION</td>
</tr><tr bgcolor="">
<th>EXIT_CODE</th>
<td>Exit B</td>
</tr><tr bgcolor="#E3E3F3">
<th>INC_CRC</th>
<td>F180ED4FDDA94062</td>
</tr><tr bgcolor="">
<th>FMEL_UPD_D</th>
<td>20230127204435</td>
</tr></table></center>]]></description>
<ExtendedData>
<SchemaData schemaUrl="#kml_schema_ft_MRT_EXITS">
<SimpleData name="STATION_NA">DOVER MRT STATION</SimpleData>
<SimpleData name="EXIT_CODE">Exit B</SimpleData>
<SimpleData name="INC_CRC">F180ED4FDDA94062</SimpleData>
<SimpleData name="FMEL_UPD_D">20230127204435</SimpleData>
</SchemaData>
</ExtendedData>
<Point>
<coordinates>103.778464771304,1.31169319167964,0.0</coordinates>
</Point>
</Placemark>
<Placemark id="kml_92">
<name>kml_92</name>
<snippet> </snippet>
<description><![CDATA[<center><table><tr><th colspan='2' align='center'><em>Attributes</em></th></tr><tr bgcolor="#E3E3F3">
<th>STATION_NA</th>
<td>BOON LAY MRT STATION</td>
</tr><tr bgcolor="">
<th>EXIT_CODE</th>
<td>Exit D</td>
</tr><tr bgcolor="#E3E3F3">
<th>INC_CRC</th>
<td>A277212C952A5DE9</td>
</tr><tr bgcolor="">
<th>FMEL_UPD_D</th>
<td>20230127204435</td>
</tr></table></center>]]></description>
<ExtendedData>
<SchemaData schemaUrl="#kml_schema_ft_MRT_EXITS">
<SimpleData name="STATION_NA">BOON LAY MRT STATION</SimpleData>
<SimpleData name="EXIT_CODE">Exit D</SimpleData>
<SimpleData name="INC_CRC">A277212C952A5DE9</SimpleData>
<SimpleData name="FMEL_UPD_D">20230127204435</SimpleData>
</SchemaData>
</ExtendedData>
<Point>
<coordinates>103.705650038035,1.33862950779597,0.0</coordinates>
</Point>
</Placemark>
<Placemark id="kml_93">
<name>kml_93</name>
<snippet> </snippet>
<description><![CDATA[<center><table><tr><th colspan='2' align='center'><em>Attributes</em></th></tr><tr bgcolor="#E3E3F3">
<th>STATION_NA</th>
<td>BOON LAY MRT STATION</td>
</tr><tr bgcolor="">
<th>EXIT_CODE</th>
<td>Exit E</td>
</tr><tr bgcolor="#E3E3F3">
<th>INC_CRC</th>
<td>A16B7FAC4E5AB117</td>
</tr><tr bgcolor="">
<th>FMEL_UPD_D</th>
<td>20230127204435</td>
</tr></table></center>]]></description>
<ExtendedData>
<SchemaData schemaUrl="#kml_schema_ft_MRT_EXITS">
<SimpleData name="STATION_NA">BOON LAY MRT STATION</SimpleData>
<SimpleData name="EXIT_CODE">Exit E</SimpleData>
<SimpleData name="INC_CRC">A16B7FAC4E5AB117</SimpleData>
<SimpleData name="FMEL_UPD_D">20230127204435</SimpleData>
</SchemaData>
</ExtendedData>
<Point>
<coordinates>103.7053533532,1.3385141209312,0.0</coordinates>
</Point>
</Placemark>
<Placemark id="kml_94">
<name>kml_94</name>
<snippet> </snippet>
<description><![CDATA[<center><table><tr><th colspan='2' align='center'><em>Attributes</em></th></tr><tr bgcolor="#E3E3F3">
<th>STATION_NA</th>
<td>BOON LAY MRT STATION</td>
</tr><tr bgcolor="">
<th>EXIT_CODE</th>
<td>Exit F</td>
</tr><tr bgcolor="#E3E3F3">
<th>INC_CRC</th>
<td>0E296E75C6372829</td>
</tr><tr bgcolor="">
<th>FMEL_UPD_D</th>
<td>20230127204435</td>
</tr></table></center>]]></description>
<ExtendedData>
<SchemaData schemaUrl="#kml_schema_ft_MRT_EXITS">
<SimpleData name="STATION_NA">BOON LAY MRT STATION</SimpleData>
<SimpleData name="EXIT_CODE">Exit F</SimpleData>
<SimpleData name="INC_CRC">0E296E75C6372829</SimpleData>
<SimpleData name="FMEL_UPD_D">20230127204435</SimpleData>
</SchemaData>
</ExtendedData>
<Point>
<coordinates>103.705795031365,1.33827322197702,0.0</coordinates>
</Point>
</Placemark>
<Placemark id="kml_95">
<name>kml_95</name>
<snippet> </snippet>
<description><![CDATA[<center><table><tr><th colspan='2' align='center'><em>Attributes</em></th></tr><tr bgcolor="#E3E3F3">
<th>STATION_NA</th>
<td>BUKIT BATOK MRT STATION</td>
</tr><tr bgcolor="">
<th>EXIT_CODE</th>
<td>Exit B</td>
</tr><tr bgcolor="#E3E3F3">
<th>INC_CRC</th>
<td>474392E67F3BCE9B</td>
</tr><tr bgcolor="">
<th>FMEL_UPD_D</th>
<td>20230127204435</td>
</tr></table></center>]]></description>
<ExtendedData>
<SchemaData schemaUrl="#kml_schema_ft_MRT_EXITS">
<SimpleData name="STATION_NA">BUKIT BATOK MRT STATION</SimpleData>
<SimpleData name="EXIT_CODE">Exit B</SimpleData>
<SimpleData name="INC_CRC">474392E67F3BCE9B</SimpleData>
<SimpleData name="FMEL_UPD_D">20230127204435</SimpleData>
</SchemaData>
</ExtendedData>
<Point>
<coordinates>103.749936955579,1.34938958776808,0.0</coordinates>
</Point>
</Placemark>
<Placemark id="kml_96">
<name>kml_96</name>
<snippet> </snippet>
<description><![CDATA[<center><table><tr><th colspan='2' align='center'><em>Attributes</em></th></tr><tr bgcolor="#E3E3F3">
<th>STATION_NA</th>
<td>JOO KOON MRT STATION</td>
</tr><tr bgcolor="">
<th>EXIT_CODE</th>
<td>Exit A</td>
</tr><tr bgcolor="#E3E3F3">
<th>INC_CRC</th>
<td>AFF1FA0853BEBB53</td>
</tr><tr bgcolor="">
<th>FMEL_UPD_D</th>
<td>20230127204435</td>
</tr></table></center>]]></description>
<ExtendedData>
<SchemaData schemaUrl="#kml_schema_ft_MRT_EXITS">
<SimpleData name="STATION_NA">JOO KOON MRT STATION</SimpleData>
<SimpleData name="EXIT_CODE">Exit A</SimpleData>
<SimpleData name="INC_CRC">AFF1FA0853BEBB53</SimpleData>
<SimpleData name="FMEL_UPD_D">20230127204435</SimpleData>
</SchemaData>
</ExtendedData>
<Point>
<coordinates>103.678520709011,1.32750208445865,0.0</coordinates>
</Point>
</Placemark>
<Placemark id="kml_97">
<name>kml_97</name>
<snippet> </snippet>
<description><![CDATA[<center><table><tr><th colspan='2' align='center'><em>Attributes</em></th></tr><tr bgcolor="#E3E3F3">
<th>STATION_NA</th>
<td>JOO KOON MRT STATION</td>
</tr><tr bgcolor="">
<th>EXIT_CODE</th>
<td>Exit B</td>
</tr><tr bgcolor="#E3E3F3">
<th>INC_CRC</th>
<td>93D34F9CC519E4F1</td>
</tr><tr bgcolor="">
<th>FMEL_UPD_D</th>
<td>20230127204435</td>
</tr></table></center>]]></description>
<ExtendedData>
<SchemaData schemaUrl="#kml_schema_ft_MRT_EXITS">
<SimpleData name="STATION_NA">JOO KOON MRT STATION</SimpleData>
<SimpleData name="EXIT_CODE">Exit B</SimpleData>
<SimpleData name="INC_CRC">93D34F9CC519E4F1</SimpleData>
<SimpleData name="FMEL_UPD_D">20230127204435</SimpleData>
</SchemaData>
</ExtendedData>
<Point>
<coordinates>103.678644077077,1.32795611143786,0.0</coordinates>
</Point>
</Placemark>
<Placemark id="kml_98">
<name>kml_98</name>
<snippet> </snippet>
<description><![CDATA[<center><table><tr><th colspan='2' align='center'><em>Attributes</em></th></tr><tr bgcolor="#E3E3F3">
<th>STATION_NA</th>
<td>CHOA CHU KANG MRT STATION</td>
</tr><tr bgcolor="">
<th>EXIT_CODE</th>
<td>Exit D</td>
</tr><tr bgcolor="#E3E3F3">
<th>INC_CRC</th>
<td>B98A2C3B9DA5DE50</td>
</tr><tr bgcolor="">
<th>FMEL_UPD_D</th>
<td>20230127204435</td>
</tr></table></center>]]></description>
<ExtendedData>
<SchemaData schemaUrl="#kml_schema_ft_MRT_EXITS">
<SimpleData name="STATION_NA">CHOA CHU KANG MRT STATION</SimpleData>
<SimpleData name="EXIT_CODE">Exit D</SimpleData>
<SimpleData name="INC_CRC">B98A2C3B9DA5DE50</SimpleData>
<SimpleData name="FMEL_UPD_D">20230127204435</SimpleData>
</SchemaData>
</ExtendedData>
<Point>
<coordinates>103.744223583926,1.38570539067001,0.0</coordinates>
</Point>
</Placemark>
<Placemark id="kml_99">
<name>kml_99</name>
<snippet> </snippet>
<description><![CDATA[<center><table><tr><th colspan='2' align='center'><em>Attributes</em></th></tr><tr bgcolor="#E3E3F3">
<th>STATION_NA</th>
<td>KRANJI MRT STATION</td>
</tr><tr bgcolor="">
<th>EXIT_CODE</th>
<td>Exit D</td>
</tr><tr bgcolor="#E3E3F3">
<th>INC_CRC</th>
<td>EFEBDF844A7E944C</td>
</tr><tr bgcolor="">
<th>FMEL_UPD_D</th>
<td>20230127204435</td>
</tr></table></center>]]></description>
<ExtendedData>
<SchemaData schemaUrl="#kml_schema_ft_MRT_EXITS">
<SimpleData name="STATION_NA">KRANJI MRT STATION</SimpleData>
<SimpleData name="EXIT_CODE">Exit D</SimpleData>
<SimpleData name="INC_CRC">EFEBDF844A7E944C</SimpleData>
<SimpleData name="FMEL_UPD_D">20230127204435</SimpleData>
</SchemaData>
</ExtendedData>
<Point>
<coordinates>103.762496770529,1.42512495935501,0.0</coordinates>
</Point>
</Placemark>
<Placemark id="kml_100">
<name>kml_100</name>
<snippet> </snippet>
<description><![CDATA[<center><table><tr><th colspan='2' align='center'><em>Attributes</em></th></tr><tr bgcolor="#E3E3F3">
<th>STATION_NA</th>
<td>MARSILING MRT STATION</td>
</tr><tr bgcolor="">
<th>EXIT_CODE</th>
<td>Exit B</td>
</tr><tr bgcolor="#E3E3F3">
<th>INC_CRC</th>
<td>0449B4DEFBEC025F</td>
</tr><tr bgcolor="">
<th>FMEL_UPD_D</th>
<td>20230127204435</td>
</tr></table></center>]]></description>
<ExtendedData>
<SchemaData schemaUrl="#kml_schema_ft_MRT_EXITS">
<SimpleData name="STATION_NA">MARSILING MRT STATION</SimpleData>
<SimpleData name="EXIT_CODE">Exit B</SimpleData>
<SimpleData name="INC_CRC">0449B4DEFBEC025F</SimpleData>
<SimpleData name="FMEL_UPD_D">20230127204435</SimpleData>
</SchemaData>
</ExtendedData>
<Point>
<coordinates>103.774410520697,1.43275137172006,0.0</coordinates>
</Point>
</Placemark>
<Placemark id="kml_101">
<name>kml_101</name>
<snippet> </snippet>
<description><![CDATA[<center><table><tr><th colspan='2' align='center'><em>Attributes</em></th></tr><tr bgcolor="#E3E3F3">
<th>STATION_NA</th>
<td>MARSILING MRT STATION</td>
</tr><tr bgcolor="">
<th>EXIT_CODE</th>
<td>Exit D</td>
</tr><tr bgcolor="#E3E3F3">
<th>INC_CRC</th>
<td>AC661F5F30DEBD6A</td>
</tr><tr bgcolor="">
<th>FMEL_UPD_D</th>
<td>20230127204435</td>
</tr></table></center>]]></description>
<ExtendedData>
<SchemaData schemaUrl="#kml_schema_ft_MRT_EXITS">
<SimpleData name="STATION_NA">MARSILING MRT STATION</SimpleData>
<SimpleData name="EXIT_CODE">Exit D</SimpleData>
<SimpleData name="INC_CRC">AC661F5F30DEBD6A</SimpleData>
<SimpleData name="FMEL_UPD_D">20230127204435</SimpleData>
</SchemaData>
</ExtendedData>
<Point>
<coordinates>103.773997133375,1.43275136098458,0.0</coordinates>
</Point>
</Placemark>
<Placemark id="kml_102">
<name>kml_102</name>
<snippet> </snippet>
<description><![CDATA[<center><table><tr><th colspan='2' align='center'><em>Attributes</em></th></tr><tr bgcolor="#E3E3F3">
<th>STATION_NA</th>
<td>HARBOURFRONT MRT STATION</td>
</tr><tr bgcolor="">
<th>EXIT_CODE</th>
<td>Exit E</td>
</tr><tr bgcolor="#E3E3F3">
<th>INC_CRC</th>
<td>FF2613B98FF1665F</td>
</tr><tr bgcolor="">
<th>FMEL_UPD_D</th>
<td>20230127204435</td>
</tr></table></center>]]></description>
<ExtendedData>
<SchemaData schemaUrl="#kml_schema_ft_MRT_EXITS">
<SimpleData name="STATION_NA">HARBOURFRONT MRT STATION</SimpleData>
<SimpleData name="EXIT_CODE">Exit E</SimpleData>
<SimpleData name="INC_CRC">FF2613B98FF1665F</SimpleData>
<SimpleData name="FMEL_UPD_D">20230127204435</SimpleData>
</SchemaData>
</ExtendedData>
<Point>
<coordinates>103.8215802917,1.26497195959122,0.0</coordinates>
</Point>
</Placemark>
<Placemark id="kml_103">
<name>kml_103</name>
<snippet> </snippet>
<description><![CDATA[<center><table><tr><th colspan='2' align='center'><em>Attributes</em></th></tr><tr bgcolor="#E3E3F3">
<th>STATION_NA</th>
<td>HARBOURFRONT MRT STATION</td>
</tr><tr bgcolor="">
<th>EXIT_CODE</th>
<td>Exit D</td>
</tr><tr bgcolor="#E3E3F3">
<th>INC_CRC</th>
<td>690B8B15B6CB2137</td>
</tr><tr bgcolor="">
<th>FMEL_UPD_D</th>
<td>20230127204435</td>
</tr></table></center>]]></description>
<ExtendedData>
<SchemaData schemaUrl="#kml_schema_ft_MRT_EXITS">
<SimpleData name="STATION_NA">HARBOURFRONT MRT STATION</SimpleData>
<SimpleData name="EXIT_CODE">Exit D</SimpleData>
<SimpleData name="INC_CRC">690B8B15B6CB2137</SimpleData>
<SimpleData name="FMEL_UPD_D">20230127204435</SimpleData>
</SchemaData>
</ExtendedData>
<Point>
<coordinates>103.821398857154,1.26597925499591,0.0</coordinates>
</Point>
</Placemark>
<Placemark id="kml_104">
<name>kml_104</name>
<snippet> </snippet>
<description><![CDATA[<center><table><tr><th colspan='2' align='center'><em>Attributes</em></th></tr><tr bgcolor="#E3E3F3">
<th>STATION_NA</th>
<td>HARBOURFRONT MRT STATION</td>
</tr><tr bgcolor="">
<th>EXIT_CODE</th>
<td>Exit A</td>
</tr><tr bgcolor="#E3E3F3">
<th>INC_CRC</th>
<td>8A673F2CF4ABB497</td>
</tr><tr bgcolor="">
<th>FMEL_UPD_D</th>
<td>20230127204435</td>
</tr></table></center>]]></description>
<ExtendedData>
<SchemaData schemaUrl="#kml_schema_ft_MRT_EXITS">
<SimpleData name="STATION_NA">HARBOURFRONT MRT STATION</SimpleData>
<SimpleData name="EXIT_CODE">Exit A</SimpleData>
<SimpleData name="INC_CRC">8A673F2CF4ABB497</SimpleData>
<SimpleData name="FMEL_UPD_D">20230127204435</SimpleData>
</SchemaData>
</ExtendedData>
<Point>
<coordinates>103.820468350461,1.26601318319783,0.0</coordinates>
</Point>
</Placemark>
<Placemark id="kml_105">
<name>kml_105</name>
<snippet> </snippet>
<description><![CDATA[<center><table><tr><th colspan='2' align='center'><em>Attributes</em></th></tr><tr bgcolor="#E3E3F3">
<th>STATION_NA</th>
<td>CHINATOWN MRT STATION</td>
</tr><tr bgcolor="">
<th>EXIT_CODE</th>
<td>Exit A</td>
</tr><tr bgcolor="#E3E3F3">
<th>INC_CRC</th>
<td>3A1CC9F9DAB5860F</td>
</tr><tr bgcolor="">
<th>FMEL_UPD_D</th>
<td>20230127204435</td>
</tr></table></center>]]></description>
<ExtendedData>
<SchemaData schemaUrl="#kml_schema_ft_MRT_EXITS">
<SimpleData name="STATION_NA">CHINATOWN MRT STATION</SimpleData>
<SimpleData name="EXIT_CODE">Exit A</SimpleData>
<SimpleData name="INC_CRC">3A1CC9F9DAB5860F</SimpleData>
<SimpleData name="FMEL_UPD_D">20230127204435</SimpleData>
</SchemaData>
</ExtendedData>
<Point>
<coordinates>103.8437978881,1.28371277043019,0.0</coordinates>
</Point>
</Placemark>
<Placemark id="kml_106">
<name>kml_106</name>
<snippet> </snippet>
<description><![CDATA[<center><table><tr><th colspan='2' align='center'><em>Attributes</em></th></tr><tr bgcolor="#E3E3F3">
<th>STATION_NA</th>
<td>CLARKE QUAY MRT STATION</td>
</tr><tr bgcolor="">
<th>EXIT_CODE</th>
<td>Exit B</td>
</tr><tr bgcolor="#E3E3F3">
<th>INC_CRC</th>
<td>30B1E5E1C8017C54</td>
</tr><tr bgcolor="">
<th>FMEL_UPD_D</th>
<td>20230127204435</td>
</tr></table></center>]]></description>
<ExtendedData>
<SchemaData schemaUrl="#kml_schema_ft_MRT_EXITS">
<SimpleData name="STATION_NA">CLARKE QUAY MRT STATION</SimpleData>
<SimpleData name="EXIT_CODE">Exit B</SimpleData>
<SimpleData name="INC_CRC">30B1E5E1C8017C54</SimpleData>
<SimpleData name="FMEL_UPD_D">20230127204435</SimpleData>
</SchemaData>
</ExtendedData>
<Point>
<coordinates>103.845903432736,1.28780575265584,0.0</coordinates>
</Point>
</Placemark>
<Placemark id="kml_107">
<name>kml_107</name>
<snippet> </snippet>
<description><![CDATA[<center><table><tr><th colspan='2' align='center'><em>Attributes</em></th></tr><tr bgcolor="#E3E3F3">
<th>STATION_NA</th>
<td>CLARKE QUAY MRT STATION</td>
</tr><tr bgcolor="">
<th>EXIT_CODE</th>
<td>Exit G</td>
</tr><tr bgcolor="#E3E3F3">
<th>INC_CRC</th>
<td>804AAB0D2993008D</td>
</tr><tr bgcolor="">
<th>FMEL_UPD_D</th>
<td>20230127204435</td>
</tr></table></center>]]></description>
<ExtendedData>
<SchemaData schemaUrl="#kml_schema_ft_MRT_EXITS">
<SimpleData name="STATION_NA">CLARKE QUAY MRT STATION</SimpleData>
<SimpleData name="EXIT_CODE">Exit G</SimpleData>
<SimpleData name="INC_CRC">804AAB0D2993008D</SimpleData>
<SimpleData name="FMEL_UPD_D">20230127204435</SimpleData>
</SchemaData>
</ExtendedData>
<Point>
<coordinates>103.846593909165,1.28919925781809,0.0</coordinates>
</Point>
</Placemark>
<Placemark id="kml_108">
<name>kml_108</name>
<snippet> </snippet>
<description><![CDATA[<center><table><tr><th colspan='2' align='center'><em>Attributes</em></th></tr><tr bgcolor="#E3E3F3">
<th>STATION_NA</th>
<td>LITTLE INDIA MRT STATION</td>
</tr><tr bgcolor="">
<th>EXIT_CODE</th>
<td>Exit A</td>
</tr><tr bgcolor="#E3E3F3">
<th>INC_CRC</th>
<td>42434AF40AAA3CAF</td>
</tr><tr bgcolor="">
<th>FMEL_UPD_D</th>
<td>20230127204435</td>
</tr></table></center>]]></description>
<ExtendedData>
<SchemaData schemaUrl="#kml_schema_ft_MRT_EXITS">
<SimpleData name="STATION_NA">LITTLE INDIA MRT STATION</SimpleData>
<SimpleData name="EXIT_CODE">Exit A</SimpleData>
<SimpleData name="INC_CRC">42434AF40AAA3CAF</SimpleData>
<SimpleData name="FMEL_UPD_D">20230127204435</SimpleData>
</SchemaData>
</ExtendedData>
<Point>
<coordinates>103.84936002946,1.30560525103922,0.0</coordinates>
</Point>
</Placemark>
<Placemark id="kml_109">
<name>kml_109</name>
<snippet> </snippet>
<description><![CDATA[<center><table><tr><th colspan='2' align='center'><em>Attributes</em></th></tr><tr bgcolor="#E3E3F3">
<th>STATION_NA</th>
<td>SAM KEE LRT STATION</td>
</tr><tr bgcolor="">
<th>EXIT_CODE</th>
<td>Exit B</td>
</tr><tr bgcolor="#E3E3F3">
<th>INC_CRC</th>
<td>ED444F6994E770B0</td>
</tr><tr bgcolor="">
<th>FMEL_UPD_D</th>
<td>20230127204435</td>
</tr></table></center>]]></description>
<ExtendedData>
<SchemaData schemaUrl="#kml_schema_ft_MRT_EXITS">
<SimpleData name="STATION_NA">SAM KEE LRT STATION</SimpleData>
<SimpleData name="EXIT_CODE">Exit B</SimpleData>
<SimpleData name="INC_CRC">ED444F6994E770B0</SimpleData>
<SimpleData name="FMEL_UPD_D">20230127204435</SimpleData>
</SchemaData>
</ExtendedData>
<Point>
<coordinates>103.904792279936,1.40982767244172,0.0</coordinates>
</Point>
</Placemark>
<Placemark id="kml_110">
<name>kml_110</name>
<snippet> </snippet>
<description><![CDATA[<center><table><tr><th colspan='2' align='center'><em>Attributes</em></th></tr><tr bgcolor="#E3E3F3">
<th>STATION_NA</th>
<td>DAMAI LRT STATION</td>
</tr><tr bgcolor="">
<th>EXIT_CODE</th>
<td>Exit B</td>
</tr><tr bgcolor="#E3E3F3">
<th>INC_CRC</th>
<td>C9AD817C66E8F720</td>
</tr><tr bgcolor="">
<th>FMEL_UPD_D</th>
<td>20230127204435</td>
</tr></table></center>]]></description>
<ExtendedData>
<SchemaData schemaUrl="#kml_schema_ft_MRT_EXITS">
<SimpleData name="STATION_NA">DAMAI LRT STATION</SimpleData>
<SimpleData name="EXIT_CODE">Exit B</SimpleData>
<SimpleData name="INC_CRC">C9AD817C66E8F720</SimpleData>
<SimpleData name="FMEL_UPD_D">20230127204435</SimpleData>
</SchemaData>
</ExtendedData>
<Point>
<coordinates>103.908613856028,1.40504602830874,0.0</coordinates>
</Point>
</Placemark>
<Placemark id="kml_111">
<name>kml_111</name>
<snippet> </snippet>
<description><![CDATA[<center><table><tr><th colspan='2' align='center'><em>Attributes</em></th></tr><tr bgcolor="#E3E3F3">
<th>STATION_NA</th>
<td>OASIS LRT STATION</td>
</tr><tr bgcolor="">
<th>EXIT_CODE</th>
<td>Exit B</td>
</tr><tr bgcolor="#E3E3F3">
<th>INC_CRC</th>
<td>9B8770AEDF254A19</td>
</tr><tr bgcolor="">
<th>FMEL_UPD_D</th>
<td>20230127204435</td>
</tr></table></center>]]></description>
<ExtendedData>
<SchemaData schemaUrl="#kml_schema_ft_MRT_EXITS">
<SimpleData name="STATION_NA">OASIS LRT STATION</SimpleData>
<SimpleData name="EXIT_CODE">Exit B</SimpleData>
<SimpleData name="INC_CRC">9B8770AEDF254A19</SimpleData>
<SimpleData name="FMEL_UPD_D">20230127204435</SimpleData>
</SchemaData>
</ExtendedData>
<Point>
<coordinates>103.912754573795,1.4021037193748,0.0</coordinates>
</Point>
</Placemark>
<Placemark id="kml_112">
<name>kml_112</name>
<snippet> </snippet>
<description><![CDATA[<center><table><tr><th colspan='2' align='center'><em>Attributes</em></th></tr><tr bgcolor="#E3E3F3">
<th>STATION_NA</th>
<td>KADALOOR LRT STATION</td>
</tr><tr bgcolor="">
<th>EXIT_CODE</th>
<td>Exit B</td>
</tr><tr bgcolor="#E3E3F3">
<th>INC_CRC</th>
<td>F84C17D9498B88F1</td>
</tr><tr bgcolor="">
<th>FMEL_UPD_D</th>
<td>20230127204435</td>
</tr></table></center>]]></description>
<ExtendedData>
<SchemaData schemaUrl="#kml_schema_ft_MRT_EXITS">
<SimpleData name="STATION_NA">KADALOOR LRT STATION</SimpleData>
<SimpleData name="EXIT_CODE">Exit B</SimpleData>
<SimpleData name="INC_CRC">F84C17D9498B88F1</SimpleData>
<SimpleData name="FMEL_UPD_D">20230127204435</SimpleData>
</SchemaData>
</ExtendedData>
<Point>
<coordinates>103.916517130328,1.39941146718039,0.0</coordinates>
</Point>
</Placemark>
<Placemark id="kml_113">
<name>kml_113</name>
<snippet> </snippet>
<description><![CDATA[<center><table><tr><th colspan='2' align='center'><em>Attributes</em></th></tr><tr bgcolor="#E3E3F3">
<th>STATION_NA</th>
<td>RIVIERA LRT STATION</td>
</tr><tr bgcolor="">
<th>EXIT_CODE</th>
<td>Exit B</td>
</tr><tr bgcolor="#E3E3F3">
<th>INC_CRC</th>
<td>B302D78A0F102EF5</td>
</tr><tr bgcolor="">
<th>FMEL_UPD_D</th>
<td>20230127204435</td>
</tr></table></center>]]></description>
<ExtendedData>
<SchemaData schemaUrl="#kml_schema_ft_MRT_EXITS">
<SimpleData name="STATION_NA">RIVIERA LRT STATION</SimpleData>
<SimpleData name="EXIT_CODE">Exit B</SimpleData>
<SimpleData name="INC_CRC">B302D78A0F102EF5</SimpleData>
<SimpleData name="FMEL_UPD_D">20230127204435</SimpleData>
</SchemaData>
</ExtendedData>
<Point>
<coordinates>103.915935470521,1.39455906596969,0.0</coordinates>
</Point>
</Placemark>
<Placemark id="kml_114">
<name>kml_114</name>
<snippet> </snippet>
<description><![CDATA[<center><table><tr><th colspan='2' align='center'><em>Attributes</em></th></tr><tr bgcolor="#E3E3F3">
<th>STATION_NA</th>
<td>RIVIERA LRT STATION</td>
</tr><tr bgcolor="">
<th>EXIT_CODE</th>
<td>Exit A</td>
</tr><tr bgcolor="#E3E3F3">
<th>INC_CRC</th>
<td>720E105DE8EACE66</td>
</tr><tr bgcolor="">
<th>FMEL_UPD_D</th>
<td>20230127204435</td>
</tr></table></center>]]></description>
<ExtendedData>
<SchemaData schemaUrl="#kml_schema_ft_MRT_EXITS">
<SimpleData name="STATION_NA">RIVIERA LRT STATION</SimpleData>
<SimpleData name="EXIT_CODE">Exit A</SimpleData>
<SimpleData name="INC_CRC">720E105DE8EACE66</SimpleData>
<SimpleData name="FMEL_UPD_D">20230127204435</SimpleData>
</SchemaData>
</ExtendedData>
<Point>
<coordinates>103.916263098527,1.3943256111184,0.0</coordinates>
</Point>
</Placemark>
<Placemark id="kml_115">
<name>kml_115</name>
<snippet> </snippet>
<description><![CDATA[<center><table><tr><th colspan='2' align='center'><em>Attributes</em></th></tr><tr bgcolor="#E3E3F3">
<th>STATION_NA</th>
<td>CORAL EDGE LRT STATION</td>
</tr><tr bgcolor="">
<th>EXIT_CODE</th>
<td>Exit B</td>
</tr><tr bgcolor="#E3E3F3">
<th>INC_CRC</th>
<td>E7718F39AA487D8B</td>
</tr><tr bgcolor="">
<th>FMEL_UPD_D</th>
<td>20230127204435</td>
</tr></table></center>]]></description>
<ExtendedData>
<SchemaData schemaUrl="#kml_schema_ft_MRT_EXITS">
<SimpleData name="STATION_NA">CORAL EDGE LRT STATION</SimpleData>
<SimpleData name="EXIT_CODE">Exit B</SimpleData>
<SimpleData name="INC_CRC">E7718F39AA487D8B</SimpleData>
<SimpleData name="FMEL_UPD_D">20230127204435</SimpleData>
</SchemaData>
</ExtendedData>
<Point>
<coordinates>103.912708744367,1.39397080711083,0.0</coordinates>
</Point>
</Placemark>
<Placemark id="kml_116">
<name>kml_116</name>
<snippet> </snippet>
<description><![CDATA[<center><table><tr><th colspan='2' align='center'><em>Attributes</em></th></tr><tr bgcolor="#E3E3F3">
<th>STATION_NA</th>
<td>CORAL EDGE LRT STATION</td>
</tr><tr bgcolor="">
<th>EXIT_CODE</th>
<td>Exit A</td>
</tr><tr bgcolor="#E3E3F3">
<th>INC_CRC</th>
<td>D4CB376FFBED3D8A</td>
</tr><tr bgcolor="">
<th>FMEL_UPD_D</th>
<td>20230127204435</td>
</tr></table></center>]]></description>
<ExtendedData>
<SchemaData schemaUrl="#kml_schema_ft_MRT_EXITS">
<SimpleData name="STATION_NA">CORAL EDGE LRT STATION</SimpleData>
<SimpleData name="EXIT_CODE">Exit A</SimpleData>
<SimpleData name="INC_CRC">D4CB376FFBED3D8A</SimpleData>
<SimpleData name="FMEL_UPD_D">20230127204435</SimpleData>
</SchemaData>
</ExtendedData>
<Point>
<coordinates>103.91265223397,1.39368465222162,0.0</coordinates>
</Point>
</Placemark>
<Placemark id="kml_117">
<name>kml_117</name>
<snippet> </snippet>
<description><![CDATA[<center><table><tr><th colspan='2' align='center'><em>Attributes</em></th></tr><tr bgcolor="#E3E3F3">
<th>STATION_NA</th>
<td>COVE LRT STATION</td>
</tr><tr bgcolor="">
<th>EXIT_CODE</th>
<td>Exit B</td>
</tr><tr bgcolor="#E3E3F3">
<th>INC_CRC</th>
<td>8007BDF5105E0800</td>
</tr><tr bgcolor="">
<th>FMEL_UPD_D</th>
<td>20230127204435</td>
</tr></table></center>]]></description>
<ExtendedData>
<SchemaData schemaUrl="#kml_schema_ft_MRT_EXITS">
<SimpleData name="STATION_NA">COVE LRT STATION</SimpleData>
<SimpleData name="EXIT_CODE">Exit B</SimpleData>
<SimpleData name="INC_CRC">8007BDF5105E0800</SimpleData>
<SimpleData name="FMEL_UPD_D">20230127204435</SimpleData>
</SchemaData>
</ExtendedData>
<Point>
<coordinates>103.9061760136,1.39930265660882,0.0</coordinates>
</Point>
</Placemark>
<Placemark id="kml_118">
<name>kml_118</name>
<snippet> </snippet>
<description><![CDATA[<center><table><tr><th colspan='2' align='center'><em>Attributes</em></th></tr><tr bgcolor="#E3E3F3">
<th>STATION_NA</th>
<td>HARBOURFRONT MRT STATION</td>
</tr><tr bgcolor="">
<th>EXIT_CODE</th>
<td>Exit A</td>
</tr><tr bgcolor="#E3E3F3">
<th>INC_CRC</th>
<td>54F69FDA2233B8B4</td>
</tr><tr bgcolor="">
<th>FMEL_UPD_D</th>
<td>20230127204435</td>
</tr></table></center>]]></description>
<ExtendedData>
<SchemaData schemaUrl="#kml_schema_ft_MRT_EXITS">
<SimpleData name="STATION_NA">HARBOURFRONT MRT STATION</SimpleData>
<SimpleData name="EXIT_CODE">Exit A</SimpleData>
<SimpleData name="INC_CRC">54F69FDA2233B8B4</SimpleData>
<SimpleData name="FMEL_UPD_D">20230127204435</SimpleData>
</SchemaData>
</ExtendedData>
<Point>
<coordinates>103.822509807219,1.26508503461184,0.0</coordinates>
</Point>
</Placemark>
<Placemark id="kml_119">
<name>kml_119</name>
<snippet> </snippet>
<description><![CDATA[<center><table><tr><th colspan='2' align='center'><em>Attributes</em></th></tr><tr bgcolor="#E3E3F3">
<th>STATION_NA</th>
<td>MACPHERSON MRT STATION</td>
</tr><tr bgcolor="">
<th>EXIT_CODE</th>
<td>Exit A</td>
</tr><tr bgcolor="#E3E3F3">
<th>INC_CRC</th>
<td>AB2B8B46B299062B</td>
</tr><tr bgcolor="">
<th>FMEL_UPD_D</th>
<td>20230127204409</td>
</tr></table></center>]]></description>
<ExtendedData>
<SchemaData schemaUrl="#kml_schema_ft_MRT_EXITS">
<SimpleData name="STATION_NA">MACPHERSON MRT STATION</SimpleData>
<SimpleData name="EXIT_CODE">Exit A</SimpleData>
<SimpleData name="INC_CRC">AB2B8B46B299062B</SimpleData>
<SimpleData name="FMEL_UPD_D">20230127204409</SimpleData>
</SchemaData>
</ExtendedData>
<Point>
<coordinates>103.889793336526,1.3266787588073,0.0</coordinates>
</Point>
</Placemark>
<Placemark id="kml_120">
<name>kml_120</name>
<snippet> </snippet>
<description><![CDATA[<center><table><tr><th colspan='2' align='center'><em>Attributes</em></th></tr><tr bgcolor="#E3E3F3">
<th>STATION_NA</th>
<td>MACPHERSON MRT STATION</td>
</tr><tr bgcolor="">
<th>EXIT_CODE</th>
<td>Exit B</td>
</tr><tr bgcolor="#E3E3F3">
<th>INC_CRC</th>
<td>A4023956A12A2155</td>
</tr><tr bgcolor="">
<th>FMEL_UPD_D</th>
<td>20230127204434</td>
</tr></table></center>]]></description>
<ExtendedData>
<SchemaData schemaUrl="#kml_schema_ft_MRT_EXITS">
<SimpleData name="STATION_NA">MACPHERSON MRT STATION</SimpleData>
<SimpleData name="EXIT_CODE">Exit B</SimpleData>
<SimpleData name="INC_CRC">A4023956A12A2155</SimpleData>
<SimpleData name="FMEL_UPD_D">20230127204434</SimpleData>
</SchemaData>
</ExtendedData>
<Point>
<coordinates>103.890665675221,1.32585503018196,0.0</coordinates>
</Point>
</Placemark>
<Placemark id="kml_121">
<name>kml_121</name>
<snippet> </snippet>
<description><![CDATA[<center><table><tr><th colspan='2' align='center'><em>Attributes</em></th></tr><tr bgcolor="#E3E3F3">
<th>STATION_NA</th>
<td>MACPHERSON MRT STATION</td>
</tr><tr bgcolor="">
<th>EXIT_CODE</th>
<td>Exit C</td>
</tr><tr bgcolor="#E3E3F3">
<th>INC_CRC</th>
<td>DA5558C22F66CC7C</td>
</tr><tr bgcolor="">
<th>FMEL_UPD_D</th>
<td>20230127204434</td>
</tr></table></center>]]></description>
<ExtendedData>
<SchemaData schemaUrl="#kml_schema_ft_MRT_EXITS">
<SimpleData name="STATION_NA">MACPHERSON MRT STATION</SimpleData>
<SimpleData name="EXIT_CODE">Exit C</SimpleData>
<SimpleData name="INC_CRC">DA5558C22F66CC7C</SimpleData>
<SimpleData name="FMEL_UPD_D">20230127204434</SimpleData>
</SchemaData>
</ExtendedData>
<Point>
<coordinates>103.890262565574,1.32548152990651,0.0</coordinates>
</Point>
</Placemark>
<Placemark id="kml_122">
<name>kml_122</name>
<snippet> </snippet>
<description><![CDATA[<center><table><tr><th colspan='2' align='center'><em>Attributes</em></th></tr><tr bgcolor="#E3E3F3">
<th>STATION_NA</th>
<td>TONGKANG LRT STATION</td>
</tr><tr bgcolor="">
<th>EXIT_CODE</th>
<td>Exit B</td>
</tr><tr bgcolor="#E3E3F3">
<th>INC_CRC</th>
<td>F83D29999DC4CC0E</td>
</tr><tr bgcolor="">
<th>FMEL_UPD_D</th>
<td>20230127204434</td>
</tr></table></center>]]></description>
<ExtendedData>
<SchemaData schemaUrl="#kml_schema_ft_MRT_EXITS">
<SimpleData name="STATION_NA">TONGKANG LRT STATION</SimpleData>
<SimpleData name="EXIT_CODE">Exit B</SimpleData>
<SimpleData name="INC_CRC">F83D29999DC4CC0E</SimpleData>
<SimpleData name="FMEL_UPD_D">20230127204434</SimpleData>
</SchemaData>
</ExtendedData>
<Point>
<coordinates>103.886084357383,1.38937900794855,0.0</coordinates>
</Point>
</Placemark>
<Placemark id="kml_123">
<name>kml_123</name>
<snippet> </snippet>
<description><![CDATA[<center><table><tr><th colspan='2' align='center'><em>Attributes</em></th></tr><tr bgcolor="#E3E3F3">
<th>STATION_NA</th>
<td>TONGKANG LRT STATION</td>
</tr><tr bgcolor="">
<th>EXIT_CODE</th>
<td>Exit A</td>
</tr><tr bgcolor="#E3E3F3">
<th>INC_CRC</th>
<td>DB46A51FA82F6865</td>
</tr><tr bgcolor="">
<th>FMEL_UPD_D</th>
<td>20230127204434</td>
</tr></table></center>]]></description>
<ExtendedData>
<SchemaData schemaUrl="#kml_schema_ft_MRT_EXITS">
<SimpleData name="STATION_NA">TONGKANG LRT STATION</SimpleData>
<SimpleData name="EXIT_CODE">Exit A</SimpleData>
<SimpleData name="INC_CRC">DB46A51FA82F6865</SimpleData>
<SimpleData name="FMEL_UPD_D">20230127204434</SimpleData>
</SchemaData>
</ExtendedData>
<Point>
<coordinates>103.885962114119,1.38918016099808,0.0</coordinates>
</Point>
</Placemark>
<Placemark id="kml_124">
<name>kml_124</name>
<snippet> </snippet>
<description><![CDATA[<center><table><tr><th colspan='2' align='center'><em>Attributes</em></th></tr><tr bgcolor="#E3E3F3">
<th>STATION_NA</th>
<td>RENJONG LRT STATION</td>
</tr><tr bgcolor="">
<th>EXIT_CODE</th>
<td>Exit A</td>
</tr><tr bgcolor="#E3E3F3">
<th>INC_CRC</th>
<td>35048F84F3D858BC</td>
</tr><tr bgcolor="">
<th>FMEL_UPD_D</th>
<td>20230127204434</td>
</tr></table></center>]]></description>
<ExtendedData>
<SchemaData schemaUrl="#kml_schema_ft_MRT_EXITS">
<SimpleData name="STATION_NA">RENJONG LRT STATION</SimpleData>
<SimpleData name="EXIT_CODE">Exit A</SimpleData>
<SimpleData name="INC_CRC">35048F84F3D858BC</SimpleData>
<SimpleData name="FMEL_UPD_D">20230127204434</SimpleData>
</SchemaData>
</ExtendedData>
<Point>
<coordinates>103.890409161732,1.38669795588852,0.0</coordinates>
</Point>
</Placemark>
<Placemark id="kml_125">
<name>kml_125</name>
<snippet> </snippet>
<description><![CDATA[<center><table><tr><th colspan='2' align='center'><em>Attributes</em></th></tr><tr bgcolor="#E3E3F3">
<th>STATION_NA</th>
<td>RENJONG LRT STATION</td>
</tr><tr bgcolor="">
<th>EXIT_CODE</th>
<td>Exit B</td>
</tr><tr bgcolor="#E3E3F3">
<th>INC_CRC</th>
<td>B0178F7E6DD16A1A</td>
</tr><tr bgcolor="">
<th>FMEL_UPD_D</th>
<td>20230127204434</td>
</tr></table></center>]]></description>
<ExtendedData>
<SchemaData schemaUrl="#kml_schema_ft_MRT_EXITS">
<SimpleData name="STATION_NA">RENJONG LRT STATION</SimpleData>
<SimpleData name="EXIT_CODE">Exit B</SimpleData>
<SimpleData name="INC_CRC">B0178F7E6DD16A1A</SimpleData>
<SimpleData name="FMEL_UPD_D">20230127204434</SimpleData>
</SchemaData>
</ExtendedData>
<Point>
<coordinates>103.890438192124,1.38681414421555,0.0</coordinates>
</Point>
</Placemark>
<Placemark id="kml_126">
<name>kml_126</name>
<snippet> </snippet>
<description><![CDATA[<center><table><tr><th colspan='2' align='center'><em>Attributes</em></th></tr><tr bgcolor="#E3E3F3">
<th>STATION_NA</th>
<td>RANGGUNG LRT STATION</td>
</tr><tr bgcolor="">
<th>EXIT_CODE</th>
<td>Exit A</td>
</tr><tr bgcolor="#E3E3F3">
<th>INC_CRC</th>
<td>077813950167F0B1</td>
</tr><tr bgcolor="">
<th>FMEL_UPD_D</th>
<td>20230127204434</td>
</tr></table></center>]]></description>
<ExtendedData>
<SchemaData schemaUrl="#kml_schema_ft_MRT_EXITS">
<SimpleData name="STATION_NA">RANGGUNG LRT STATION</SimpleData>
<SimpleData name="EXIT_CODE">Exit A</SimpleData>
<SimpleData name="INC_CRC">077813950167F0B1</SimpleData>
<SimpleData name="FMEL_UPD_D">20230127204434</SimpleData>
</SchemaData>
</ExtendedData>
<Point>
<coordinates>103.897321723817,1.3841763860699,0.0</coordinates>
</Point>
</Placemark>
<Placemark id="kml_127">
<name>kml_127</name>
<snippet> </snippet>
<description><![CDATA[<center><table><tr><th colspan='2' align='center'><em>Attributes</em></th></tr><tr bgcolor="#E3E3F3">
<th>STATION_NA</th>
<td>RANGGUNG LRT STATION</td>
</tr><tr bgcolor="">
<th>EXIT_CODE</th>
<td>Exit B</td>
</tr><tr bgcolor="#E3E3F3">
<th>INC_CRC</th>
<td>8D5E7FC2B8D737C3</td>
</tr><tr bgcolor="">
<th>FMEL_UPD_D</th>
<td>20230127204434</td>
</tr></table></center>]]></description>
<ExtendedData>
<SchemaData schemaUrl="#kml_schema_ft_MRT_EXITS">
<SimpleData name="STATION_NA">RANGGUNG LRT STATION</SimpleData>
<SimpleData name="EXIT_CODE">Exit B</SimpleData>
<SimpleData name="INC_CRC">8D5E7FC2B8D737C3</SimpleData>
<SimpleData name="FMEL_UPD_D">20230127204434</SimpleData>
</SchemaData>
</ExtendedData>
<Point>
<coordinates>103.897223938055,1.38410488340512,0.0</coordinates>
</Point>
</Placemark>
<Placemark id="kml_128">
<name>kml_128</name>
<snippet> </snippet>
<description><![CDATA[<center><table><tr><th colspan='2' align='center'><em>Attributes</em></th></tr><tr bgcolor="#E3E3F3">
<th>STATION_NA</th>
<td>KANGKAR LRT STATION</td>
</tr><tr bgcolor="">
<th>EXIT_CODE</th>
<td>Exit A</td>
</tr><tr bgcolor="#E3E3F3">
<th>INC_CRC</th>
<td>8F3E5F0D6E718156</td>
</tr><tr bgcolor="">
<th>FMEL_UPD_D</th>
<td>20230127204434</td>
</tr></table></center>]]></description>
<ExtendedData>
<SchemaData schemaUrl="#kml_schema_ft_MRT_EXITS">
<SimpleData name="STATION_NA">KANGKAR LRT STATION</SimpleData>
<SimpleData name="EXIT_CODE">Exit A</SimpleData>
<SimpleData name="INC_CRC">8F3E5F0D6E718156</SimpleData>
<SimpleData name="FMEL_UPD_D">20230127204434</SimpleData>
</SchemaData>
</ExtendedData>
<Point>
<coordinates>103.902147558141,1.38407450287348,0.0</coordinates>
</Point>
</Placemark>
<Placemark id="kml_129">
<name>kml_129</name>
<snippet> </snippet>
<description><![CDATA[<center><table><tr><th colspan='2' align='center'><em>Attributes</em></th></tr><tr bgcolor="#E3E3F3">
<th>STATION_NA</th>
<td>KANGKAR LRT STATION</td>
</tr><tr bgcolor="">
<th>EXIT_CODE</th>
<td>Exit B</td>
</tr><tr bgcolor="#E3E3F3">
<th>INC_CRC</th>
<td>09AD446CDB37F542</td>
</tr><tr bgcolor="">
<th>FMEL_UPD_D</th>
<td>20230127204434</td>
</tr></table></center>]]></description>
<ExtendedData>
<SchemaData schemaUrl="#kml_schema_ft_MRT_EXITS">
<SimpleData name="STATION_NA">KANGKAR LRT STATION</SimpleData>
<SimpleData name="EXIT_CODE">Exit B</SimpleData>
<SimpleData name="INC_CRC">09AD446CDB37F542</SimpleData>
<SimpleData name="FMEL_UPD_D">20230127204434</SimpleData>
</SchemaData>
</ExtendedData>
<Point>
<coordinates>103.902276368029,1.38376520316725,0.0</coordinates>
</Point>
</Placemark>
<Placemark id="kml_130">
<name>kml_130</name>
<snippet> </snippet>
<description><![CDATA[<center><table><tr><th colspan='2' align='center'><em>Attributes</em></th></tr><tr bgcolor="#E3E3F3">
<th>STATION_NA</th>
<td>BAKAU LRT STATION</td>
</tr><tr bgcolor="">
<th>EXIT_CODE</th>
<td>Exit A</td>
</tr><tr bgcolor="#E3E3F3">
<th>INC_CRC</th>
<td>8A3C1E7317417FD2</td>
</tr><tr bgcolor="">
<th>FMEL_UPD_D</th>
<td>20230127204434</td>
</tr></table></center>]]></description>
<ExtendedData>
<SchemaData schemaUrl="#kml_schema_ft_MRT_EXITS">
<SimpleData name="STATION_NA">BAKAU LRT STATION</SimpleData>
<SimpleData name="EXIT_CODE">Exit A</SimpleData>
<SimpleData name="INC_CRC">8A3C1E7317417FD2</SimpleData>
<SimpleData name="FMEL_UPD_D">20230127204434</SimpleData>
</SchemaData>
</ExtendedData>
<Point>
<coordinates>103.905445630714,1.38818538545215,0.0</coordinates>
</Point>
</Placemark>
<Placemark id="kml_131">
<name>kml_131</name>
<snippet> </snippet>
<description><![CDATA[<center><table><tr><th colspan='2' align='center'><em>Attributes</em></th></tr><tr bgcolor="#E3E3F3">
<th>STATION_NA</th>
<td>BAKAU LRT STATION</td>
</tr><tr bgcolor="">
<th>EXIT_CODE</th>
<td>Exit B</td>
</tr><tr bgcolor="#E3E3F3">
<th>INC_CRC</th>
<td>FD691A27B9222ACC</td>
</tr><tr bgcolor="">
<th>FMEL_UPD_D</th>
<td>20230127204434</td>
</tr></table></center>]]></description>
<ExtendedData>
<SchemaData schemaUrl="#kml_schema_ft_MRT_EXITS">
<SimpleData name="STATION_NA">BAKAU LRT STATION</SimpleData>
<SimpleData name="EXIT_CODE">Exit B</SimpleData>
<SimpleData name="INC_CRC">FD691A27B9222ACC</SimpleData>
<SimpleData name="FMEL_UPD_D">20230127204434</SimpleData>
</SchemaData>
</ExtendedData>
<Point>
<coordinates>103.905482124043,1.387840799257,0.0</coordinates>
</Point>
</Placemark>
<Placemark id="kml_132">
<name>kml_132</name>
<snippet> </snippet>
<description><![CDATA[<center><table><tr><th colspan='2' align='center'><em>Attributes</em></th></tr><tr bgcolor="#E3E3F3">
<th>STATION_NA</th>
<td>RUMBIA LRT STATION</td>
</tr><tr bgcolor="">
<th>EXIT_CODE</th>
<td>Exit A</td>
</tr><tr bgcolor="#E3E3F3">
<th>INC_CRC</th>
<td>19F50D0B45ED2625</td>
</tr><tr bgcolor="">
<th>FMEL_UPD_D</th>
<td>20230127204434</td>
</tr></table></center>]]></description>
<ExtendedData>
<SchemaData schemaUrl="#kml_schema_ft_MRT_EXITS">
<SimpleData name="STATION_NA">RUMBIA LRT STATION</SimpleData>
<SimpleData name="EXIT_CODE">Exit A</SimpleData>
<SimpleData name="INC_CRC">19F50D0B45ED2625</SimpleData>
<SimpleData name="FMEL_UPD_D">20230127204434</SimpleData>
</SchemaData>
</ExtendedData>
<Point>
<coordinates>103.906018791652,1.39134048641742,0.0</coordinates>
</Point>
</Placemark>
<Placemark id="kml_133">
<name>kml_133</name>
<snippet> </snippet>
<description><![CDATA[<center><table><tr><th colspan='2' align='center'><em>Attributes</em></th></tr><tr bgcolor="#E3E3F3">
<th>STATION_NA</th>
<td>RUMBIA LRT STATION</td>
</tr><tr bgcolor="">
<th>EXIT_CODE</th>
<td>Exit B</td>
</tr><tr bgcolor="#E3E3F3">
<th>INC_CRC</th>
<td>24270D468CB0C551</td>
</tr><tr bgcolor="">
<th>FMEL_UPD_D</th>
<td>20230127204434</td>
</tr></table></center>]]></description>
<ExtendedData>
<SchemaData schemaUrl="#kml_schema_ft_MRT_EXITS">
<SimpleData name="STATION_NA">RUMBIA LRT STATION</SimpleData>
<SimpleData name="EXIT_CODE">Exit B</SimpleData>
<SimpleData name="INC_CRC">24270D468CB0C551</SimpleData>
<SimpleData name="FMEL_UPD_D">20230127204434</SimpleData>
</SchemaData>
</ExtendedData>
<Point>
<coordinates>103.906105819366,1.39141424178713,0.0</coordinates>
</Point>
</Placemark>
<Placemark id="kml_134">
<name>kml_134</name>
<snippet> </snippet>
<description><![CDATA[<center><table><tr><th colspan='2' align='center'><em>Attributes</em></th></tr><tr bgcolor="#E3E3F3">
<th>STATION_NA</th>
<td>ONE-NORTH MRT STATION</td>
</tr><tr bgcolor="">
<th>EXIT_CODE</th>
<td>Exit A</td>
</tr><tr bgcolor="#E3E3F3">
<th>INC_CRC</th>
<td>1C5F562480779031</td>
</tr><tr bgcolor="">
<th>FMEL_UPD_D</th>
<td>20230127204434</td>
</tr></table></center>]]></description>
<ExtendedData>
<SchemaData schemaUrl="#kml_schema_ft_MRT_EXITS">
<SimpleData name="STATION_NA">ONE-NORTH MRT STATION</SimpleData>
<SimpleData name="EXIT_CODE">Exit A</SimpleData>
<SimpleData name="INC_CRC">1C5F562480779031</SimpleData>
<SimpleData name="FMEL_UPD_D">20230127204434</SimpleData>
</SchemaData>
</ExtendedData>
<Point>
<coordinates>103.786907466321,1.29902749872281,0.0</coordinates>
</Point>
</Placemark>
<Placemark id="kml_135">
<name>kml_135</name>
<snippet> </snippet>
<description><![CDATA[<center><table><tr><th colspan='2' align='center'><em>Attributes</em></th></tr><tr bgcolor="#E3E3F3">
<th>STATION_NA</th>
<td>KENT RIDGE MRT STATION</td>
</tr><tr bgcolor="">
<th>EXIT_CODE</th>
<td>Exit B</td>
</tr><tr bgcolor="#E3E3F3">
<th>INC_CRC</th>
<td>3A15EBE767637D7E</td>
</tr><tr bgcolor="">
<th>FMEL_UPD_D</th>
<td>20230127204434</td>
</tr></table></center>]]></description>
<ExtendedData>
<SchemaData schemaUrl="#kml_schema_ft_MRT_EXITS">
<SimpleData name="STATION_NA">KENT RIDGE MRT STATION</SimpleData>
<SimpleData name="EXIT_CODE">Exit B</SimpleData>
<SimpleData name="INC_CRC">3A15EBE767637D7E</SimpleData>
<SimpleData name="FMEL_UPD_D">20230127204434</SimpleData>
</SchemaData>
</ExtendedData>
<Point>
<coordinates>103.784809631882,1.29242811590855,0.0</coordinates>
</Point>
</Placemark>
<Placemark id="kml_136">
<name>kml_136</name>
<snippet> </snippet>
<description><![CDATA[<center><table><tr><th colspan='2' align='center'><em>Attributes</em></th></tr><tr bgcolor="#E3E3F3">
<th>STATION_NA</th>
<td>KENT RIDGE MRT STATION</td>
</tr><tr bgcolor="">
<th>EXIT_CODE</th>
<td>Exit A</td>
</tr><tr bgcolor="#E3E3F3">
<th>INC_CRC</th>
<td>D5D0496822FDF5DF</td>
</tr><tr bgcolor="">
<th>FMEL_UPD_D</th>
<td>20230127204434</td>
</tr></table></center>]]></description>
<ExtendedData>
<SchemaData schemaUrl="#kml_schema_ft_MRT_EXITS">
<SimpleData name="STATION_NA">KENT RIDGE MRT STATION</SimpleData>
<SimpleData name="EXIT_CODE">Exit A</SimpleData>
<SimpleData name="INC_CRC">D5D0496822FDF5DF</SimpleData>
<SimpleData name="FMEL_UPD_D">20230127204434</SimpleData>
</SchemaData>
</ExtendedData>
<Point>
<coordinates>103.784465895365,1.29431588700949,0.0</coordinates>
</Point>
</Placemark>
<Placemark id="kml_137">
<name>kml_137</name>
<snippet> </snippet>
<description><![CDATA[<center><table><tr><th colspan='2' align='center'><em>Attributes</em></th></tr><tr bgcolor="#E3E3F3">
<th>STATION_NA</th>
<td>HAW PAR VILLA MRT STATION</td>
</tr><tr bgcolor="">
<th>EXIT_CODE</th>
<td>Exit A</td>
</tr><tr bgcolor="#E3E3F3">
<th>INC_CRC</th>
<td>F33EEDAA74A75803</td>
</tr><tr bgcolor="">
<th>FMEL_UPD_D</th>
<td>20230127204434</td>
</tr></table></center>]]></description>
<ExtendedData>
<SchemaData schemaUrl="#kml_schema_ft_MRT_EXITS">
<SimpleData name="STATION_NA">HAW PAR VILLA MRT STATION</SimpleData>
<SimpleData name="EXIT_CODE">Exit A</SimpleData>
<SimpleData name="INC_CRC">F33EEDAA74A75803</SimpleData>
<SimpleData name="FMEL_UPD_D">20230127204434</SimpleData>
</SchemaData>
</ExtendedData>
<Point>
<coordinates>103.782006397072,1.28305527354176,0.0</coordinates>
</Point>
</Placemark>
<Placemark id="kml_138">
<name>kml_138</name>
<snippet> </snippet>
<description><![CDATA[<center><table><tr><th colspan='2' align='center'><em>Attributes</em></th></tr><tr bgcolor="#E3E3F3">
<th>STATION_NA</th>
<td>PASIR PANJANG MRT STATION</td>
</tr><tr bgcolor="">
<th>EXIT_CODE</th>
<td>Exit A</td>
</tr><tr bgcolor="#E3E3F3">
<th>INC_CRC</th>
<td>DC64D55F9888B200</td>
</tr><tr bgcolor="">
<th>FMEL_UPD_D</th>
<td>20230127204434</td>
</tr></table></center>]]></description>
<ExtendedData>
<SchemaData schemaUrl="#kml_schema_ft_MRT_EXITS">
<SimpleData name="STATION_NA">PASIR PANJANG MRT STATION</SimpleData>
<SimpleData name="EXIT_CODE">Exit A</SimpleData>
<SimpleData name="INC_CRC">DC64D55F9888B200</SimpleData>
<SimpleData name="FMEL_UPD_D">20230127204434</SimpleData>
</SchemaData>
</ExtendedData>
<Point>
<coordinates>103.79203018692,1.27600323278505,0.0</coordinates>
</Point>
</Placemark>
<Placemark id="kml_139">
<name>kml_139</name>
<snippet> </snippet>
<description><![CDATA[<center><table><tr><th colspan='2' align='center'><em>Attributes</em></th></tr><tr bgcolor="#E3E3F3">
<th>STATION_NA</th>
<td>LABRADOR PARK MRT STATION</td>
</tr><tr bgcolor="">
<th>EXIT_CODE</th>
<td>Exit A</td>
</tr><tr bgcolor="#E3E3F3">
<th>INC_CRC</th>
<td>77D4BE63E9419638</td>
</tr><tr bgcolor="">
<th>FMEL_UPD_D</th>
<td>20230127204434</td>
</tr></table></center>]]></description>
<ExtendedData>
<SchemaData schemaUrl="#kml_schema_ft_MRT_EXITS">
<SimpleData name="STATION_NA">LABRADOR PARK MRT STATION</SimpleData>
<SimpleData name="EXIT_CODE">Exit A</SimpleData>
<SimpleData name="INC_CRC">77D4BE63E9419638</SimpleData>
<SimpleData name="FMEL_UPD_D">20230127204434</SimpleData>
</SchemaData>
</ExtendedData>
<Point>
<coordinates>103.802355553663,1.27210695805434,0.0</coordinates>
</Point>
</Placemark>
<Placemark id="kml_140">
<name>kml_140</name>
<snippet> </snippet>
<description><![CDATA[<center><table><tr><th colspan='2' align='center'><em>Attributes</em></th></tr><tr bgcolor="#E3E3F3">
<th>STATION_NA</th>
<td>TELOK BLANGAH MRT STATION</td>
</tr><tr bgcolor="">
<th>EXIT_CODE</th>
<td>Exit A</td>
</tr><tr bgcolor="#E3E3F3">
<th>INC_CRC</th>
<td>A4D239AA865A436A</td>
</tr><tr bgcolor="">
<th>FMEL_UPD_D</th>
<td>20230127204435</td>
</tr></table></center>]]></description>
<ExtendedData>
<SchemaData schemaUrl="#kml_schema_ft_MRT_EXITS">
<SimpleData name="STATION_NA">TELOK BLANGAH MRT STATION</SimpleData>
<SimpleData name="EXIT_CODE">Exit A</SimpleData>
<SimpleData name="INC_CRC">A4D239AA865A436A</SimpleData>
<SimpleData name="FMEL_UPD_D">20230127204435</SimpleData>
</SchemaData>
</ExtendedData>
<Point>
<coordinates>103.80988373092,1.2707212262114,0.0</coordinates>
</Point>
</Placemark>
<Placemark id="kml_141">
<name>kml_141</name>
<snippet> </snippet>
<description><![CDATA[<center><table><tr><th colspan='2' align='center'><em>Attributes</em></th></tr><tr bgcolor="#E3E3F3">
<th>STATION_NA</th>
<td>TAN KAH KEE MRT STATION</td>
</tr><tr bgcolor="">
<th>EXIT_CODE</th>
<td>Exit A</td>
</tr><tr bgcolor="#E3E3F3">
<th>INC_CRC</th>
<td>90A659920312F326</td>
</tr><tr bgcolor="">
<th>FMEL_UPD_D</th>
<td>20230127204435</td>
</tr></table></center>]]></description>
<ExtendedData>
<SchemaData schemaUrl="#kml_schema_ft_MRT_EXITS">
<SimpleData name="STATION_NA">TAN KAH KEE MRT STATION</SimpleData>
<SimpleData name="EXIT_CODE">Exit A</SimpleData>
<SimpleData name="INC_CRC">90A659920312F326</SimpleData>
<SimpleData name="FMEL_UPD_D">20230127204435</SimpleData>
</SchemaData>
</ExtendedData>
<Point>
<coordinates>103.807799119073,1.32533306908018,0.0</coordinates>
</Point>
</Placemark>
<Placemark id="kml_142">
<name>kml_142</name>
<snippet> </snippet>
<description><![CDATA[<center><table><tr><th colspan='2' align='center'><em>Attributes</em></th></tr><tr bgcolor="#E3E3F3">
<th>STATION_NA</th>
<td>CASHEW MRT STATION</td>
</tr><tr bgcolor="">
<th>EXIT_CODE</th>
<td>Exit A</td>
</tr><tr bgcolor="#E3E3F3">
<th>INC_CRC</th>
<td>CC93934ACEAF445A</td>
</tr><tr bgcolor="">
<th>FMEL_UPD_D</th>
<td>20230127204435</td>
</tr></table></center>]]></description>
<ExtendedData>
<SchemaData schemaUrl="#kml_schema_ft_MRT_EXITS">
<SimpleData name="STATION_NA">CASHEW MRT STATION</SimpleData>
<SimpleData name="EXIT_CODE">Exit A</SimpleData>
<SimpleData name="INC_CRC">CC93934ACEAF445A</SimpleData>
<SimpleData name="FMEL_UPD_D">20230127204435</SimpleData>
</SchemaData>
</ExtendedData>
<Point>
<coordinates>103.764234480711,1.36983331859629,0.0</coordinates>
</Point>
</Placemark>
<Placemark id="kml_143">
<name>kml_143</name>
<snippet> </snippet>
<description><![CDATA[<center><table><tr><th colspan='2' align='center'><em>Attributes</em></th></tr><tr bgcolor="#E3E3F3">
<th>STATION_NA</th>
<td>SIXTH AVENUE MRT STATION</td>
</tr><tr bgcolor="">
<th>EXIT_CODE</th>
<td>Exit A</td>
</tr><tr bgcolor="#E3E3F3">
<th>INC_CRC</th>
<td>2C20FEBDCFC154A5</td>
</tr><tr bgcolor="">
<th>FMEL_UPD_D</th>
<td>20230127204435</td>
</tr></table></center>]]></description>
<ExtendedData>
<SchemaData schemaUrl="#kml_schema_ft_MRT_EXITS">
<SimpleData name="STATION_NA">SIXTH AVENUE MRT STATION</SimpleData>
<SimpleData name="EXIT_CODE">Exit A</SimpleData>
<SimpleData name="INC_CRC">2C20FEBDCFC154A5</SimpleData>
<SimpleData name="FMEL_UPD_D">20230127204435</SimpleData>
</SchemaData>
</ExtendedData>
<Point>
<coordinates>103.796566082121,1.33078046994618,0.0</coordinates>
</Point>
</Placemark>
<Placemark id="kml_144">
<name>kml_144</name>
<snippet> </snippet>
<description><![CDATA[<center><table><tr><th colspan='2' align='center'><em>Attributes</em></th></tr><tr bgcolor="#E3E3F3">
<th>STATION_NA</th>
<td>KING ALBERT PARK MRT STATION</td>
</tr><tr bgcolor="">
<th>EXIT_CODE</th>
<td>Exit A</td>
</tr><tr bgcolor="#E3E3F3">
<th>INC_CRC</th>
<td>E65E02F76E0D2687</td>
</tr><tr bgcolor="">
<th>FMEL_UPD_D</th>
<td>20230127204435</td>
</tr></table></center>]]></description>
<ExtendedData>
<SchemaData schemaUrl="#kml_schema_ft_MRT_EXITS">
<SimpleData name="STATION_NA">KING ALBERT PARK MRT STATION</SimpleData>
<SimpleData name="EXIT_CODE">Exit A</SimpleData>
<SimpleData name="INC_CRC">E65E02F76E0D2687</SimpleData>
<SimpleData name="FMEL_UPD_D">20230127204435</SimpleData>
</SchemaData>
</ExtendedData>
<Point>
<coordinates>103.783030260215,1.33553707766976,0.0</coordinates>
</Point>
</Placemark>
<Placemark id="kml_145">
<name>kml_145</name>
<snippet> </snippet>
<description><![CDATA[<center><table><tr><th colspan='2' align='center'><em>Attributes</em></th></tr><tr bgcolor="#E3E3F3">
<th>STATION_NA</th>
<td>HILLVIEW MRT STATION</td>
</tr><tr bgcolor="">
<th>EXIT_CODE</th>
<td>Exit B</td>
</tr><tr bgcolor="#E3E3F3">
<th>INC_CRC</th>
<td>A858C4A736160A26</td>
</tr><tr bgcolor="">
<th>FMEL_UPD_D</th>
<td>20230127204435</td>
</tr></table></center>]]></description>
<ExtendedData>
<SchemaData schemaUrl="#kml_schema_ft_MRT_EXITS">
<SimpleData name="STATION_NA">HILLVIEW MRT STATION</SimpleData>
<SimpleData name="EXIT_CODE">Exit B</SimpleData>
<SimpleData name="INC_CRC">A858C4A736160A26</SimpleData>
<SimpleData name="FMEL_UPD_D">20230127204435</SimpleData>
</SchemaData>
</ExtendedData>
<Point>
<coordinates>103.767108459936,1.36208433991773,0.0</coordinates>
</Point>
</Placemark>
<Placemark id="kml_146">
<name>kml_146</name>
<snippet> </snippet>
<description><![CDATA[<center><table><tr><th colspan='2' align='center'><em>Attributes</em></th></tr><tr bgcolor="#E3E3F3">
<th>STATION_NA</th>
<td>BUKIT PANJANG MRT STATION</td>
</tr><tr bgcolor="">
<th>EXIT_CODE</th>
<td>Exit A</td>
</tr><tr bgcolor="#E3E3F3">
<th>INC_CRC</th>
<td>73796FEF5F3AC744</td>
</tr><tr bgcolor="">
<th>FMEL_UPD_D</th>
<td>20230127204435</td>
</tr></table></center>]]></description>
<ExtendedData>
<SchemaData schemaUrl="#kml_schema_ft_MRT_EXITS">
<SimpleData name="STATION_NA">BUKIT PANJANG MRT STATION</SimpleData>
<SimpleData name="EXIT_CODE">Exit A</SimpleData>
<SimpleData name="INC_CRC">73796FEF5F3AC744</SimpleData>
<SimpleData name="FMEL_UPD_D">20230127204435</SimpleData>
</SchemaData>
</ExtendedData>
<Point>
<coordinates>103.761922934209,1.37900796974076,0.0</coordinates>
</Point>
</Placemark>
<Placemark id="kml_147">
<name>kml_147</name>
<snippet> </snippet>
<description><![CDATA[<center><table><tr><th colspan='2' align='center'><em>Attributes</em></th></tr><tr bgcolor="#E3E3F3">
<th>STATION_NA</th>
<td>ROCHOR MRT STATION</td>
</tr><tr bgcolor="">
<th>EXIT_CODE</th>
<td>Exit A</td>
</tr><tr bgcolor="#E3E3F3">
<th>INC_CRC</th>
<td>3D9484B6A1206900</td>
</tr><tr bgcolor="">
<th>FMEL_UPD_D</th>
<td>20230127204435</td>
</tr></table></center>]]></description>
<ExtendedData>
<SchemaData schemaUrl="#kml_schema_ft_MRT_EXITS">
<SimpleData name="STATION_NA">ROCHOR MRT STATION</SimpleData>
<SimpleData name="EXIT_CODE">Exit A</SimpleData>
<SimpleData name="INC_CRC">3D9484B6A1206900</SimpleData>
<SimpleData name="FMEL_UPD_D">20230127204435</SimpleData>
</SchemaData>
</ExtendedData>
<Point>
<coordinates>103.852375021633,1.30340410653552,0.0</coordinates>
</Point>
</Placemark>
<Placemark id="kml_148">
<name>kml_148</name>
<snippet> </snippet>
<description><![CDATA[<center><table><tr><th colspan='2' align='center'><em>Attributes</em></th></tr><tr bgcolor="#E3E3F3">
<th>STATION_NA</th>
<td>DOWNTOWN MRT STATION</td>
</tr><tr bgcolor="">
<th>EXIT_CODE</th>
<td>Exit F</td>
</tr><tr bgcolor="#E3E3F3">
<th>INC_CRC</th>
<td>EF75BE606A770937</td>
</tr><tr bgcolor="">
<th>FMEL_UPD_D</th>
<td>20230127204435</td>
</tr></table></center>]]></description>
<ExtendedData>
<SchemaData schemaUrl="#kml_schema_ft_MRT_EXITS">
<SimpleData name="STATION_NA">DOWNTOWN MRT STATION</SimpleData>
<SimpleData name="EXIT_CODE">Exit F</SimpleData>
<SimpleData name="INC_CRC">EF75BE606A770937</SimpleData>
<SimpleData name="FMEL_UPD_D">20230127204435</SimpleData>
</SchemaData>
</ExtendedData>
<Point>
<coordinates>103.852427746441,1.27979623969206,0.0</coordinates>
</Point>
</Placemark>
<Placemark id="kml_149">
<name>kml_149</name>
<snippet> </snippet>
<description><![CDATA[<center><table><tr><th colspan='2' align='center'><em>Attributes</em></th></tr><tr bgcolor="#E3E3F3">
<th>STATION_NA</th>
<td>TELOK AYER MRT STATION</td>
</tr><tr bgcolor="">
<th>EXIT_CODE</th>
<td>Exit A</td>
</tr><tr bgcolor="#E3E3F3">
<th>INC_CRC</th>
<td>974D41D519377A08</td>
</tr><tr bgcolor="">
<th>FMEL_UPD_D</th>
<td>20230127204435</td>
</tr></table></center>]]></description>
<ExtendedData>
<SchemaData schemaUrl="#kml_schema_ft_MRT_EXITS">
<SimpleData name="STATION_NA">TELOK AYER MRT STATION</SimpleData>
<SimpleData name="EXIT_CODE">Exit A</SimpleData>
<SimpleData name="INC_CRC">974D41D519377A08</SimpleData>
<SimpleData name="FMEL_UPD_D">20230127204435</SimpleData>
</SchemaData>
</ExtendedData>
<Point>
<coordinates>103.848506543896,1.28188738923558,0.0</coordinates>
</Point>
</Placemark>
<Placemark id="kml_150">
<name>kml_150</name>
<snippet> </snippet>
<description><![CDATA[<center><table><tr><th colspan='2' align='center'><em>Attributes</em></th></tr><tr bgcolor="#E3E3F3">
<th>STATION_NA</th>
<td>PIONEER MRT STATION</td>
</tr><tr bgcolor="">
<th>EXIT_CODE</th>
<td>Exit A</td>
</tr><tr bgcolor="#E3E3F3">
<th>INC_CRC</th>
<td>2362DB8619A766E8</td>
</tr><tr bgcolor="">
<th>FMEL_UPD_D</th>
<td>20230127204435</td>
</tr></table></center>]]></description>
<ExtendedData>
<SchemaData schemaUrl="#kml_schema_ft_MRT_EXITS">
<SimpleData name="STATION_NA">PIONEER MRT STATION</SimpleData>
<SimpleData name="EXIT_CODE">Exit A</SimpleData>
<SimpleData name="INC_CRC">2362DB8619A766E8</SimpleData>
<SimpleData name="FMEL_UPD_D">20230127204435</SimpleData>
</SchemaData>
</ExtendedData>
<Point>
<coordinates>103.697155373411,1.33734462692044,0.0</coordinates>
</Point>
</Placemark>
<Placemark id="kml_151">
<name>kml_151</name>
<snippet> </snippet>
<description><![CDATA[<center><table><tr><th colspan='2' align='center'><em>Attributes</em></th></tr><tr bgcolor="#E3E3F3">
<th>STATION_NA</th>
<td>PIONEER MRT STATION</td>
</tr><tr bgcolor="">
<th>EXIT_CODE</th>
<td>Exit B</td>
</tr><tr bgcolor="#E3E3F3">
<th>INC_CRC</th>
<td>72551C3253621E4C</td>
</tr><tr bgcolor="">
<th>FMEL_UPD_D</th>
<td>20230127204435</td>
</tr></table></center>]]></description>
<ExtendedData>
<SchemaData schemaUrl="#kml_schema_ft_MRT_EXITS">
<SimpleData name="STATION_NA">PIONEER MRT STATION</SimpleData>
<SimpleData name="EXIT_CODE">Exit B</SimpleData>
<SimpleData name="INC_CRC">72551C3253621E4C</SimpleData>
<SimpleData name="FMEL_UPD_D">20230127204435</SimpleData>
</SchemaData>
</ExtendedData>
<Point>
<coordinates>103.697129452876,1.33783162800548,0.0</coordinates>
</Point>
</Placemark>
<Placemark id="kml_152">
<name>kml_152</name>
<snippet> </snippet>
<description><![CDATA[<center><table><tr><th colspan='2' align='center'><em>Attributes</em></th></tr><tr bgcolor="#E3E3F3">
<th>STATION_NA</th>
<td>TANJONG PAGAR MRT STATION</td>
</tr><tr bgcolor="">
<th>EXIT_CODE</th>
<td>Exit I</td>
</tr><tr bgcolor="#E3E3F3">
<th>INC_CRC</th>
<td>80D1390DC9F96913</td>
</tr><tr bgcolor="">
<th>FMEL_UPD_D</th>
<td>20230127204435</td>
</tr></table></center>]]></description>
<ExtendedData>
<SchemaData schemaUrl="#kml_schema_ft_MRT_EXITS">
<SimpleData name="STATION_NA">TANJONG PAGAR MRT STATION</SimpleData>
<SimpleData name="EXIT_CODE">Exit I</SimpleData>
<SimpleData name="INC_CRC">80D1390DC9F96913</SimpleData>
<SimpleData name="FMEL_UPD_D">20230127204435</SimpleData>
</SchemaData>
</ExtendedData>
<Point>
<coordinates>103.845656003885,1.27644796791678,0.0</coordinates>
</Point>
</Placemark>
<Placemark id="kml_153">
<name>kml_153</name>
<snippet> </snippet>
<description><![CDATA[<center><table><tr><th colspan='2' align='center'><em>Attributes</em></th></tr><tr bgcolor="#E3E3F3">
<th>STATION_NA</th>
<td>BUONA VISTA MRT STATION</td>
</tr><tr bgcolor="">
<th>EXIT_CODE</th>
<td>Exit D</td>
</tr><tr bgcolor="#E3E3F3">
<th>INC_CRC</th>
<td>D90F93DC24A3A902</td>
</tr><tr bgcolor="">
<th>FMEL_UPD_D</th>
<td>20230127204435</td>
</tr></table></center>]]></description>
<ExtendedData>
<SchemaData schemaUrl="#kml_schema_ft_MRT_EXITS">
<SimpleData name="STATION_NA">BUONA VISTA MRT STATION</SimpleData>
<SimpleData name="EXIT_CODE">Exit D</SimpleData>
<SimpleData name="INC_CRC">D90F93DC24A3A902</SimpleData>
<SimpleData name="FMEL_UPD_D">20230127204435</SimpleData>
</SchemaData>
</ExtendedData>
<Point>
<coordinates>103.790930065154,1.30629814162477,0.0</coordinates>
</Point>
</Placemark>
<Placemark id="kml_154">
<name>kml_154</name>
<snippet> </snippet>
<description><![CDATA[<center><table><tr><th colspan='2' align='center'><em>Attributes</em></th></tr><tr bgcolor="#E3E3F3">
<th>STATION_NA</th>
<td>COMPASSVALE LRT STATION</td>
</tr><tr bgcolor="">
<th>EXIT_CODE</th>
<td>Exit A</td>
</tr><tr bgcolor="#E3E3F3">
<th>INC_CRC</th>
<td>7A6540195C75D6C2</td>
</tr><tr bgcolor="">
<th>FMEL_UPD_D</th>
<td>20230127204435</td>
</tr></table></center>]]></description>
<ExtendedData>
<SchemaData schemaUrl="#kml_schema_ft_MRT_EXITS">
<SimpleData name="STATION_NA">COMPASSVALE LRT STATION</SimpleData>
<SimpleData name="EXIT_CODE">Exit A</SimpleData>
<SimpleData name="INC_CRC">7A6540195C75D6C2</SimpleData>
<SimpleData name="FMEL_UPD_D">20230127204435</SimpleData>
</SchemaData>
</ExtendedData>
<Point>
<coordinates>103.9006164696,1.39432752151004,0.0</coordinates>
</Point>
</Placemark>
<Placemark id="kml_155">
<name>kml_155</name>
<snippet> </snippet>
<description><![CDATA[<center><table><tr><th colspan='2' align='center'><em>Attributes</em></th></tr><tr bgcolor="#E3E3F3">
<th>STATION_NA</th>
<td>COMPASSVALE LRT STATION</td>
</tr><tr bgcolor="">
<th>EXIT_CODE</th>
<td>Exit B</td>
</tr><tr bgcolor="#E3E3F3">
<th>INC_CRC</th>
<td>5E01800475DDF5ED</td>
</tr><tr bgcolor="">
<th>FMEL_UPD_D</th>
<td>20230127204435</td>
</tr></table></center>]]></description>
<ExtendedData>
<SchemaData schemaUrl="#kml_schema_ft_MRT_EXITS">
<SimpleData name="STATION_NA">COMPASSVALE LRT STATION</SimpleData>
<SimpleData name="EXIT_CODE">Exit B</SimpleData>
<SimpleData name="INC_CRC">5E01800475DDF5ED</SimpleData>
<SimpleData name="FMEL_UPD_D">20230127204435</SimpleData>
</SchemaData>
</ExtendedData>
<Point>
<coordinates>103.900706597553,1.39453417229989,0.0</coordinates>
</Point>
</Placemark>
<Placemark id="kml_156">
<name>kml_156</name>
<snippet> </snippet>
<description><![CDATA[<center><table><tr><th colspan='2' align='center'><em>Attributes</em></th></tr><tr bgcolor="#E3E3F3">
<th>STATION_NA</th>
<td>PUNGGOL POINT LRT STATION</td>
</tr><tr bgcolor="">
<th>EXIT_CODE</th>
<td>Exit B</td>
</tr><tr bgcolor="#E3E3F3">
<th>INC_CRC</th>
<td>45E35F4903E99C73</td>
</tr><tr bgcolor="">
<th>FMEL_UPD_D</th>
<td>20230127204435</td>
</tr></table></center>]]></description>
<ExtendedData>
<SchemaData schemaUrl="#kml_schema_ft_MRT_EXITS">
<SimpleData name="STATION_NA">PUNGGOL POINT LRT STATION</SimpleData>
<SimpleData name="EXIT_CODE">Exit B</SimpleData>
<SimpleData name="INC_CRC">45E35F4903E99C73</SimpleData>
<SimpleData name="FMEL_UPD_D">20230127204435</SimpleData>
</SchemaData>
</ExtendedData>
<Point>
<coordinates>103.906693304924,1.41666406794097,0.0</coordinates>
</Point>
</Placemark>
<Placemark id="kml_157">
<name>kml_157</name>
<snippet> </snippet>
<description><![CDATA[<center><table><tr><th colspan='2' align='center'><em>Attributes</em></th></tr><tr bgcolor="#E3E3F3">
<th>STATION_NA</th>
<td>PUNGGOL POINT LRT STATION</td>
</tr><tr bgcolor="">
<th>EXIT_CODE</th>
<td>Exit A</td>
</tr><tr bgcolor="#E3E3F3">
<th>INC_CRC</th>
<td>A61E18152335BFC3</td>
</tr><tr bgcolor="">
<th>FMEL_UPD_D</th>
<td>20230127204435</td>
</tr></table></center>]]></description>
<ExtendedData>
<SchemaData schemaUrl="#kml_schema_ft_MRT_EXITS">
<SimpleData name="STATION_NA">PUNGGOL POINT LRT STATION</SimpleData>
<SimpleData name="EXIT_CODE">Exit A</SimpleData>
<SimpleData name="INC_CRC">A61E18152335BFC3</SimpleData>
<SimpleData name="FMEL_UPD_D">20230127204435</SimpleData>
</SchemaData>
</ExtendedData>
<Point>
<coordinates>103.906817792333,1.41691476791429,0.0</coordinates>
</Point>
</Placemark>
<Placemark id="kml_158">
<name>kml_158</name>
<snippet> </snippet>
<description><![CDATA[<center><table><tr><th colspan='2' align='center'><em>Attributes</em></th></tr><tr bgcolor="#E3E3F3">
<th>STATION_NA</th>
<td>NIBONG LRT STATION</td>
</tr><tr bgcolor="">
<th>EXIT_CODE</th>
<td>Exit A</td>
</tr><tr bgcolor="#E3E3F3">
<th>INC_CRC</th>
<td>853F2A40C64D662F</td>
</tr><tr bgcolor="">
<th>FMEL_UPD_D</th>
<td>20230127204435</td>
</tr></table></center>]]></description>
<ExtendedData>
<SchemaData schemaUrl="#kml_schema_ft_MRT_EXITS">
<SimpleData name="STATION_NA">NIBONG LRT STATION</SimpleData>
<SimpleData name="EXIT_CODE">Exit A</SimpleData>
<SimpleData name="INC_CRC">853F2A40C64D662F</SimpleData>
<SimpleData name="FMEL_UPD_D">20230127204435</SimpleData>
</SchemaData>
</ExtendedData>
<Point>
<coordinates>103.900073808053,1.4117727733571,0.0</coordinates>
</Point>
</Placemark>
<Placemark id="kml_159">
<name>kml_159</name>
<snippet> </snippet>
<description><![CDATA[<center><table><tr><th colspan='2' align='center'><em>Attributes</em></th></tr><tr bgcolor="#E3E3F3">
<th>STATION_NA</th>
<td>NIBONG LRT STATION</td>
</tr><tr bgcolor="">
<th>EXIT_CODE</th>
<td>Exit B</td>
</tr><tr bgcolor="#E3E3F3">
<th>INC_CRC</th>
<td>BDB536DD4D5059E3</td>
</tr><tr bgcolor="">
<th>FMEL_UPD_D</th>
<td>20230127204435</td>
</tr></table></center>]]></description>
<ExtendedData>
<SchemaData schemaUrl="#kml_schema_ft_MRT_EXITS">
<SimpleData name="STATION_NA">NIBONG LRT STATION</SimpleData>
<SimpleData name="EXIT_CODE">Exit B</SimpleData>
<SimpleData name="INC_CRC">BDB536DD4D5059E3</SimpleData>
<SimpleData name="FMEL_UPD_D">20230127204435</SimpleData>
</SchemaData>
</ExtendedData>
<Point>
<coordinates>103.900531554207,1.4119103237023,0.0</coordinates>
</Point>
</Placemark>
<Placemark id="kml_160">
<name>kml_160</name>
<snippet> </snippet>
<description><![CDATA[<center><table><tr><th colspan='2' align='center'><em>Attributes</em></th></tr><tr bgcolor="#E3E3F3">
<th>STATION_NA</th>
<td>SUMANG LRT STATION</td>
</tr><tr bgcolor="">
<th>EXIT_CODE</th>
<td>Exit A</td>
</tr><tr bgcolor="#E3E3F3">
<th>INC_CRC</th>
<td>DE121A01C547F972</td>
</tr><tr bgcolor="">
<th>FMEL_UPD_D</th>
<td>20230127204435</td>
</tr></table></center>]]></description>
<ExtendedData>
<SchemaData schemaUrl="#kml_schema_ft_MRT_EXITS">
<SimpleData name="STATION_NA">SUMANG LRT STATION</SimpleData>
<SimpleData name="EXIT_CODE">Exit A</SimpleData>
<SimpleData name="INC_CRC">DE121A01C547F972</SimpleData>
<SimpleData name="FMEL_UPD_D">20230127204435</SimpleData>
</SchemaData>
</ExtendedData>
<Point>
<coordinates>103.898335680078,1.40836843102047,0.0</coordinates>
</Point>
</Placemark>
<Placemark id="kml_161">
<name>kml_161</name>
<snippet> </snippet>
<description><![CDATA[<center><table><tr><th colspan='2' align='center'><em>Attributes</em></th></tr><tr bgcolor="#E3E3F3">
<th>STATION_NA</th>
<td>SUMANG LRT STATION</td>
</tr><tr bgcolor="">
<th>EXIT_CODE</th>
<td>Exit B</td>
</tr><tr bgcolor="#E3E3F3">
<th>INC_CRC</th>
<td>5B2417A2FAFF4D06</td>
</tr><tr bgcolor="">
<th>FMEL_UPD_D</th>
<td>20230127204435</td>
</tr></table></center>]]></description>
<ExtendedData>
<SchemaData schemaUrl="#kml_schema_ft_MRT_EXITS">
<SimpleData name="STATION_NA">SUMANG LRT STATION</SimpleData>
<SimpleData name="EXIT_CODE">Exit B</SimpleData>
<SimpleData name="INC_CRC">5B2417A2FAFF4D06</SimpleData>
<SimpleData name="FMEL_UPD_D">20230127204435</SimpleData>
</SchemaData>
</ExtendedData>
<Point>
<coordinates>103.898757123956,1.40848790183837,0.0</coordinates>
</Point>
</Placemark>
<Placemark id="kml_162">
<name>kml_162</name>
<snippet> </snippet>
<description><![CDATA[<center><table><tr><th colspan='2' align='center'><em>Attributes</em></th></tr><tr bgcolor="#E3E3F3">
<th>STATION_NA</th>
<td>DOWNTOWN MRT STATION</td>
</tr><tr bgcolor="">
<th>EXIT_CODE</th>
<td>Exit E</td>
</tr><tr bgcolor="#E3E3F3">
<th>INC_CRC</th>
<td>8938BEADE9C163A4</td>
</tr><tr bgcolor="">
<th>FMEL_UPD_D</th>
<td>20230127204435</td>
</tr></table></center>]]></description>
<ExtendedData>
<SchemaData schemaUrl="#kml_schema_ft_MRT_EXITS">
<SimpleData name="STATION_NA">DOWNTOWN MRT STATION</SimpleData>
<SimpleData name="EXIT_CODE">Exit E</SimpleData>
<SimpleData name="INC_CRC">8938BEADE9C163A4</SimpleData>
<SimpleData name="FMEL_UPD_D">20230127204435</SimpleData>
</SchemaData>
</ExtendedData>
<Point>
<coordinates>103.852478046399,1.27952791063231,0.0</coordinates>
</Point>
</Placemark>
<Placemark id="kml_163">
<name>kml_163</name>
<snippet> </snippet>
<description><![CDATA[<center><table><tr><th colspan='2' align='center'><em>Attributes</em></th></tr><tr bgcolor="#E3E3F3">
<th>STATION_NA</th>
<td>DOWNTOWN MRT STATION</td>
</tr><tr bgcolor="">
<th>EXIT_CODE</th>
<td>Exit B</td>
</tr><tr bgcolor="#E3E3F3">
<th>INC_CRC</th>
<td>419B0A25DCF2D8F3</td>
</tr><tr bgcolor="">
<th>FMEL_UPD_D</th>
<td>20230127204435</td>
</tr></table></center>]]></description>
<ExtendedData>
<SchemaData schemaUrl="#kml_schema_ft_MRT_EXITS">
<SimpleData name="STATION_NA">DOWNTOWN MRT STATION</SimpleData>
<SimpleData name="EXIT_CODE">Exit B</SimpleData>
<SimpleData name="INC_CRC">419B0A25DCF2D8F3</SimpleData>
<SimpleData name="FMEL_UPD_D">20230127204435</SimpleData>
</SchemaData>
</ExtendedData>
<Point>
<coordinates>103.85290812847,1.27960131828225,0.0</coordinates>
</Point>
</Placemark>
<Placemark id="kml_164">
<name>kml_164</name>
<snippet> </snippet>
<description><![CDATA[<center><table><tr><th colspan='2' align='center'><em>Attributes</em></th></tr><tr bgcolor="#E3E3F3">
<th>STATION_NA</th>
<td>DOWNTOWN MRT STATION</td>
</tr><tr bgcolor="">
<th>EXIT_CODE</th>
<td>Exit C</td>
</tr><tr bgcolor="#E3E3F3">
<th>INC_CRC</th>
<td>D77ADD7D0B7369D2</td>
</tr><tr bgcolor="">
<th>FMEL_UPD_D</th>
<td>20230127204435</td>
</tr></table></center>]]></description>
<ExtendedData>
<SchemaData schemaUrl="#kml_schema_ft_MRT_EXITS">
<SimpleData name="STATION_NA">DOWNTOWN MRT STATION</SimpleData>
<SimpleData name="EXIT_CODE">Exit C</SimpleData>
<SimpleData name="INC_CRC">D77ADD7D0B7369D2</SimpleData>
<SimpleData name="FMEL_UPD_D">20230127204435</SimpleData>
</SchemaData>
</ExtendedData>
<Point>
<coordinates>103.853152091961,1.27944436839161,0.0</coordinates>
</Point>
</Placemark>
<Placemark id="kml_165">
<name>kml_165</name>
<snippet> </snippet>
<description><![CDATA[<center><table><tr><th colspan='2' align='center'><em>Attributes</em></th></tr><tr bgcolor="#E3E3F3">
<th>STATION_NA</th>
<td>DOWNTOWN MRT STATION</td>
</tr><tr bgcolor="">
<th>EXIT_CODE</th>
<td>Exit D</td>
</tr><tr bgcolor="#E3E3F3">
<th>INC_CRC</th>
<td>2397863DFE9A27AE</td>
</tr><tr bgcolor="">
<th>FMEL_UPD_D</th>
<td>20230127204435</td>
</tr></table></center>]]></description>
<ExtendedData>
<SchemaData schemaUrl="#kml_schema_ft_MRT_EXITS">
<SimpleData name="STATION_NA">DOWNTOWN MRT STATION</SimpleData>
<SimpleData name="EXIT_CODE">Exit D</SimpleData>
<SimpleData name="INC_CRC">2397863DFE9A27AE</SimpleData>
<SimpleData name="FMEL_UPD_D">20230127204435</SimpleData>
</SchemaData>
</ExtendedData>
<Point>
<coordinates>103.853013759131,1.27917604078089,0.0</coordinates>
</Point>
</Placemark>
<Placemark id="kml_166">
<name>kml_166</name>
<snippet> </snippet>
<description><![CDATA[<center><table><tr><th colspan='2' align='center'><em>Attributes</em></th></tr><tr bgcolor="#E3E3F3">
<th>STATION_NA</th>
<td>TELOK AYER MRT STATION</td>
</tr><tr bgcolor="">
<th>EXIT_CODE</th>
<td>Exit C</td>
</tr><tr bgcolor="#E3E3F3">
<th>INC_CRC</th>
<td>F628F180D146397C</td>
</tr><tr bgcolor="">
<th>FMEL_UPD_D</th>
<td>20230127204435</td>
</tr></table></center>]]></description>
<ExtendedData>
<SchemaData schemaUrl="#kml_schema_ft_MRT_EXITS">
<SimpleData name="STATION_NA">TELOK AYER MRT STATION</SimpleData>
<SimpleData name="EXIT_CODE">Exit C</SimpleData>
<SimpleData name="INC_CRC">F628F180D146397C</SimpleData>
<SimpleData name="FMEL_UPD_D">20230127204435</SimpleData>
</SchemaData>
</ExtendedData>
<Point>
<coordinates>103.848841656061,1.28225066426407,0.0</coordinates>
</Point>
</Placemark>
<Placemark id="kml_167">
<name>kml_167</name>
<snippet> </snippet>
<description><![CDATA[<center><table><tr><th colspan='2' align='center'><em>Attributes</em></th></tr><tr bgcolor="#E3E3F3">
<th>STATION_NA</th>
<td>FARRER PARK MRT STATION</td>
</tr><tr bgcolor="">
<th>EXIT_CODE</th>
<td>Exit I</td>
</tr><tr bgcolor="#E3E3F3">
<th>INC_CRC</th>
<td>29BDA63F18A13487</td>
</tr><tr bgcolor="">
<th>FMEL_UPD_D</th>
<td>20230127204435</td>
</tr></table></center>]]></description>
<ExtendedData>
<SchemaData schemaUrl="#kml_schema_ft_MRT_EXITS">
<SimpleData name="STATION_NA">FARRER PARK MRT STATION</SimpleData>
<SimpleData name="EXIT_CODE">Exit I</SimpleData>
<SimpleData name="INC_CRC">29BDA63F18A13487</SimpleData>
<SimpleData name="FMEL_UPD_D">20230127204435</SimpleData>
</SchemaData>
</ExtendedData>
<Point>
<coordinates>103.855806657255,1.3117658772962,0.0</coordinates>
</Point>
</Placemark>
<Placemark id="kml_168">
<name>kml_168</name>
<snippet> </snippet>
<description><![CDATA[<center><table><tr><th colspan='2' align='center'><em>Attributes</em></th></tr><tr bgcolor="#E3E3F3">
<th>STATION_NA</th>
<td>FARRER PARK MRT STATION</td>
</tr><tr bgcolor="">
<th>EXIT_CODE</th>
<td>Exit H</td>
</tr><tr bgcolor="#E3E3F3">
<th>INC_CRC</th>
<td>54174A49E0822F8A</td>
</tr><tr bgcolor="">
<th>FMEL_UPD_D</th>
<td>20230127204435</td>
</tr></table></center>]]></description>
<ExtendedData>
<SchemaData schemaUrl="#kml_schema_ft_MRT_EXITS">
<SimpleData name="STATION_NA">FARRER PARK MRT STATION</SimpleData>
<SimpleData name="EXIT_CODE">Exit H</SimpleData>
<SimpleData name="INC_CRC">54174A49E0822F8A</SimpleData>
<SimpleData name="FMEL_UPD_D">20230127204435</SimpleData>
</SchemaData>
</ExtendedData>
<Point>
<coordinates>103.856098852115,1.31188350806091,0.0</coordinates>
</Point>
</Placemark>
<Placemark id="kml_169">
<name>kml_169</name>
<snippet> </snippet>
<description><![CDATA[<center><table><tr><th colspan='2' align='center'><em>Attributes</em></th></tr><tr bgcolor="#E3E3F3">
<th>STATION_NA</th>
<td>BOON KENG MRT STATION</td>
</tr><tr bgcolor="">
<th>EXIT_CODE</th>
<td>Exit C</td>
</tr><tr bgcolor="#E3E3F3">
<th>INC_CRC</th>
<td>B8343022B9AB9000</td>
</tr><tr bgcolor="">
<th>FMEL_UPD_D</th>
<td>20230127204435</td>
</tr></table></center>]]></description>
<ExtendedData>
<SchemaData schemaUrl="#kml_schema_ft_MRT_EXITS">
<SimpleData name="STATION_NA">BOON KENG MRT STATION</SimpleData>
<SimpleData name="EXIT_CODE">Exit C</SimpleData>
<SimpleData name="INC_CRC">B8343022B9AB9000</SimpleData>
<SimpleData name="FMEL_UPD_D">20230127204435</SimpleData>
</SchemaData>
</ExtendedData>
<Point>
<coordinates>103.860706833288,1.31791481647231,0.0</coordinates>
</Point>
</Placemark>
<Placemark id="kml_170">
<name>kml_170</name>
<snippet> </snippet>
<description><![CDATA[<center><table><tr><th colspan='2' align='center'><em>Attributes</em></th></tr><tr bgcolor="#E3E3F3">
<th>STATION_NA</th>
<td>POTONG PASIR MRT STATION</td>
</tr><tr bgcolor="">
<th>EXIT_CODE</th>
<td>Exit A</td>
</tr><tr bgcolor="#E3E3F3">
<th>INC_CRC</th>
<td>1B39543BA5308563</td>
</tr><tr bgcolor="">
<th>FMEL_UPD_D</th>
<td>20230127204435</td>
</tr></table></center>]]></description>
<ExtendedData>
<SchemaData schemaUrl="#kml_schema_ft_MRT_EXITS">
<SimpleData name="STATION_NA">POTONG PASIR MRT STATION</SimpleData>
<SimpleData name="EXIT_CODE">Exit A</SimpleData>
<SimpleData name="INC_CRC">1B39543BA5308563</SimpleData>
<SimpleData name="FMEL_UPD_D">20230127204435</SimpleData>
</SchemaData>
</ExtendedData>
<Point>
<coordinates>103.868966444703,1.33280135224287,0.0</coordinates>
</Point>
</Placemark>
<Placemark id="kml_171">
<name>kml_171</name>
<snippet> </snippet>
<description><![CDATA[<center><table><tr><th colspan='2' align='center'><em>Attributes</em></th></tr><tr bgcolor="#E3E3F3">
<th>STATION_NA</th>
<td>NICOLL HIGHWAY MRT STATION</td>
</tr><tr bgcolor="">
<th>EXIT_CODE</th>
<td>Exit B</td>
</tr><tr bgcolor="#E3E3F3">
<th>INC_CRC</th>
<td>2E07D7422B61952A</td>
</tr><tr bgcolor="">
<th>FMEL_UPD_D</th>
<td>20230127204435</td>
</tr></table></center>]]></description>
<ExtendedData>
<SchemaData schemaUrl="#kml_schema_ft_MRT_EXITS">
<SimpleData name="STATION_NA">NICOLL HIGHWAY MRT STATION</SimpleData>
<SimpleData name="EXIT_CODE">Exit B</SimpleData>
<SimpleData name="INC_CRC">2E07D7422B61952A</SimpleData>
<SimpleData name="FMEL_UPD_D">20230127204435</SimpleData>
</SchemaData>
</ExtendedData>
<Point>
<coordinates>103.864151747702,1.29966075968377,0.0</coordinates>
</Point>
</Placemark>
<Placemark id="kml_172">
<name>kml_172</name>
<snippet> </snippet>
<description><![CDATA[<center><table><tr><th colspan='2' align='center'><em>Attributes</em></th></tr><tr bgcolor="#E3E3F3">
<th>STATION_NA</th>
<td>BOTANIC GARDENS MRT STATION</td>
</tr><tr bgcolor="">
<th>EXIT_CODE</th>
<td>Exit A</td>
</tr><tr bgcolor="#E3E3F3">
<th>INC_CRC</th>
<td>A2B2C9A4721A3198</td>
</tr><tr bgcolor="">
<th>FMEL_UPD_D</th>
<td>20230127204435</td>
</tr></table></center>]]></description>
<ExtendedData>
<SchemaData schemaUrl="#kml_schema_ft_MRT_EXITS">
<SimpleData name="STATION_NA">BOTANIC GARDENS MRT STATION</SimpleData>
<SimpleData name="EXIT_CODE">Exit A</SimpleData>
<SimpleData name="INC_CRC">A2B2C9A4721A3198</SimpleData>
<SimpleData name="FMEL_UPD_D">20230127204435</SimpleData>
</SchemaData>
</ExtendedData>
<Point>
<coordinates>103.814976905734,1.32253463294936,0.0</coordinates>
</Point>
</Placemark>
<Placemark id="kml_173">
<name>kml_173</name>
<snippet> </snippet>
<description><![CDATA[<center><table><tr><th colspan='2' align='center'><em>Attributes</em></th></tr><tr bgcolor="#E3E3F3">
<th>STATION_NA</th>
<td>FARRER ROAD MRT STATION</td>
</tr><tr bgcolor="">
<th>EXIT_CODE</th>
<td>Exit A</td>
</tr><tr bgcolor="#E3E3F3">
<th>INC_CRC</th>
<td>256E821C70941FD4</td>
</tr><tr bgcolor="">
<th>FMEL_UPD_D</th>
<td>20230127204435</td>
</tr></table></center>]]></description>
<ExtendedData>
<SchemaData schemaUrl="#kml_schema_ft_MRT_EXITS">
<SimpleData name="STATION_NA">FARRER ROAD MRT STATION</SimpleData>
<SimpleData name="EXIT_CODE">Exit A</SimpleData>
<SimpleData name="INC_CRC">256E821C70941FD4</SimpleData>
<SimpleData name="FMEL_UPD_D">20230127204435</SimpleData>
</SchemaData>
</ExtendedData>
<Point>
<coordinates>103.807965230708,1.31749372589551,0.0</coordinates>
</Point>
</Placemark>
<Placemark id="kml_174">
<name>kml_174</name>
<snippet> </snippet>
<description><![CDATA[<center><table><tr><th colspan='2' align='center'><em>Attributes</em></th></tr><tr bgcolor="#E3E3F3">
<th>STATION_NA</th>
<td>FARRER ROAD MRT STATION</td>
</tr><tr bgcolor="">
<th>EXIT_CODE</th>
<td>Exit B</td>
</tr><tr bgcolor="#E3E3F3">
<th>INC_CRC</th>
<td>C5B7A8210D496AE2</td>
</tr><tr bgcolor="">
<th>FMEL_UPD_D</th>
<td>20230127204435</td>
</tr></table></center>]]></description>
<ExtendedData>
<SchemaData schemaUrl="#kml_schema_ft_MRT_EXITS">
<SimpleData name="STATION_NA">FARRER ROAD MRT STATION</SimpleData>
<SimpleData name="EXIT_CODE">Exit B</SimpleData>
<SimpleData name="INC_CRC">C5B7A8210D496AE2</SimpleData>
<SimpleData name="FMEL_UPD_D">20230127204435</SimpleData>
</SchemaData>
</ExtendedData>
<Point>
<coordinates>103.807389234558,1.31755201617223,0.0</coordinates>
</Point>
</Placemark>
<Placemark id="kml_175">
<name>kml_175</name>
<snippet> </snippet>
<description><![CDATA[<center><table><tr><th colspan='2' align='center'><em>Attributes</em></th></tr><tr bgcolor="#E3E3F3">
<th>STATION_NA</th>
<td>HOLLAND VILLAGE MRT STATION</td>
</tr><tr bgcolor="">
<th>EXIT_CODE</th>
<td>Exit C</td>
</tr><tr bgcolor="#E3E3F3">
<th>INC_CRC</th>
<td>6C37FA62DE7E9E31</td>
</tr><tr bgcolor="">
<th>FMEL_UPD_D</th>
<td>20230127204435</td>
</tr></table></center>]]></description>
<ExtendedData>
<SchemaData schemaUrl="#kml_schema_ft_MRT_EXITS">
<SimpleData name="STATION_NA">HOLLAND VILLAGE MRT STATION</SimpleData>
<SimpleData name="EXIT_CODE">Exit C</SimpleData>
<SimpleData name="INC_CRC">6C37FA62DE7E9E31</SimpleData>
<SimpleData name="FMEL_UPD_D">20230127204435</SimpleData>
</SchemaData>
</ExtendedData>
<Point>
<coordinates>103.795753770113,1.31071120133272,0.0</coordinates>
</Point>
</Placemark>
<Placemark id="kml_176">
<name>kml_176</name>
<snippet> </snippet>
<description><![CDATA[<center><table><tr><th colspan='2' align='center'><em>Attributes</em></th></tr><tr bgcolor="#E3E3F3">
<th>STATION_NA</th>
<td>HOLLAND VILLAGE MRT STATION</td>
</tr><tr bgcolor="">
<th>EXIT_CODE</th>
<td>Exit A</td>
</tr><tr bgcolor="#E3E3F3">
<th>INC_CRC</th>
<td>5AE0992EF2AB9ACA</td>
</tr><tr bgcolor="">
<th>FMEL_UPD_D</th>
<td>20230127204435</td>
</tr></table></center>]]></description>
<ExtendedData>
<SchemaData schemaUrl="#kml_schema_ft_MRT_EXITS">
<SimpleData name="STATION_NA">HOLLAND VILLAGE MRT STATION</SimpleData>
<SimpleData name="EXIT_CODE">Exit A</SimpleData>
<SimpleData name="INC_CRC">5AE0992EF2AB9ACA</SimpleData>
<SimpleData name="FMEL_UPD_D">20230127204435</SimpleData>
</SchemaData>
</ExtendedData>
<Point>
<coordinates>103.796139102483,1.31122026577719,0.0</coordinates>
</Point>
</Placemark>
<Placemark id="kml_177">
<name>kml_177</name>
<snippet> </snippet>
<description><![CDATA[<center><table><tr><th colspan='2' align='center'><em>Attributes</em></th></tr><tr bgcolor="#E3E3F3">
<th>STATION_NA</th>
<td>BAYFRONT MRT STATION</td>
</tr><tr bgcolor="">
<th>EXIT_CODE</th>
<td>Exit C</td>
</tr><tr bgcolor="#E3E3F3">
<th>INC_CRC</th>
<td>959F42085F43D0D7</td>
</tr><tr bgcolor="">
<th>FMEL_UPD_D</th>
<td>20230127204435</td>
</tr></table></center>]]></description>
<ExtendedData>
<SchemaData schemaUrl="#kml_schema_ft_MRT_EXITS">
<SimpleData name="STATION_NA">BAYFRONT MRT STATION</SimpleData>
<SimpleData name="EXIT_CODE">Exit C</SimpleData>
<SimpleData name="INC_CRC">959F42085F43D0D7</SimpleData>
<SimpleData name="FMEL_UPD_D">20230127204435</SimpleData>
</SchemaData>
</ExtendedData>
<Point>
<coordinates>103.859596872187,1.28283490868894,0.0</coordinates>
</Point>
</Placemark>
<Placemark id="kml_178">
<name>kml_178</name>
<snippet> </snippet>
<description><![CDATA[<center><table><tr><th colspan='2' align='center'><em>Attributes</em></th></tr><tr bgcolor="#E3E3F3">
<th>STATION_NA</th>
<td>BAYFRONT MRT STATION</td>
</tr><tr bgcolor="">
<th>EXIT_CODE</th>
<td>Exit B</td>
</tr><tr bgcolor="#E3E3F3">
<th>INC_CRC</th>
<td>F8BA0963046FE249</td>
</tr><tr bgcolor="">
<th>FMEL_UPD_D</th>
<td>20230127204435</td>
</tr></table></center>]]></description>
<ExtendedData>
<SchemaData schemaUrl="#kml_schema_ft_MRT_EXITS">
<SimpleData name="STATION_NA">BAYFRONT MRT STATION</SimpleData>
<SimpleData name="EXIT_CODE">Exit B</SimpleData>
<SimpleData name="INC_CRC">F8BA0963046FE249</SimpleData>
<SimpleData name="FMEL_UPD_D">20230127204435</SimpleData>
</SchemaData>
</ExtendedData>
<Point>
<coordinates>103.859759180227,1.28270522470828,0.0</coordinates>
</Point>
</Placemark>
<Placemark id="kml_179">
<name>kml_179</name>
<snippet> </snippet>
<description><![CDATA[<center><table><tr><th colspan='2' align='center'><em>Attributes</em></th></tr><tr bgcolor="#E3E3F3">
<th>STATION_NA</th>
<td>BEAUTY WORLD MRT STATION</td>
</tr><tr bgcolor="">
<th>EXIT_CODE</th>
<td>Exit B</td>
</tr><tr bgcolor="#E3E3F3">
<th>INC_CRC</th>
<td>91AF290F33622FDB</td>
</tr><tr bgcolor="">
<th>FMEL_UPD_D</th>
<td>20230127204435</td>
</tr></table></center>]]></description>
<ExtendedData>
<SchemaData schemaUrl="#kml_schema_ft_MRT_EXITS">
<SimpleData name="STATION_NA">BEAUTY WORLD MRT STATION</SimpleData>
<SimpleData name="EXIT_CODE">Exit B</SimpleData>
<SimpleData name="INC_CRC">91AF290F33622FDB</SimpleData>
<SimpleData name="FMEL_UPD_D">20230127204435</SimpleData>
</SchemaData>
</ExtendedData>
<Point>
<coordinates>103.775450679441,1.34158221454984,0.0</coordinates>
</Point>
</Placemark>
<Placemark id="kml_180">
<name>kml_180</name>
<snippet> </snippet>
<description><![CDATA[<center><table><tr><th colspan='2' align='center'><em>Attributes</em></th></tr><tr bgcolor="#E3E3F3">
<th>STATION_NA</th>
<td>BISHAN MRT STATION</td>
</tr><tr bgcolor="">
<th>EXIT_CODE</th>
<td>Exit D</td>
</tr><tr bgcolor="#E3E3F3">
<th>INC_CRC</th>
<td>CC79D6FD2A8F1DD0</td>
</tr><tr bgcolor="">
<th>FMEL_UPD_D</th>
<td>20230127204435</td>
</tr></table></center>]]></description>
<ExtendedData>
<SchemaData schemaUrl="#kml_schema_ft_MRT_EXITS">
<SimpleData name="STATION_NA">BISHAN MRT STATION</SimpleData>
<SimpleData name="EXIT_CODE">Exit D</SimpleData>
<SimpleData name="INC_CRC">CC79D6FD2A8F1DD0</SimpleData>
<SimpleData name="FMEL_UPD_D">20230127204435</SimpleData>
</SchemaData>
</ExtendedData>
<Point>
<coordinates>103.850201081965,1.35105321993329,0.0</coordinates>
</Point>
</Placemark>
<Placemark id="kml_181">
<name>kml_181</name>
<snippet> </snippet>
<description><![CDATA[<center><table><tr><th colspan='2' align='center'><em>Attributes</em></th></tr><tr bgcolor="#E3E3F3">
<th>STATION_NA</th>
<td>BISHAN MRT STATION</td>
</tr><tr bgcolor="">
<th>EXIT_CODE</th>
<td>Exit A</td>
</tr><tr bgcolor="#E3E3F3">
<th>INC_CRC</th>
<td>32BBD904B9B7DCBD</td>
</tr><tr bgcolor="">
<th>FMEL_UPD_D</th>
<td>20230127204435</td>
</tr></table></center>]]></description>
<ExtendedData>
<SchemaData schemaUrl="#kml_schema_ft_MRT_EXITS">
<SimpleData name="STATION_NA">BISHAN MRT STATION</SimpleData>
<SimpleData name="EXIT_CODE">Exit A</SimpleData>
<SimpleData name="INC_CRC">32BBD904B9B7DCBD</SimpleData>
<SimpleData name="FMEL_UPD_D">20230127204435</SimpleData>
</SchemaData>
</ExtendedData>
<Point>
<coordinates>103.848304991722,1.35057959871202,0.0</coordinates>
</Point>
</Placemark>
<Placemark id="kml_182">
<name>kml_182</name>
<snippet> </snippet>
<description><![CDATA[<center><table><tr><th colspan='2' align='center'><em>Attributes</em></th></tr><tr bgcolor="#E3E3F3">
<th>STATION_NA</th>
<td>BOON KENG MRT STATION</td>
</tr><tr bgcolor="">
<th>EXIT_CODE</th>
<td>Exit A</td>
</tr><tr bgcolor="#E3E3F3">
<th>INC_CRC</th>
<td>0194CF0B3B46824D</td>
</tr><tr bgcolor="">
<th>FMEL_UPD_D</th>
<td>20230127204435</td>
</tr></table></center>]]></description>
<ExtendedData>
<SchemaData schemaUrl="#kml_schema_ft_MRT_EXITS">
<SimpleData name="STATION_NA">BOON KENG MRT STATION</SimpleData>
<SimpleData name="EXIT_CODE">Exit A</SimpleData>
<SimpleData name="INC_CRC">0194CF0B3B46824D</SimpleData>
<SimpleData name="FMEL_UPD_D">20230127204435</SimpleData>
</SchemaData>
</ExtendedData>
<Point>
<coordinates>103.861502357069,1.32010687599131,0.0</coordinates>
</Point>
</Placemark>
<Placemark id="kml_183">
<name>kml_183</name>
<snippet> </snippet>
<description><![CDATA[<center><table><tr><th colspan='2' align='center'><em>Attributes</em></th></tr><tr bgcolor="#E3E3F3">
<th>STATION_NA</th>
<td>SENGKANG MRT STATION</td>
</tr><tr bgcolor="">
<th>EXIT_CODE</th>
<td>Exit D</td>
</tr><tr bgcolor="#E3E3F3">
<th>INC_CRC</th>
<td>E026168F5D7B044A</td>
</tr><tr bgcolor="">
<th>FMEL_UPD_D</th>
<td>20230127204435</td>
</tr></table></center>]]></description>
<ExtendedData>
<SchemaData schemaUrl="#kml_schema_ft_MRT_EXITS">
<SimpleData name="STATION_NA">SENGKANG MRT STATION</SimpleData>
<SimpleData name="EXIT_CODE">Exit D</SimpleData>
<SimpleData name="INC_CRC">E026168F5D7B044A</SimpleData>
<SimpleData name="FMEL_UPD_D">20230127204435</SimpleData>
</SchemaData>
</ExtendedData>
<Point>
<coordinates>103.89570545661,1.39237084363153,0.0</coordinates>
</Point>
</Placemark>
<Placemark id="kml_184">
<name>kml_184</name>
<snippet> </snippet>
<description><![CDATA[<center><table><tr><th colspan='2' align='center'><em>Attributes</em></th></tr><tr bgcolor="#E3E3F3">
<th>STATION_NA</th>
<td>SENGKANG MRT STATION</td>
</tr><tr bgcolor="">
<th>EXIT_CODE</th>
<td>Exit B</td>
</tr><tr bgcolor="#E3E3F3">
<th>INC_CRC</th>
<td>7B18AEBD6DA44B02</td>
</tr><tr bgcolor="">
<th>FMEL_UPD_D</th>
<td>20230127204435</td>
</tr></table></center>]]></description>
<ExtendedData>
<SchemaData schemaUrl="#kml_schema_ft_MRT_EXITS">
<SimpleData name="STATION_NA">SENGKANG MRT STATION</SimpleData>
<SimpleData name="EXIT_CODE">Exit B</SimpleData>
<SimpleData name="INC_CRC">7B18AEBD6DA44B02</SimpleData>
<SimpleData name="FMEL_UPD_D">20230127204435</SimpleData>
</SchemaData>
</ExtendedData>
<Point>
<coordinates>103.895636894365,1.39179563766207,0.0</coordinates>
</Point>
</Placemark>
<Placemark id="kml_185">
<name>kml_185</name>
<snippet> </snippet>
<description><![CDATA[<center><table><tr><th colspan='2' align='center'><em>Attributes</em></th></tr><tr bgcolor="#E3E3F3">
<th>STATION_NA</th>
<td>SENGKANG MRT STATION</td>
</tr><tr bgcolor="">
<th>EXIT_CODE</th>
<td>Exit A</td>
</tr><tr bgcolor="#E3E3F3">
<th>INC_CRC</th>
<td>245FC278F4E5D3D3</td>
</tr><tr bgcolor="">
<th>FMEL_UPD_D</th>
<td>20230127204435</td>
</tr></table></center>]]></description>
<ExtendedData>
<SchemaData schemaUrl="#kml_schema_ft_MRT_EXITS">
<SimpleData name="STATION_NA">SENGKANG MRT STATION</SimpleData>
<SimpleData name="EXIT_CODE">Exit A</SimpleData>
<SimpleData name="INC_CRC">245FC278F4E5D3D3</SimpleData>
<SimpleData name="FMEL_UPD_D">20230127204435</SimpleData>
</SchemaData>
</ExtendedData>
<Point>
<coordinates>103.895405720754,1.39182911971822,0.0</coordinates>
</Point>
</Placemark>
<Placemark id="kml_186">
<name>kml_186</name>
<snippet> </snippet>
<description><![CDATA[<center><table><tr><th colspan='2' align='center'><em>Attributes</em></th></tr><tr bgcolor="#E3E3F3">
<th>STATION_NA</th>
<td>SENGKANG MRT STATION</td>
</tr><tr bgcolor="">
<th>EXIT_CODE</th>
<td>Exit C</td>
</tr><tr bgcolor="#E3E3F3">
<th>INC_CRC</th>
<td>5C2ABE67FA9DA403</td>
</tr><tr bgcolor="">
<th>FMEL_UPD_D</th>
<td>20230127204435</td>
</tr></table></center>]]></description>
<ExtendedData>
<SchemaData schemaUrl="#kml_schema_ft_MRT_EXITS">
<SimpleData name="STATION_NA">SENGKANG MRT STATION</SimpleData>
<SimpleData name="EXIT_CODE">Exit C</SimpleData>
<SimpleData name="INC_CRC">5C2ABE67FA9DA403</SimpleData>
<SimpleData name="FMEL_UPD_D">20230127204435</SimpleData>
</SchemaData>
</ExtendedData>
<Point>
<coordinates>103.895209399885,1.39088158609449,0.0</coordinates>
</Point>
</Placemark>
<Placemark id="kml_187">
<name>kml_187</name>
<snippet> </snippet>
<description><![CDATA[<center><table><tr><th colspan='2' align='center'><em>Attributes</em></th></tr><tr bgcolor="#E3E3F3">
<th>STATION_NA</th>
<td>PUNGGOL MRT STATION</td>
</tr><tr bgcolor="">
<th>EXIT_CODE</th>
<td>Exit A</td>
</tr><tr bgcolor="#E3E3F3">
<th>INC_CRC</th>
<td>0B2529A684127E11</td>
</tr><tr bgcolor="">
<th>FMEL_UPD_D</th>
<td>20230127204435</td>
</tr></table></center>]]></description>
<ExtendedData>
<SchemaData schemaUrl="#kml_schema_ft_MRT_EXITS">
<SimpleData name="STATION_NA">PUNGGOL MRT STATION</SimpleData>
<SimpleData name="EXIT_CODE">Exit A</SimpleData>
<SimpleData name="INC_CRC">0B2529A684127E11</SimpleData>
<SimpleData name="FMEL_UPD_D">20230127204435</SimpleData>
</SchemaData>
</ExtendedData>
<Point>
<coordinates>103.902305996656,1.40533957622685,0.0</coordinates>
</Point>
</Placemark>
<Placemark id="kml_188">
<name>kml_188</name>
<snippet> </snippet>
<description><![CDATA[<center><table><tr><th colspan='2' align='center'><em>Attributes</em></th></tr><tr bgcolor="#E3E3F3">
<th>STATION_NA</th>
<td>PUNGGOL LRT STATION</td>
</tr><tr bgcolor="">
<th>EXIT_CODE</th>
<td>Exit D</td>
</tr><tr bgcolor="#E3E3F3">
<th>INC_CRC</th>
<td>ABD1B5F0A5C95A52</td>
</tr><tr bgcolor="">
<th>FMEL_UPD_D</th>
<td>20230127204435</td>
</tr></table></center>]]></description>
<ExtendedData>
<SchemaData schemaUrl="#kml_schema_ft_MRT_EXITS">
<SimpleData name="STATION_NA">PUNGGOL LRT STATION</SimpleData>
<SimpleData name="EXIT_CODE">Exit D</SimpleData>
<SimpleData name="INC_CRC">ABD1B5F0A5C95A52</SimpleData>
<SimpleData name="FMEL_UPD_D">20230127204435</SimpleData>
</SchemaData>
</ExtendedData>
<Point>
<coordinates>103.901798524363,1.40443833617806,0.0</coordinates>
</Point>
</Placemark>
<Placemark id="kml_189">
<name>kml_189</name>
<snippet> </snippet>
<description><![CDATA[<center><table><tr><th colspan='2' align='center'><em>Attributes</em></th></tr><tr bgcolor="#E3E3F3">
<th>STATION_NA</th>
<td>PUNGGOL MRT STATION</td>
</tr><tr bgcolor="">
<th>EXIT_CODE</th>
<td>Exit B</td>
</tr><tr bgcolor="#E3E3F3">
<th>INC_CRC</th>
<td>E3FC8EFB1852284C</td>
</tr><tr bgcolor="">
<th>FMEL_UPD_D</th>
<td>20230127204435</td>
</tr></table></center>]]></description>
<ExtendedData>
<SchemaData schemaUrl="#kml_schema_ft_MRT_EXITS">
<SimpleData name="STATION_NA">PUNGGOL MRT STATION</SimpleData>
<SimpleData name="EXIT_CODE">Exit B</SimpleData>
<SimpleData name="INC_CRC">E3FC8EFB1852284C</SimpleData>
<SimpleData name="FMEL_UPD_D">20230127204435</SimpleData>
</SchemaData>
</ExtendedData>
<Point>
<coordinates>103.902598196988,1.40518624176365,0.0</coordinates>
</Point>
</Placemark>
<Placemark id="kml_190">
<name>kml_190</name>
<snippet> </snippet>
<description><![CDATA[<center><table><tr><th colspan='2' align='center'><em>Attributes</em></th></tr><tr bgcolor="#E3E3F3">
<th>STATION_NA</th>
<td>PUNGGOL LRT STATION</td>
</tr><tr bgcolor="">
<th>EXIT_CODE</th>
<td>Exit C</td>
</tr><tr bgcolor="#E3E3F3">
<th>INC_CRC</th>
<td>946836207101FC23</td>
</tr><tr bgcolor="">
<th>FMEL_UPD_D</th>
<td>20230127204435</td>
</tr></table></center>]]></description>
<ExtendedData>
<SchemaData schemaUrl="#kml_schema_ft_MRT_EXITS">
<SimpleData name="STATION_NA">PUNGGOL LRT STATION</SimpleData>
<SimpleData name="EXIT_CODE">Exit C</SimpleData>
<SimpleData name="INC_CRC">946836207101FC23</SimpleData>
<SimpleData name="FMEL_UPD_D">20230127204435</SimpleData>
</SchemaData>
</ExtendedData>
<Point>
<coordinates>103.902115639183,1.40430062572978,0.0</coordinates>
</Point>
</Placemark>
<Placemark id="kml_191">
<name>kml_191</name>
<snippet> </snippet>
<description><![CDATA[<center><table><tr><th colspan='2' align='center'><em>Attributes</em></th></tr><tr bgcolor="#E3E3F3">
<th>STATION_NA</th>
<td>BUANGKOK MRT STATION</td>
</tr><tr bgcolor="">
<th>EXIT_CODE</th>
<td>Exit B</td>
</tr><tr bgcolor="#E3E3F3">
<th>INC_CRC</th>
<td>64BE76AD177F77E2</td>
</tr><tr bgcolor="">
<th>FMEL_UPD_D</th>
<td>20230127204435</td>
</tr></table></center>]]></description>
<ExtendedData>
<SchemaData schemaUrl="#kml_schema_ft_MRT_EXITS">
<SimpleData name="STATION_NA">BUANGKOK MRT STATION</SimpleData>
<SimpleData name="EXIT_CODE">Exit B</SimpleData>
<SimpleData name="INC_CRC">64BE76AD177F77E2</SimpleData>
<SimpleData name="FMEL_UPD_D">20230127204435</SimpleData>
</SchemaData>
</ExtendedData>
<Point>
<coordinates>103.893463152237,1.38264972282021,0.0</coordinates>
</Point>
</Placemark>
<Placemark id="kml_192">
<name>kml_192</name>
<snippet> </snippet>
<description><![CDATA[<center><table><tr><th colspan='2' align='center'><em>Attributes</em></th></tr><tr bgcolor="#E3E3F3">
<th>STATION_NA</th>
<td>YISHUN MRT STATION</td>
</tr><tr bgcolor="">
<th>EXIT_CODE</th>
<td>Exit C</td>
</tr><tr bgcolor="#E3E3F3">
<th>INC_CRC</th>
<td>6A53878C399EA119</td>
</tr><tr bgcolor="">
<th>FMEL_UPD_D</th>
<td>20230127204435</td>
</tr></table></center>]]></description>
<ExtendedData>
<SchemaData schemaUrl="#kml_schema_ft_MRT_EXITS">
<SimpleData name="STATION_NA">YISHUN MRT STATION</SimpleData>
<SimpleData name="EXIT_CODE">Exit C</SimpleData>
<SimpleData name="INC_CRC">6A53878C399EA119</SimpleData>
<SimpleData name="FMEL_UPD_D">20230127204435</SimpleData>
</SchemaData>
</ExtendedData>
<Point>
<coordinates>103.835090842713,1.42911681431371,0.0</coordinates>
</Point>
</Placemark>
<Placemark id="kml_193">
<name>kml_193</name>
<snippet> </snippet>
<description><![CDATA[<center><table><tr><th colspan='2' align='center'><em>Attributes</em></th></tr><tr bgcolor="#E3E3F3">
<th>STATION_NA</th>
<td>TAI SENG MRT STATION</td>
</tr><tr bgcolor="">
<th>EXIT_CODE</th>
<td>Exit B</td>
</tr><tr bgcolor="#E3E3F3">
<th>INC_CRC</th>
<td>B121007692C889BF</td>
</tr><tr bgcolor="">
<th>FMEL_UPD_D</th>
<td>20230127204435</td>
</tr></table></center>]]></description>
<ExtendedData>
<SchemaData schemaUrl="#kml_schema_ft_MRT_EXITS">
<SimpleData name="STATION_NA">TAI SENG MRT STATION</SimpleData>
<SimpleData name="EXIT_CODE">Exit B</SimpleData>
<SimpleData name="INC_CRC">B121007692C889BF</SimpleData>
<SimpleData name="FMEL_UPD_D">20230127204435</SimpleData>
</SchemaData>
</ExtendedData>
<Point>
<coordinates>103.888214067772,1.33462087723075,0.0</coordinates>
</Point>
</Placemark>
<Placemark id="kml_194">
<name>kml_194</name>
<snippet> </snippet>
<description><![CDATA[<center><table><tr><th colspan='2' align='center'><em>Attributes</em></th></tr><tr bgcolor="#E3E3F3">
<th>STATION_NA</th>
<td>BARTLEY MRT STATION</td>
</tr><tr bgcolor="">
<th>EXIT_CODE</th>
<td>Exit B</td>
</tr><tr bgcolor="#E3E3F3">
<th>INC_CRC</th>
<td>21A49043695321F2</td>
</tr><tr bgcolor="">
<th>FMEL_UPD_D</th>
<td>20230127204435</td>
</tr></table></center>]]></description>
<ExtendedData>
<SchemaData schemaUrl="#kml_schema_ft_MRT_EXITS">
<SimpleData name="STATION_NA">BARTLEY MRT STATION</SimpleData>
<SimpleData name="EXIT_CODE">Exit B</SimpleData>
<SimpleData name="INC_CRC">21A49043695321F2</SimpleData>
<SimpleData name="FMEL_UPD_D">20230127204435</SimpleData>
</SchemaData>
</ExtendedData>
<Point>
<coordinates>103.878908693925,1.34350106152933,0.0</coordinates>
</Point>
</Placemark>
<Placemark id="kml_195">
<name>kml_195</name>
<snippet> </snippet>
<description><![CDATA[<center><table><tr><th colspan='2' align='center'><em>Attributes</em></th></tr><tr bgcolor="#E3E3F3">
<th>STATION_NA</th>
<td>BARTLEY MRT STATION</td>
</tr><tr bgcolor="">
<th>EXIT_CODE</th>
<td>Exit A</td>
</tr><tr bgcolor="#E3E3F3">
<th>INC_CRC</th>
<td>0455856EC60DC1B0</td>
</tr><tr bgcolor="">
<th>FMEL_UPD_D</th>
<td>20230127204435</td>
</tr></table></center>]]></description>
<ExtendedData>
<SchemaData schemaUrl="#kml_schema_ft_MRT_EXITS">
<SimpleData name="STATION_NA">BARTLEY MRT STATION</SimpleData>
<SimpleData name="EXIT_CODE">Exit A</SimpleData>
<SimpleData name="INC_CRC">0455856EC60DC1B0</SimpleData>
<SimpleData name="FMEL_UPD_D">20230127204435</SimpleData>
</SchemaData>
</ExtendedData>
<Point>
<coordinates>103.880255893265,1.34224874921609,0.0</coordinates>
</Point>
</Placemark>
<Placemark id="kml_196">
<name>kml_196</name>
<snippet> </snippet>
<description><![CDATA[<center><table><tr><th colspan='2' align='center'><em>Attributes</em></th></tr><tr bgcolor="#E3E3F3">
<th>STATION_NA</th>
<td>SERANGOON MRT STATION</td>
</tr><tr bgcolor="">
<th>EXIT_CODE</th>
<td>Exit H</td>
</tr><tr bgcolor="#E3E3F3">
<th>INC_CRC</th>
<td>F904CF22F1692BDE</td>
</tr><tr bgcolor="">
<th>FMEL_UPD_D</th>
<td>20230127204435</td>
</tr></table></center>]]></description>
<ExtendedData>
<SchemaData schemaUrl="#kml_schema_ft_MRT_EXITS">
<SimpleData name="STATION_NA">SERANGOON MRT STATION</SimpleData>
<SimpleData name="EXIT_CODE">Exit H</SimpleData>
<SimpleData name="INC_CRC">F904CF22F1692BDE</SimpleData>
<SimpleData name="FMEL_UPD_D">20230127204435</SimpleData>
</SchemaData>
</ExtendedData>
<Point>
<coordinates>103.873546495734,1.34972769951436,0.0</coordinates>
</Point>
</Placemark>
<Placemark id="kml_197">
<name>kml_197</name>
<snippet> </snippet>
<description><![CDATA[<center><table><tr><th colspan='2' align='center'><em>Attributes</em></th></tr><tr bgcolor="#E3E3F3">
<th>STATION_NA</th>
<td>SERANGOON MRT STATION</td>
</tr><tr bgcolor="">
<th>EXIT_CODE</th>
<td>Exit A</td>
</tr><tr bgcolor="#E3E3F3">
<th>INC_CRC</th>
<td>56E474B40576C822</td>
</tr><tr bgcolor="">
<th>FMEL_UPD_D</th>
<td>20230127204435</td>
</tr></table></center>]]></description>
<ExtendedData>
<SchemaData schemaUrl="#kml_schema_ft_MRT_EXITS">
<SimpleData name="STATION_NA">SERANGOON MRT STATION</SimpleData>
<SimpleData name="EXIT_CODE">Exit A</SimpleData>
<SimpleData name="INC_CRC">56E474B40576C822</SimpleData>
<SimpleData name="FMEL_UPD_D">20230127204435</SimpleData>
</SchemaData>
</ExtendedData>
<Point>
<coordinates>103.873957395391,1.349481680255,0.0</coordinates>
</Point>
</Placemark>
<Placemark id="kml_198">
<name>kml_198</name>
<snippet> </snippet>
<description><![CDATA[<center><table><tr><th colspan='2' align='center'><em>Attributes</em></th></tr><tr bgcolor="#E3E3F3">
<th>STATION_NA</th>
<td>SERANGOON MRT STATION</td>
</tr><tr bgcolor="">
<th>EXIT_CODE</th>
<td>Exit D</td>
</tr><tr bgcolor="#E3E3F3">
<th>INC_CRC</th>
<td>AF9B4A2ED6E87545</td>
</tr><tr bgcolor="">
<th>FMEL_UPD_D</th>
<td>20230127204435</td>
</tr></table></center>]]></description>
<ExtendedData>
<SchemaData schemaUrl="#kml_schema_ft_MRT_EXITS">
<SimpleData name="STATION_NA">SERANGOON MRT STATION</SimpleData>
<SimpleData name="EXIT_CODE">Exit D</SimpleData>
<SimpleData name="INC_CRC">AF9B4A2ED6E87545</SimpleData>
<SimpleData name="FMEL_UPD_D">20230127204435</SimpleData>
</SchemaData>
</ExtendedData>
<Point>
<coordinates>103.874321946576,1.3499015921065,0.0</coordinates>
</Point>
</Placemark>
<Placemark id="kml_199">
<name>kml_199</name>
<snippet> </snippet>
<description><![CDATA[<center><table><tr><th colspan='2' align='center'><em>Attributes</em></th></tr><tr bgcolor="#E3E3F3">
<th>STATION_NA</th>
<td>SERANGOON MRT STATION</td>
</tr><tr bgcolor="">
<th>EXIT_CODE</th>
<td>Exit C</td>
</tr><tr bgcolor="#E3E3F3">
<th>INC_CRC</th>
<td>29231A6BE44BC0C3</td>
</tr><tr bgcolor="">
<th>FMEL_UPD_D</th>
<td>20230127204435</td>
</tr></table></center>]]></description>
<ExtendedData>
<SchemaData schemaUrl="#kml_schema_ft_MRT_EXITS">
<SimpleData name="STATION_NA">SERANGOON MRT STATION</SimpleData>
<SimpleData name="EXIT_CODE">Exit C</SimpleData>
<SimpleData name="INC_CRC">29231A6BE44BC0C3</SimpleData>
<SimpleData name="FMEL_UPD_D">20230127204435</SimpleData>
</SchemaData>
</ExtendedData>
<Point>
<coordinates>103.873694014498,1.35059510442143,0.0</coordinates>
</Point>
</Placemark>
<Placemark id="kml_200">
<name>kml_200</name>
<snippet> </snippet>
<description><![CDATA[<center><table><tr><th colspan='2' align='center'><em>Attributes</em></th></tr><tr bgcolor="#E3E3F3">
<th>STATION_NA</th>
<td>SERANGOON MRT STATION</td>
</tr><tr bgcolor="">
<th>EXIT_CODE</th>
<td>Exit F</td>
</tr><tr bgcolor="#E3E3F3">
<th>INC_CRC</th>
<td>C1B3F5AC67211832</td>
</tr><tr bgcolor="">
<th>FMEL_UPD_D</th>
<td>20230127204435</td>
</tr></table></center>]]></description>
<ExtendedData>
<SchemaData schemaUrl="#kml_schema_ft_MRT_EXITS">
<SimpleData name="STATION_NA">SERANGOON MRT STATION</SimpleData>
<SimpleData name="EXIT_CODE">Exit F</SimpleData>
<SimpleData name="INC_CRC">C1B3F5AC67211832</SimpleData>
<SimpleData name="FMEL_UPD_D">20230127204435</SimpleData>
</SchemaData>
</ExtendedData>
<Point>
<coordinates>103.871449340349,1.35094827793695,0.0</coordinates>
</Point>
</Placemark>
<Placemark id="kml_201">
<name>kml_201</name>
<snippet> </snippet>
<description><![CDATA[<center><table><tr><th colspan='2' align='center'><em>Attributes</em></th></tr><tr bgcolor="#E3E3F3">
<th>STATION_NA</th>
<td>LORONG CHUAN MRT STATION</td>
</tr><tr bgcolor="">
<th>EXIT_CODE</th>
<td>Exit B</td>
</tr><tr bgcolor="#E3E3F3">
<th>INC_CRC</th>
<td>F22EC9809EB9F243</td>
</tr><tr bgcolor="">
<th>FMEL_UPD_D</th>
<td>20230127204435</td>
</tr></table></center>]]></description>
<ExtendedData>
<SchemaData schemaUrl="#kml_schema_ft_MRT_EXITS">
<SimpleData name="STATION_NA">LORONG CHUAN MRT STATION</SimpleData>
<SimpleData name="EXIT_CODE">Exit B</SimpleData>
<SimpleData name="INC_CRC">F22EC9809EB9F243</SimpleData>
<SimpleData name="FMEL_UPD_D">20230127204435</SimpleData>
</SchemaData>
</ExtendedData>
<Point>
<coordinates>103.862918299956,1.35173853791277,0.0</coordinates>
</Point>
</Placemark>
<Placemark id="kml_202">
<name>kml_202</name>
<snippet> </snippet>
<description><![CDATA[<center><table><tr><th colspan='2' align='center'><em>Attributes</em></th></tr><tr bgcolor="#E3E3F3">
<th>STATION_NA</th>
<td>LORONG CHUAN MRT STATION</td>
</tr><tr bgcolor="">
<th>EXIT_CODE</th>
<td>Exit A</td>
</tr><tr bgcolor="#E3E3F3">
<th>INC_CRC</th>
<td>28A9382A30C8CE74</td>
</tr><tr bgcolor="">
<th>FMEL_UPD_D</th>
<td>20230127204435</td>
</tr></table></center>]]></description>
<ExtendedData>
<SchemaData schemaUrl="#kml_schema_ft_MRT_EXITS">
<SimpleData name="STATION_NA">LORONG CHUAN MRT STATION</SimpleData>
<SimpleData name="EXIT_CODE">Exit A</SimpleData>
<SimpleData name="INC_CRC">28A9382A30C8CE74</SimpleData>
<SimpleData name="FMEL_UPD_D">20230127204435</SimpleData>
</SchemaData>
</ExtendedData>
<Point>
<coordinates>103.864933673465,1.35143910357514,0.0</coordinates>
</Point>
</Placemark>
<Placemark id="kml_203">
<name>kml_203</name>
<snippet> </snippet>
<description><![CDATA[<center><table><tr><th colspan='2' align='center'><em>Attributes</em></th></tr><tr bgcolor="#E3E3F3">
<th>STATION_NA</th>
<td>MARYMOUNT MRT STATION</td>
</tr><tr bgcolor="">
<th>EXIT_CODE</th>
<td>Exit B</td>
</tr><tr bgcolor="#E3E3F3">
<th>INC_CRC</th>
<td>00445EC81B4CF09B</td>
</tr><tr bgcolor="">
<th>FMEL_UPD_D</th>
<td>20230127204435</td>
</tr></table></center>]]></description>
<ExtendedData>
<SchemaData schemaUrl="#kml_schema_ft_MRT_EXITS">
<SimpleData name="STATION_NA">MARYMOUNT MRT STATION</SimpleData>
<SimpleData name="EXIT_CODE">Exit B</SimpleData>
<SimpleData name="INC_CRC">00445EC81B4CF09B</SimpleData>
<SimpleData name="FMEL_UPD_D">20230127204435</SimpleData>
</SchemaData>
</ExtendedData>
<Point>
<coordinates>103.840058918077,1.34786607217308,0.0</coordinates>
</Point>
</Placemark>
<Placemark id="kml_204">
<name>kml_204</name>
<snippet> </snippet>
<description><![CDATA[<center><table><tr><th colspan='2' align='center'><em>Attributes</em></th></tr><tr bgcolor="#E3E3F3">
<th>STATION_NA</th>
<td>MARYMOUNT MRT STATION</td>
</tr><tr bgcolor="">
<th>EXIT_CODE</th>
<td>Exit A</td>
</tr><tr bgcolor="#E3E3F3">
<th>INC_CRC</th>
<td>D6F8DA032170A0CA</td>
</tr><tr bgcolor="">
<th>FMEL_UPD_D</th>
<td>20230127204435</td>
</tr></table></center>]]></description>
<ExtendedData>
<SchemaData schemaUrl="#kml_schema_ft_MRT_EXITS">
<SimpleData name="STATION_NA">MARYMOUNT MRT STATION</SimpleData>
<SimpleData name="EXIT_CODE">Exit A</SimpleData>
<SimpleData name="INC_CRC">D6F8DA032170A0CA</SimpleData>
<SimpleData name="FMEL_UPD_D">20230127204435</SimpleData>
</SchemaData>
</ExtendedData>
<Point>
<coordinates>103.839087956801,1.34898038642137,0.0</coordinates>
</Point>
</Placemark>
<Placemark id="kml_205">
<name>kml_205</name>
<snippet> </snippet>
<description><![CDATA[<center><table><tr><th colspan='2' align='center'><em>Attributes</em></th></tr><tr bgcolor="#E3E3F3">
<th>STATION_NA</th>
<td>DHOBY GHAUT MRT STATION</td>
</tr><tr bgcolor="">
<th>EXIT_CODE</th>
<td>Exit C</td>
</tr><tr bgcolor="#E3E3F3">
<th>INC_CRC</th>
<td>D718E6930765A66B</td>
</tr><tr bgcolor="">
<th>FMEL_UPD_D</th>
<td>20230127204435</td>
</tr></table></center>]]></description>
<ExtendedData>
<SchemaData schemaUrl="#kml_schema_ft_MRT_EXITS">
<SimpleData name="STATION_NA">DHOBY GHAUT MRT STATION</SimpleData>
<SimpleData name="EXIT_CODE">Exit C</SimpleData>
<SimpleData name="INC_CRC">D718E6930765A66B</SimpleData>
<SimpleData name="FMEL_UPD_D">20230127204435</SimpleData>
</SchemaData>
</ExtendedData>
<Point>
<coordinates>103.844747857191,1.29964924216132,0.0</coordinates>
</Point>
</Placemark>
<Placemark id="kml_206">
<name>kml_206</name>
<snippet> </snippet>
<description><![CDATA[<center><table><tr><th colspan='2' align='center'><em>Attributes</em></th></tr><tr bgcolor="#E3E3F3">
<th>STATION_NA</th>
<td>CALDECOTT MRT STATION</td>
</tr><tr bgcolor="">
<th>EXIT_CODE</th>
<td>Exit 1</td>
</tr><tr bgcolor="#E3E3F3">
<th>INC_CRC</th>
<td>B27228AA1D3CABE9</td>
</tr><tr bgcolor="">
<th>FMEL_UPD_D</th>
<td>20230127204435</td>
</tr></table></center>]]></description>
<ExtendedData>
<SchemaData schemaUrl="#kml_schema_ft_MRT_EXITS">
<SimpleData name="STATION_NA">CALDECOTT MRT STATION</SimpleData>
<SimpleData name="EXIT_CODE">Exit 1</SimpleData>
<SimpleData name="INC_CRC">B27228AA1D3CABE9</SimpleData>
<SimpleData name="FMEL_UPD_D">20230127204435</SimpleData>
</SchemaData>
</ExtendedData>
<Point>
<coordinates>103.839406731225,1.33710531669564,0.0</coordinates>
</Point>
</Placemark>
<Placemark id="kml_207">
<name>kml_207</name>
<snippet> </snippet>
<description><![CDATA[<center><table><tr><th colspan='2' align='center'><em>Attributes</em></th></tr><tr bgcolor="#E3E3F3">
<th>STATION_NA</th>
<td>EXPO MRT STATION</td>
</tr><tr bgcolor="">
<th>EXIT_CODE</th>
<td>Exit A</td>
</tr><tr bgcolor="#E3E3F3">
<th>INC_CRC</th>
<td>FD3508562E82B730</td>
</tr><tr bgcolor="">
<th>FMEL_UPD_D</th>
<td>20230127204435</td>
</tr></table></center>]]></description>
<ExtendedData>
<SchemaData schemaUrl="#kml_schema_ft_MRT_EXITS">
<SimpleData name="STATION_NA">EXPO MRT STATION</SimpleData>
<SimpleData name="EXIT_CODE">Exit A</SimpleData>
<SimpleData name="INC_CRC">FD3508562E82B730</SimpleData>
<SimpleData name="FMEL_UPD_D">20230127204435</SimpleData>
</SchemaData>
</ExtendedData>
<Point>
<coordinates>103.961942958226,1.33532172433891,0.0</coordinates>
</Point>
</Placemark>
<Placemark id="kml_208">
<name>kml_208</name>
<snippet> </snippet>
<description><![CDATA[<center><table><tr><th colspan='2' align='center'><em>Attributes</em></th></tr><tr bgcolor="#E3E3F3">
<th>STATION_NA</th>
<td>EXPO MRT STATION</td>
</tr><tr bgcolor="">
<th>EXIT_CODE</th>
<td>Exit B</td>
</tr><tr bgcolor="#E3E3F3">
<th>INC_CRC</th>
<td>697283586E726E3F</td>
</tr><tr bgcolor="">
<th>FMEL_UPD_D</th>
<td>20230127204435</td>
</tr></table></center>]]></description>
<ExtendedData>
<SchemaData schemaUrl="#kml_schema_ft_MRT_EXITS">
<SimpleData name="STATION_NA">EXPO MRT STATION</SimpleData>
<SimpleData name="EXIT_CODE">Exit B</SimpleData>
<SimpleData name="INC_CRC">697283586E726E3F</SimpleData>
<SimpleData name="FMEL_UPD_D">20230127204435</SimpleData>
</SchemaData>
</ExtendedData>
<Point>
<coordinates>103.962075287596,1.33525294423695,0.0</coordinates>
</Point>
</Placemark>
<Placemark id="kml_209">
<name>kml_209</name>
<snippet> </snippet>
<description><![CDATA[<center><table><tr><th colspan='2' align='center'><em>Attributes</em></th></tr><tr bgcolor="#E3E3F3">
<th>STATION_NA</th>
<td>ADMIRALTY MRT STATION</td>
</tr><tr bgcolor="">
<th>EXIT_CODE</th>
<td>Exit B</td>
</tr><tr bgcolor="#E3E3F3">
<th>INC_CRC</th>
<td>37905A3114C1A244</td>
</tr><tr bgcolor="">
<th>FMEL_UPD_D</th>
<td>20230127204435</td>
</tr></table></center>]]></description>
<ExtendedData>
<SchemaData schemaUrl="#kml_schema_ft_MRT_EXITS">
<SimpleData name="STATION_NA">ADMIRALTY MRT STATION</SimpleData>
<SimpleData name="EXIT_CODE">Exit B</SimpleData>
<SimpleData name="INC_CRC">37905A3114C1A244</SimpleData>
<SimpleData name="FMEL_UPD_D">20230127204435</SimpleData>
</SchemaData>
</ExtendedData>
<Point>
<coordinates>103.800533463258,1.44015239674676,0.0</coordinates>
</Point>
</Placemark>
<Placemark id="kml_210">
<name>kml_210</name>
<snippet> </snippet>
<description><![CDATA[<center><table><tr><th colspan='2' align='center'><em>Attributes</em></th></tr><tr bgcolor="#E3E3F3">
<th>STATION_NA</th>
<td>ADMIRALTY MRT STATION</td>
</tr><tr bgcolor="">
<th>EXIT_CODE</th>
<td>Exit D</td>
</tr><tr bgcolor="#E3E3F3">
<th>INC_CRC</th>
<td>746E9DB47E3B63DD</td>
</tr><tr bgcolor="">
<th>FMEL_UPD_D</th>
<td>20230127204435</td>
</tr></table></center>]]></description>
<ExtendedData>
<SchemaData schemaUrl="#kml_schema_ft_MRT_EXITS">
<SimpleData name="STATION_NA">ADMIRALTY MRT STATION</SimpleData>
<SimpleData name="EXIT_CODE">Exit D</SimpleData>
<SimpleData name="INC_CRC">746E9DB47E3B63DD</SimpleData>
<SimpleData name="FMEL_UPD_D">20230127204435</SimpleData>
</SchemaData>
</ExtendedData>
<Point>
<coordinates>103.801364534451,1.4405333880723,0.0</coordinates>
</Point>
</Placemark>
<Placemark id="kml_211">
<name>kml_211</name>
<snippet> </snippet>
<description><![CDATA[<center><table><tr><th colspan='2' align='center'><em>Attributes</em></th></tr><tr bgcolor="#E3E3F3">
<th>STATION_NA</th>
<td>ANG MO KIO MRT STATION</td>
</tr><tr bgcolor="">
<th>EXIT_CODE</th>
<td>Exit C</td>
</tr><tr bgcolor="#E3E3F3">
<th>INC_CRC</th>
<td>65B35A9BB66315DF</td>
</tr><tr bgcolor="">
<th>FMEL_UPD_D</th>
<td>20230127204435</td>
</tr></table></center>]]></description>
<ExtendedData>
<SchemaData schemaUrl="#kml_schema_ft_MRT_EXITS">
<SimpleData name="STATION_NA">ANG MO KIO MRT STATION</SimpleData>
<SimpleData name="EXIT_CODE">Exit C</SimpleData>
<SimpleData name="INC_CRC">65B35A9BB66315DF</SimpleData>
<SimpleData name="FMEL_UPD_D">20230127204435</SimpleData>
</SchemaData>
</ExtendedData>
<Point>
<coordinates>103.849343273705,1.3694405305965,0.0</coordinates>
</Point>
</Placemark>
<Placemark id="kml_212">
<name>kml_212</name>
<snippet> </snippet>
<description><![CDATA[<center><table><tr><th colspan='2' align='center'><em>Attributes</em></th></tr><tr bgcolor="#E3E3F3">
<th>STATION_NA</th>
<td>BAYFRONT MRT STATION</td>
</tr><tr bgcolor="">
<th>EXIT_CODE</th>
<td>Exit A</td>
</tr><tr bgcolor="#E3E3F3">
<th>INC_CRC</th>
<td>9446A698C2D12F17</td>
</tr><tr bgcolor="">
<th>FMEL_UPD_D</th>
<td>20230127204435</td>
</tr></table></center>]]></description>
<ExtendedData>
<SchemaData schemaUrl="#kml_schema_ft_MRT_EXITS">
<SimpleData name="STATION_NA">BAYFRONT MRT STATION</SimpleData>
<SimpleData name="EXIT_CODE">Exit A</SimpleData>
<SimpleData name="INC_CRC">9446A698C2D12F17</SimpleData>
<SimpleData name="FMEL_UPD_D">20230127204435</SimpleData>
</SchemaData>
</ExtendedData>
<Point>
<coordinates>103.85873192474,1.28096742397164,0.0</coordinates>
</Point>
</Placemark>
<Placemark id="kml_213">
<name>kml_213</name>
<snippet> </snippet>
<description><![CDATA[<center><table><tr><th colspan='2' align='center'><em>Attributes</em></th></tr><tr bgcolor="#E3E3F3">
<th>STATION_NA</th>
<td>BAYFRONT MRT STATION</td>
</tr><tr bgcolor="">
<th>EXIT_CODE</th>
<td>Exit E</td>
</tr><tr bgcolor="#E3E3F3">
<th>INC_CRC</th>
<td>2379024BE499AD08</td>
</tr><tr bgcolor="">
<th>FMEL_UPD_D</th>
<td>20230127204435</td>
</tr></table></center>]]></description>
<ExtendedData>
<SchemaData schemaUrl="#kml_schema_ft_MRT_EXITS">
<SimpleData name="STATION_NA">BAYFRONT MRT STATION</SimpleData>
<SimpleData name="EXIT_CODE">Exit E</SimpleData>
<SimpleData name="INC_CRC">2379024BE499AD08</SimpleData>
<SimpleData name="FMEL_UPD_D">20230127204435</SimpleData>
</SchemaData>
</ExtendedData>
<Point>
<coordinates>103.858441003652,1.28110463709187,0.0</coordinates>
</Point>
</Placemark>
<Placemark id="kml_214">
<name>kml_214</name>
<snippet> </snippet>
<description><![CDATA[<center><table><tr><th colspan='2' align='center'><em>Attributes</em></th></tr><tr bgcolor="#E3E3F3">
<th>STATION_NA</th>
<td>BAYFRONT MRT STATION</td>
</tr><tr bgcolor="">
<th>EXIT_CODE</th>
<td>Exit D</td>
</tr><tr bgcolor="#E3E3F3">
<th>INC_CRC</th>
<td>D926E2FE3DE5668D</td>
</tr><tr bgcolor="">
<th>FMEL_UPD_D</th>
<td>20230127204435</td>
</tr></table></center>]]></description>
<ExtendedData>
<SchemaData schemaUrl="#kml_schema_ft_MRT_EXITS">
<SimpleData name="STATION_NA">BAYFRONT MRT STATION</SimpleData>
<SimpleData name="EXIT_CODE">Exit D</SimpleData>
<SimpleData name="INC_CRC">D926E2FE3DE5668D</SimpleData>
<SimpleData name="FMEL_UPD_D">20230127204435</SimpleData>
</SchemaData>
</ExtendedData>
<Point>
<coordinates>103.859493846611,1.28283435447098,0.0</coordinates>
</Point>
</Placemark>
<Placemark id="kml_215">
<name>kml_215</name>
<snippet> </snippet>
<description><![CDATA[<center><table><tr><th colspan='2' align='center'><em>Attributes</em></th></tr><tr bgcolor="#E3E3F3">
<th>STATION_NA</th>
<td>TAMPINES MRT STATION</td>
</tr><tr bgcolor="">
<th>EXIT_CODE</th>
<td>Exit B</td>
</tr><tr bgcolor="#E3E3F3">
<th>INC_CRC</th>
<td>B610E91C58D66F87</td>
</tr><tr bgcolor="">
<th>FMEL_UPD_D</th>
<td>20230127204435</td>
</tr></table></center>]]></description>
<ExtendedData>
<SchemaData schemaUrl="#kml_schema_ft_MRT_EXITS">
<SimpleData name="STATION_NA">TAMPINES MRT STATION</SimpleData>
<SimpleData name="EXIT_CODE">Exit B</SimpleData>
<SimpleData name="INC_CRC">B610E91C58D66F87</SimpleData>
<SimpleData name="FMEL_UPD_D">20230127204435</SimpleData>
</SchemaData>
</ExtendedData>
<Point>
<coordinates>103.945089563334,1.35353908166709,0.0</coordinates>
</Point>
</Placemark>
<Placemark id="kml_216">
<name>kml_216</name>
<snippet> </snippet>
<description><![CDATA[<center><table><tr><th colspan='2' align='center'><em>Attributes</em></th></tr><tr bgcolor="#E3E3F3">
<th>STATION_NA</th>
<td>HOUGANG MRT STATION</td>
</tr><tr bgcolor="">
<th>EXIT_CODE</th>
<td>Exit C</td>
</tr><tr bgcolor="#E3E3F3">
<th>INC_CRC</th>
<td>CAD432D1FEF31915</td>
</tr><tr bgcolor="">
<th>FMEL_UPD_D</th>
<td>20230127204435</td>
</tr></table></center>]]></description>
<ExtendedData>
<SchemaData schemaUrl="#kml_schema_ft_MRT_EXITS">
<SimpleData name="STATION_NA">HOUGANG MRT STATION</SimpleData>
<SimpleData name="EXIT_CODE">Exit C</SimpleData>
<SimpleData name="INC_CRC">CAD432D1FEF31915</SimpleData>
<SimpleData name="FMEL_UPD_D">20230127204435</SimpleData>
</SchemaData>
</ExtendedData>
<Point>
<coordinates>103.891975029135,1.37214183483289,0.0</coordinates>
</Point>
</Placemark>
<Placemark id="kml_217">
<name>kml_217</name>
<snippet> </snippet>
<description><![CDATA[<center><table><tr><th colspan='2' align='center'><em>Attributes</em></th></tr><tr bgcolor="#E3E3F3">
<th>STATION_NA</th>
<td>HOUGANG MRT STATION</td>
</tr><tr bgcolor="">
<th>EXIT_CODE</th>
<td>Exit A</td>
</tr><tr bgcolor="#E3E3F3">
<th>INC_CRC</th>
<td>2D8A3BEA17E41AFD</td>
</tr><tr bgcolor="">
<th>FMEL_UPD_D</th>
<td>20230127204435</td>
</tr></table></center>]]></description>
<ExtendedData>
<SchemaData schemaUrl="#kml_schema_ft_MRT_EXITS">
<SimpleData name="STATION_NA">HOUGANG MRT STATION</SimpleData>
<SimpleData name="EXIT_CODE">Exit A</SimpleData>
<SimpleData name="INC_CRC">2D8A3BEA17E41AFD</SimpleData>
<SimpleData name="FMEL_UPD_D">20230127204435</SimpleData>
</SchemaData>
</ExtendedData>
<Point>
<coordinates>103.892445723159,1.37020857826092,0.0</coordinates>
</Point>
</Placemark>
<Placemark id="kml_218">
<name>kml_218</name>
<snippet> </snippet>
<description><![CDATA[<center><table><tr><th colspan='2' align='center'><em>Attributes</em></th></tr><tr bgcolor="#E3E3F3">
<th>STATION_NA</th>
<td>KOVAN MRT STATION</td>
</tr><tr bgcolor="">
<th>EXIT_CODE</th>
<td>Exit B</td>
</tr><tr bgcolor="#E3E3F3">
<th>INC_CRC</th>
<td>420650AF4622E265</td>
</tr><tr bgcolor="">
<th>FMEL_UPD_D</th>
<td>20230127204435</td>
</tr></table></center>]]></description>
<ExtendedData>
<SchemaData schemaUrl="#kml_schema_ft_MRT_EXITS">
<SimpleData name="STATION_NA">KOVAN MRT STATION</SimpleData>
<SimpleData name="EXIT_CODE">Exit B</SimpleData>
<SimpleData name="INC_CRC">420650AF4622E265</SimpleData>
<SimpleData name="FMEL_UPD_D">20230127204435</SimpleData>
</SchemaData>
</ExtendedData>
<Point>
<coordinates>103.884721732122,1.36020562306327,0.0</coordinates>
</Point>
</Placemark>
<Placemark id="kml_219">
<name>kml_219</name>
<snippet> </snippet>
<description><![CDATA[<center><table><tr><th colspan='2' align='center'><em>Attributes</em></th></tr><tr bgcolor="#E3E3F3">
<th>STATION_NA</th>
<td>KOVAN MRT STATION</td>
</tr><tr bgcolor="">
<th>EXIT_CODE</th>
<td>Exit C</td>
</tr><tr bgcolor="#E3E3F3">
<th>INC_CRC</th>
<td>A740F42ACFBB45B6</td>
</tr><tr bgcolor="">
<th>FMEL_UPD_D</th>
<td>20230127204435</td>
</tr></table></center>]]></description>
<ExtendedData>
<SchemaData schemaUrl="#kml_schema_ft_MRT_EXITS">
<SimpleData name="STATION_NA">KOVAN MRT STATION</SimpleData>
<SimpleData name="EXIT_CODE">Exit C</SimpleData>
<SimpleData name="INC_CRC">A740F42ACFBB45B6</SimpleData>
<SimpleData name="FMEL_UPD_D">20230127204435</SimpleData>
</SchemaData>
</ExtendedData>
<Point>
<coordinates>103.885450578,1.36002801014446,0.0</coordinates>
</Point>
</Placemark>
<Placemark id="kml_220">
<name>kml_220</name>
<snippet> </snippet>
<description><![CDATA[<center><table><tr><th colspan='2' align='center'><em>Attributes</em></th></tr><tr bgcolor="#E3E3F3">
<th>STATION_NA</th>
<td>KOVAN MRT STATION</td>
</tr><tr bgcolor="">
<th>EXIT_CODE</th>
<td>Exit A</td>
</tr><tr bgcolor="#E3E3F3">
<th>INC_CRC</th>
<td>AECA4062F6010632</td>
</tr><tr bgcolor="">
<th>FMEL_UPD_D</th>
<td>20230127204435</td>
</tr></table></center>]]></description>
<ExtendedData>
<SchemaData schemaUrl="#kml_schema_ft_MRT_EXITS">
<SimpleData name="STATION_NA">KOVAN MRT STATION</SimpleData>
<SimpleData name="EXIT_CODE">Exit A</SimpleData>
<SimpleData name="INC_CRC">AECA4062F6010632</SimpleData>
<SimpleData name="FMEL_UPD_D">20230127204435</SimpleData>
</SchemaData>
</ExtendedData>
<Point>
<coordinates>103.884307428636,1.35970758870125,0.0</coordinates>
</Point>
</Placemark>
<Placemark id="kml_221">
<name>kml_221</name>
<snippet> </snippet>
<description><![CDATA[<center><table><tr><th colspan='2' align='center'><em>Attributes</em></th></tr><tr bgcolor="#E3E3F3">
<th>STATION_NA</th>
<td>EUNOS MRT STATION</td>
</tr><tr bgcolor="">
<th>EXIT_CODE</th>
<td>Exit A</td>
</tr><tr bgcolor="#E3E3F3">
<th>INC_CRC</th>
<td>8EBFC6F8732D28BD</td>
</tr><tr bgcolor="">
<th>FMEL_UPD_D</th>
<td>20230127204435</td>
</tr></table></center>]]></description>
<ExtendedData>
<SchemaData schemaUrl="#kml_schema_ft_MRT_EXITS">
<SimpleData name="STATION_NA">EUNOS MRT STATION</SimpleData>
<SimpleData name="EXIT_CODE">Exit A</SimpleData>
<SimpleData name="INC_CRC">8EBFC6F8732D28BD</SimpleData>
<SimpleData name="FMEL_UPD_D">20230127204435</SimpleData>
</SchemaData>
</ExtendedData>
<Point>
<coordinates>103.902894137842,1.31951727489935,0.0</coordinates>
</Point>
</Placemark>
<Placemark id="kml_222">
<name>kml_222</name>
<snippet> </snippet>
<description><![CDATA[<center><table><tr><th colspan='2' align='center'><em>Attributes</em></th></tr><tr bgcolor="#E3E3F3">
<th>STATION_NA</th>
<td>EUNOS MRT STATION</td>
</tr><tr bgcolor="">
<th>EXIT_CODE</th>
<td>Exit B</td>
</tr><tr bgcolor="#E3E3F3">
<th>INC_CRC</th>
<td>C83CDC2726150409</td>
</tr><tr bgcolor="">
<th>FMEL_UPD_D</th>
<td>20230127204435</td>
</tr></table></center>]]></description>
<ExtendedData>
<SchemaData schemaUrl="#kml_schema_ft_MRT_EXITS">
<SimpleData name="STATION_NA">EUNOS MRT STATION</SimpleData>
<SimpleData name="EXIT_CODE">Exit B</SimpleData>
<SimpleData name="INC_CRC">C83CDC2726150409</SimpleData>
<SimpleData name="FMEL_UPD_D">20230127204435</SimpleData>
</SchemaData>
</ExtendedData>
<Point>
<coordinates>103.902582077618,1.3195625452698,0.0</coordinates>
</Point>
</Placemark>
<Placemark id="kml_223">
<name>kml_223</name>
<snippet> </snippet>
<description><![CDATA[<center><table><tr><th colspan='2' align='center'><em>Attributes</em></th></tr><tr bgcolor="#E3E3F3">
<th>STATION_NA</th>
<td>KEMBANGAN MRT STATION</td>
</tr><tr bgcolor="">
<th>EXIT_CODE</th>
<td>Exit B</td>
</tr><tr bgcolor="#E3E3F3">
<th>INC_CRC</th>
<td>E09063B99CE6B24F</td>
</tr><tr bgcolor="">
<th>FMEL_UPD_D</th>
<td>20230127204435</td>
</tr></table></center>]]></description>
<ExtendedData>
<SchemaData schemaUrl="#kml_schema_ft_MRT_EXITS">
<SimpleData name="STATION_NA">KEMBANGAN MRT STATION</SimpleData>
<SimpleData name="EXIT_CODE">Exit B</SimpleData>
<SimpleData name="INC_CRC">E09063B99CE6B24F</SimpleData>
<SimpleData name="FMEL_UPD_D">20230127204435</SimpleData>
</SchemaData>
</ExtendedData>
<Point>
<coordinates>103.912899288746,1.32115210805545,0.0</coordinates>
</Point>
</Placemark>
<Placemark id="kml_224">
<name>kml_224</name>
<snippet> </snippet>
<description><![CDATA[<center><table><tr><th colspan='2' align='center'><em>Attributes</em></th></tr><tr bgcolor="#E3E3F3">
<th>STATION_NA</th>
<td>KEMBANGAN MRT STATION</td>
</tr><tr bgcolor="">
<th>EXIT_CODE</th>
<td>Exit A</td>
</tr><tr bgcolor="#E3E3F3">
<th>INC_CRC</th>
<td>85173EF160C47192</td>
</tr><tr bgcolor="">
<th>FMEL_UPD_D</th>
<td>20230127204435</td>
</tr></table></center>]]></description>
<ExtendedData>
<SchemaData schemaUrl="#kml_schema_ft_MRT_EXITS">
<SimpleData name="STATION_NA">KEMBANGAN MRT STATION</SimpleData>
<SimpleData name="EXIT_CODE">Exit A</SimpleData>
<SimpleData name="INC_CRC">85173EF160C47192</SimpleData>
<SimpleData name="FMEL_UPD_D">20230127204435</SimpleData>
</SchemaData>
</ExtendedData>
<Point>
<coordinates>103.912941079407,1.32092376028202,0.0</coordinates>
</Point>
</Placemark>
<Placemark id="kml_225">
<name>kml_225</name>
<snippet> </snippet>
<description><![CDATA[<center><table><tr><th colspan='2' align='center'><em>Attributes</em></th></tr><tr bgcolor="#E3E3F3">
<th>STATION_NA</th>
<td>BEDOK MRT STATION</td>
</tr><tr bgcolor="">
<th>EXIT_CODE</th>
<td>Exit A</td>
</tr><tr bgcolor="#E3E3F3">
<th>INC_CRC</th>
<td>20B9A6B793404FF3</td>
</tr><tr bgcolor="">
<th>FMEL_UPD_D</th>
<td>20230127204435</td>
</tr></table></center>]]></description>
<ExtendedData>
<SchemaData schemaUrl="#kml_schema_ft_MRT_EXITS">
<SimpleData name="STATION_NA">BEDOK MRT STATION</SimpleData>
<SimpleData name="EXIT_CODE">Exit A</SimpleData>
<SimpleData name="INC_CRC">20B9A6B793404FF3</SimpleData>
<SimpleData name="FMEL_UPD_D">20230127204435</SimpleData>
</SchemaData>
</ExtendedData>
<Point>
<coordinates>103.929157143095,1.32356863615635,0.0</coordinates>
</Point>
</Placemark>
<Placemark id="kml_226">
<name>kml_226</name>
<snippet> </snippet>
<description><![CDATA[<center><table><tr><th colspan='2' align='center'><em>Attributes</em></th></tr><tr bgcolor="#E3E3F3">
<th>STATION_NA</th>
<td>BEDOK MRT STATION</td>
</tr><tr bgcolor="">
<th>EXIT_CODE</th>
<td>Exit B</td>
</tr><tr bgcolor="#E3E3F3">
<th>INC_CRC</th>
<td>29CA710B93C2CB4B</td>
</tr><tr bgcolor="">
<th>FMEL_UPD_D</th>
<td>20230127204435</td>
</tr></table></center>]]></description>
<ExtendedData>
<SchemaData schemaUrl="#kml_schema_ft_MRT_EXITS">
<SimpleData name="STATION_NA">BEDOK MRT STATION</SimpleData>
<SimpleData name="EXIT_CODE">Exit B</SimpleData>
<SimpleData name="INC_CRC">29CA710B93C2CB4B</SimpleData>
<SimpleData name="FMEL_UPD_D">20230127204435</SimpleData>
</SchemaData>
</ExtendedData>
<Point>
<coordinates>103.929673089995,1.32426834276114,0.0</coordinates>
</Point>
</Placemark>
<Placemark id="kml_227">
<name>kml_227</name>
<snippet> </snippet>
<description><![CDATA[<center><table><tr><th colspan='2' align='center'><em>Attributes</em></th></tr><tr bgcolor="#E3E3F3">
<th>STATION_NA</th>
<td>ANG MO KIO MRT STATION</td>
</tr><tr bgcolor="">
<th>EXIT_CODE</th>
<td>Exit B</td>
</tr><tr bgcolor="#E3E3F3">
<th>INC_CRC</th>
<td>87583D09ABBEFC42</td>
</tr><tr bgcolor="">
<th>FMEL_UPD_D</th>
<td>20230127204435</td>
</tr></table></center>]]></description>
<ExtendedData>
<SchemaData schemaUrl="#kml_schema_ft_MRT_EXITS">
<SimpleData name="STATION_NA">ANG MO KIO MRT STATION</SimpleData>
<SimpleData name="EXIT_CODE">Exit B</SimpleData>
<SimpleData name="INC_CRC">87583D09ABBEFC42</SimpleData>
<SimpleData name="FMEL_UPD_D">20230127204435</SimpleData>
</SchemaData>
</ExtendedData>
<Point>
<coordinates>103.849596100655,1.36968532219972,0.0</coordinates>
</Point>
</Placemark>
<Placemark id="kml_228">
<name>kml_228</name>
<snippet> </snippet>
<description><![CDATA[<center><table><tr><th colspan='2' align='center'><em>Attributes</em></th></tr><tr bgcolor="#E3E3F3">
<th>STATION_NA</th>
<td>ANG MO KIO MRT STATION</td>
</tr><tr bgcolor="">
<th>EXIT_CODE</th>
<td>Exit A</td>
</tr><tr bgcolor="#E3E3F3">
<th>INC_CRC</th>
<td>6CB268C777B52269</td>
</tr><tr bgcolor="">
<th>FMEL_UPD_D</th>
<td>20230127204435</td>
</tr></table></center>]]></description>
<ExtendedData>
<SchemaData schemaUrl="#kml_schema_ft_MRT_EXITS">
<SimpleData name="STATION_NA">ANG MO KIO MRT STATION</SimpleData>
<SimpleData name="EXIT_CODE">Exit A</SimpleData>
<SimpleData name="INC_CRC">6CB268C777B52269</SimpleData>
<SimpleData name="FMEL_UPD_D">20230127204435</SimpleData>
</SchemaData>
</ExtendedData>
<Point>
<coordinates>103.849939000741,1.3694647065051,0.0</coordinates>
</Point>
</Placemark>
<Placemark id="kml_229">
<name>kml_229</name>
<snippet> </snippet>
<description><![CDATA[<center><table><tr><th colspan='2' align='center'><em>Attributes</em></th></tr><tr bgcolor="#E3E3F3">
<th>STATION_NA</th>
<td>BISHAN MRT STATION</td>
</tr><tr bgcolor="">
<th>EXIT_CODE</th>
<td>Exit B</td>
</tr><tr bgcolor="#E3E3F3">
<th>INC_CRC</th>
<td>1B5DEBDC60CE4A0E</td>
</tr><tr bgcolor="">
<th>FMEL_UPD_D</th>
<td>20230127204435</td>
</tr></table></center>]]></description>
<ExtendedData>
<SchemaData schemaUrl="#kml_schema_ft_MRT_EXITS">
<SimpleData name="STATION_NA">BISHAN MRT STATION</SimpleData>
<SimpleData name="EXIT_CODE">Exit B</SimpleData>
<SimpleData name="INC_CRC">1B5DEBDC60CE4A0E</SimpleData>
<SimpleData name="FMEL_UPD_D">20230127204435</SimpleData>
</SchemaData>
</ExtendedData>
<Point>
<coordinates>103.84831225598,1.35106443927374,0.0</coordinates>
</Point>
</Placemark>
<Placemark id="kml_230">
<name>kml_230</name>
<snippet> </snippet>
<description><![CDATA[<center><table><tr><th colspan='2' align='center'><em>Attributes</em></th></tr><tr bgcolor="#E3E3F3">
<th>STATION_NA</th>
<td>BISHAN MRT STATION</td>
</tr><tr bgcolor="">
<th>EXIT_CODE</th>
<td>Exit E</td>
</tr><tr bgcolor="#E3E3F3">
<th>INC_CRC</th>
<td>03844339B281C755</td>
</tr><tr bgcolor="">
<th>FMEL_UPD_D</th>
<td>20230127204435</td>
</tr></table></center>]]></description>
<ExtendedData>
<SchemaData schemaUrl="#kml_schema_ft_MRT_EXITS">
<SimpleData name="STATION_NA">BISHAN MRT STATION</SimpleData>
<SimpleData name="EXIT_CODE">Exit E</SimpleData>
<SimpleData name="INC_CRC">03844339B281C755</SimpleData>
<SimpleData name="FMEL_UPD_D">20230127204435</SimpleData>
</SchemaData>
</ExtendedData>
<Point>
<coordinates>103.848432923875,1.35103483777104,0.0</coordinates>
</Point>
</Placemark>
<Placemark id="kml_231">
<name>kml_231</name>
<snippet> </snippet>
<description><![CDATA[<center><table><tr><th colspan='2' align='center'><em>Attributes</em></th></tr><tr bgcolor="#E3E3F3">
<th>STATION_NA</th>
<td>BISHAN MRT STATION</td>
</tr><tr bgcolor="">
<th>EXIT_CODE</th>
<td>Exit C</td>
</tr><tr bgcolor="#E3E3F3">
<th>INC_CRC</th>
<td>2C4E7954EAAC322A</td>
</tr><tr bgcolor="">
<th>FMEL_UPD_D</th>
<td>20230127204435</td>
</tr></table></center>]]></description>
<ExtendedData>
<SchemaData schemaUrl="#kml_schema_ft_MRT_EXITS">
<SimpleData name="STATION_NA">BISHAN MRT STATION</SimpleData>
<SimpleData name="EXIT_CODE">Exit C</SimpleData>
<SimpleData name="INC_CRC">2C4E7954EAAC322A</SimpleData>
<SimpleData name="FMEL_UPD_D">20230127204435</SimpleData>
</SchemaData>
</ExtendedData>
<Point>
<coordinates>103.848209281294,1.35058491153989,0.0</coordinates>
</Point>
</Placemark>
<Placemark id="kml_232">
<name>kml_232</name>
<snippet> </snippet>
<description><![CDATA[<center><table><tr><th colspan='2' align='center'><em>Attributes</em></th></tr><tr bgcolor="#E3E3F3">
<th>STATION_NA</th>
<td>BRADDELL MRT STATION</td>
</tr><tr bgcolor="">
<th>EXIT_CODE</th>
<td>Exit C</td>
</tr><tr bgcolor="#E3E3F3">
<th>INC_CRC</th>
<td>90DD180B16820DA9</td>
</tr><tr bgcolor="">
<th>FMEL_UPD_D</th>
<td>20230127204435</td>
</tr></table></center>]]></description>
<ExtendedData>
<SchemaData schemaUrl="#kml_schema_ft_MRT_EXITS">
<SimpleData name="STATION_NA">BRADDELL MRT STATION</SimpleData>
<SimpleData name="EXIT_CODE">Exit C</SimpleData>
<SimpleData name="INC_CRC">90DD180B16820DA9</SimpleData>
<SimpleData name="FMEL_UPD_D">20230127204435</SimpleData>
</SchemaData>
</ExtendedData>
<Point>
<coordinates>103.847440830591,1.34067216394317,0.0</coordinates>
</Point>
</Placemark>
<Placemark id="kml_233">
<name>kml_233</name>
<snippet> </snippet>
<description><![CDATA[<center><table><tr><th colspan='2' align='center'><em>Attributes</em></th></tr><tr bgcolor="#E3E3F3">
<th>STATION_NA</th>
<td>BRADDELL MRT STATION</td>
</tr><tr bgcolor="">
<th>EXIT_CODE</th>
<td>Exit B</td>
</tr><tr bgcolor="#E3E3F3">
<th>INC_CRC</th>
<td>B8C182EB1FFEA0F7</td>
</tr><tr bgcolor="">
<th>FMEL_UPD_D</th>
<td>20230127204435</td>
</tr></table></center>]]></description>
<ExtendedData>
<SchemaData schemaUrl="#kml_schema_ft_MRT_EXITS">
<SimpleData name="STATION_NA">BRADDELL MRT STATION</SimpleData>
<SimpleData name="EXIT_CODE">Exit B</SimpleData>
<SimpleData name="INC_CRC">B8C182EB1FFEA0F7</SimpleData>
<SimpleData name="FMEL_UPD_D">20230127204435</SimpleData>
</SchemaData>
</ExtendedData>
<Point>
<coordinates>103.846406497231,1.34074431901447,0.0</coordinates>
</Point>
</Placemark>
<Placemark id="kml_234">
<name>kml_234</name>
<snippet> </snippet>
<description><![CDATA[<center><table><tr><th colspan='2' align='center'><em>Attributes</em></th></tr><tr bgcolor="#E3E3F3">
<th>STATION_NA</th>
<td>BRADDELL MRT STATION</td>
</tr><tr bgcolor="">
<th>EXIT_CODE</th>
<td>Exit A</td>
</tr><tr bgcolor="#E3E3F3">
<th>INC_CRC</th>
<td>6D90E5E9F8684602</td>
</tr><tr bgcolor="">
<th>FMEL_UPD_D</th>
<td>20230127204435</td>
</tr></table></center>]]></description>
<ExtendedData>
<SchemaData schemaUrl="#kml_schema_ft_MRT_EXITS">
<SimpleData name="STATION_NA">BRADDELL MRT STATION</SimpleData>
<SimpleData name="EXIT_CODE">Exit A</SimpleData>
<SimpleData name="INC_CRC">6D90E5E9F8684602</SimpleData>
<SimpleData name="FMEL_UPD_D">20230127204435</SimpleData>
</SchemaData>
</ExtendedData>
<Point>
<coordinates>103.846429540721,1.34106899206951,0.0</coordinates>
</Point>
</Placemark>
<Placemark id="kml_235">
<name>kml_235</name>
<snippet> </snippet>
<description><![CDATA[<center><table><tr><th colspan='2' align='center'><em>Attributes</em></th></tr><tr bgcolor="#E3E3F3">
<th>STATION_NA</th>
<td>TOA PAYOH MRT STATION</td>
</tr><tr bgcolor="">
<th>EXIT_CODE</th>
<td>Exit B</td>
</tr><tr bgcolor="#E3E3F3">
<th>INC_CRC</th>
<td>DE385222B3EA4A3C</td>
</tr><tr bgcolor="">
<th>FMEL_UPD_D</th>
<td>20230127204435</td>
</tr></table></center>]]></description>
<ExtendedData>
<SchemaData schemaUrl="#kml_schema_ft_MRT_EXITS">
<SimpleData name="STATION_NA">TOA PAYOH MRT STATION</SimpleData>
<SimpleData name="EXIT_CODE">Exit B</SimpleData>
<SimpleData name="INC_CRC">DE385222B3EA4A3C</SimpleData>
<SimpleData name="FMEL_UPD_D">20230127204435</SimpleData>
</SchemaData>
</ExtendedData>
<Point>
<coordinates>103.847577567476,1.33231553664677,0.0</coordinates>
</Point>
</Placemark>
<Placemark id="kml_236">
<name>kml_236</name>
<snippet> </snippet>
<description><![CDATA[<center><table><tr><th colspan='2' align='center'><em>Attributes</em></th></tr><tr bgcolor="#E3E3F3">
<th>STATION_NA</th>
<td>TOA PAYOH MRT STATION</td>
</tr><tr bgcolor="">
<th>EXIT_CODE</th>
<td>Exit C</td>
</tr><tr bgcolor="#E3E3F3">
<th>INC_CRC</th>
<td>4C8924227130F1F0</td>
</tr><tr bgcolor="">
<th>FMEL_UPD_D</th>
<td>20230127204435</td>
</tr></table></center>]]></description>
<ExtendedData>
<SchemaData schemaUrl="#kml_schema_ft_MRT_EXITS">
<SimpleData name="STATION_NA">TOA PAYOH MRT STATION</SimpleData>
<SimpleData name="EXIT_CODE">Exit C</SimpleData>
<SimpleData name="INC_CRC">4C8924227130F1F0</SimpleData>
<SimpleData name="FMEL_UPD_D">20230127204435</SimpleData>
</SchemaData>
</ExtendedData>
<Point>
<coordinates>103.847319773632,1.33299410183748,0.0</coordinates>
</Point>
</Placemark>
<Placemark id="kml_237">
<name>kml_237</name>
<snippet> </snippet>
<description><![CDATA[<center><table><tr><th colspan='2' align='center'><em>Attributes</em></th></tr><tr bgcolor="#E3E3F3">
<th>STATION_NA</th>
<td>NOVENA MRT STATION</td>
</tr><tr bgcolor="">
<th>EXIT_CODE</th>
<td>Exit B</td>
</tr><tr bgcolor="#E3E3F3">
<th>INC_CRC</th>
<td>F8D815A9ADA89BE1</td>
</tr><tr bgcolor="">
<th>FMEL_UPD_D</th>
<td>20230127204435</td>
</tr></table></center>]]></description>
<ExtendedData>
<SchemaData schemaUrl="#kml_schema_ft_MRT_EXITS">
<SimpleData name="STATION_NA">NOVENA MRT STATION</SimpleData>
<SimpleData name="EXIT_CODE">Exit B</SimpleData>
<SimpleData name="INC_CRC">F8D815A9ADA89BE1</SimpleData>
<SimpleData name="FMEL_UPD_D">20230127204435</SimpleData>
</SchemaData>
</ExtendedData>
<Point>
<coordinates>103.843339733476,1.31989588603478,0.0</coordinates>
</Point>
</Placemark>
<Placemark id="kml_238">
<name>kml_238</name>
<snippet> </snippet>
<description><![CDATA[<center><table><tr><th colspan='2' align='center'><em>Attributes</em></th></tr><tr bgcolor="#E3E3F3">
<th>STATION_NA</th>
<td>NOVENA MRT STATION</td>
</tr><tr bgcolor="">
<th>EXIT_CODE</th>
<td>Exit A</td>
</tr><tr bgcolor="#E3E3F3">
<th>INC_CRC</th>
<td>1C30DBBBBC9F938C</td>
</tr><tr bgcolor="">
<th>FMEL_UPD_D</th>
<td>20230127204435</td>
</tr></table></center>]]></description>
<ExtendedData>
<SchemaData schemaUrl="#kml_schema_ft_MRT_EXITS">
<SimpleData name="STATION_NA">NOVENA MRT STATION</SimpleData>
<SimpleData name="EXIT_CODE">Exit A</SimpleData>
<SimpleData name="INC_CRC">1C30DBBBBC9F938C</SimpleData>
<SimpleData name="FMEL_UPD_D">20230127204435</SimpleData>
</SchemaData>
</ExtendedData>
<Point>
<coordinates>103.844389333871,1.32109486830236,0.0</coordinates>
</Point>
</Placemark>
<Placemark id="kml_239">
<name>kml_239</name>
<snippet> </snippet>
<description><![CDATA[<center><table><tr><th colspan='2' align='center'><em>Attributes</em></th></tr><tr bgcolor="#E3E3F3">
<th>STATION_NA</th>
<td>TOA PAYOH MRT STATION</td>
</tr><tr bgcolor="">
<th>EXIT_CODE</th>
<td>Exit D</td>
</tr><tr bgcolor="#E3E3F3">
<th>INC_CRC</th>
<td>5AB7564CE0D0C509</td>
</tr><tr bgcolor="">
<th>FMEL_UPD_D</th>
<td>20230127204435</td>
</tr></table></center>]]></description>
<ExtendedData>
<SchemaData schemaUrl="#kml_schema_ft_MRT_EXITS">
<SimpleData name="STATION_NA">TOA PAYOH MRT STATION</SimpleData>
<SimpleData name="EXIT_CODE">Exit D</SimpleData>
<SimpleData name="INC_CRC">5AB7564CE0D0C509</SimpleData>
<SimpleData name="FMEL_UPD_D">20230127204435</SimpleData>
</SchemaData>
</ExtendedData>
<Point>
<coordinates>103.846517406156,1.33327874598633,0.0</coordinates>
</Point>
</Placemark>
<Placemark id="kml_240">
<name>kml_240</name>
<snippet> </snippet>
<description><![CDATA[<center><table><tr><th colspan='2' align='center'><em>Attributes</em></th></tr><tr bgcolor="#E3E3F3">
<th>STATION_NA</th>
<td>WOODLEIGH MRT STATION</td>
</tr><tr bgcolor="">
<th>EXIT_CODE</th>
<td>Exit C</td>
</tr><tr bgcolor="#E3E3F3">
<th>INC_CRC</th>
<td>021A225B04A13444</td>
</tr><tr bgcolor="">
<th>FMEL_UPD_D</th>
<td>20230127204435</td>
</tr></table></center>]]></description>
<ExtendedData>
<SchemaData schemaUrl="#kml_schema_ft_MRT_EXITS">
<SimpleData name="STATION_NA">WOODLEIGH MRT STATION</SimpleData>
<SimpleData name="EXIT_CODE">Exit C</SimpleData>
<SimpleData name="INC_CRC">021A225B04A13444</SimpleData>
<SimpleData name="FMEL_UPD_D">20230127204435</SimpleData>
</SchemaData>
</ExtendedData>
<Point>
<coordinates>103.871053804158,1.3398672199419,0.0</coordinates>
</Point>
</Placemark>
<Placemark id="kml_241">
<name>kml_241</name>
<snippet> </snippet>
<description><![CDATA[<center><table><tr><th colspan='2' align='center'><em>Attributes</em></th></tr><tr bgcolor="#E3E3F3">
<th>STATION_NA</th>
<td>WOODLEIGH MRT STATION</td>
</tr><tr bgcolor="">
<th>EXIT_CODE</th>
<td>Exit A</td>
</tr><tr bgcolor="#E3E3F3">
<th>INC_CRC</th>
<td>390C6CA013A0C83B</td>
</tr><tr bgcolor="">
<th>FMEL_UPD_D</th>
<td>20230127204435</td>
</tr></table></center>]]></description>
<ExtendedData>
<SchemaData schemaUrl="#kml_schema_ft_MRT_EXITS">
<SimpleData name="STATION_NA">WOODLEIGH MRT STATION</SimpleData>
<SimpleData name="EXIT_CODE">Exit A</SimpleData>
<SimpleData name="INC_CRC">390C6CA013A0C83B</SimpleData>
<SimpleData name="FMEL_UPD_D">20230127204435</SimpleData>
</SchemaData>
</ExtendedData>
<Point>
<coordinates>103.870940604568,1.33851065441145,0.0</coordinates>
</Point>
</Placemark>
<Placemark id="kml_242">
<name>kml_242</name>
<snippet> </snippet>
<description><![CDATA[<center><table><tr><th colspan='2' align='center'><em>Attributes</em></th></tr><tr bgcolor="#E3E3F3">
<th>STATION_NA</th>
<td>WOODLEIGH MRT STATION</td>
</tr><tr bgcolor="">
<th>EXIT_CODE</th>
<td>Exit B</td>
</tr><tr bgcolor="#E3E3F3">
<th>INC_CRC</th>
<td>6AA9CF467B21891C</td>
</tr><tr bgcolor="">
<th>FMEL_UPD_D</th>
<td>20230127204435</td>
</tr></table></center>]]></description>
<ExtendedData>
<SchemaData schemaUrl="#kml_schema_ft_MRT_EXITS">
<SimpleData name="STATION_NA">WOODLEIGH MRT STATION</SimpleData>
<SimpleData name="EXIT_CODE">Exit B</SimpleData>
<SimpleData name="INC_CRC">6AA9CF467B21891C</SimpleData>
<SimpleData name="FMEL_UPD_D">20230127204435</SimpleData>
</SchemaData>
</ExtendedData>
<Point>
<coordinates>103.870508468145,1.33858314946013,0.0</coordinates>
</Point>
</Placemark>
<Placemark id="kml_243">
<name>kml_243</name>
<snippet> </snippet>
<description><![CDATA[<center><table><tr><th colspan='2' align='center'><em>Attributes</em></th></tr><tr bgcolor="#E3E3F3">
<th>STATION_NA</th>
<td>BOON KENG MRT STATION</td>
</tr><tr bgcolor="">
<th>EXIT_CODE</th>
<td>Exit B</td>
</tr><tr bgcolor="#E3E3F3">
<th>INC_CRC</th>
<td>437A42A639D5778D</td>
</tr><tr bgcolor="">
<th>FMEL_UPD_D</th>
<td>20230127204435</td>
</tr></table></center>]]></description>
<ExtendedData>
<SchemaData schemaUrl="#kml_schema_ft_MRT_EXITS">
<SimpleData name="STATION_NA">BOON KENG MRT STATION</SimpleData>
<SimpleData name="EXIT_CODE">Exit B</SimpleData>
<SimpleData name="INC_CRC">437A42A639D5778D</SimpleData>
<SimpleData name="FMEL_UPD_D">20230127204435</SimpleData>
</SchemaData>
</ExtendedData>
<Point>
<coordinates>103.861903675519,1.31923519599748,0.0</coordinates>
</Point>
</Placemark>
<Placemark id="kml_244">
<name>kml_244</name>
<snippet> </snippet>
<description><![CDATA[<center><table><tr><th colspan='2' align='center'><em>Attributes</em></th></tr><tr bgcolor="#E3E3F3">
<th>STATION_NA</th>
<td>POTONG PASIR MRT STATION</td>
</tr><tr bgcolor="">
<th>EXIT_CODE</th>
<td>Exit C</td>
</tr><tr bgcolor="#E3E3F3">
<th>INC_CRC</th>
<td>C0620A11315B77FF</td>
</tr><tr bgcolor="">
<th>FMEL_UPD_D</th>
<td>20230127204435</td>
</tr></table></center>]]></description>
<ExtendedData>
<SchemaData schemaUrl="#kml_schema_ft_MRT_EXITS">
<SimpleData name="STATION_NA">POTONG PASIR MRT STATION</SimpleData>
<SimpleData name="EXIT_CODE">Exit C</SimpleData>
<SimpleData name="INC_CRC">C0620A11315B77FF</SimpleData>
<SimpleData name="FMEL_UPD_D">20230127204435</SimpleData>
</SchemaData>
</ExtendedData>
<Point>
<coordinates>103.868703893188,1.33106671097983,0.0</coordinates>
</Point>
</Placemark>
<Placemark id="kml_245">
<name>kml_245</name>
<snippet> </snippet>
<description><![CDATA[<center><table><tr><th colspan='2' align='center'><em>Attributes</em></th></tr><tr bgcolor="#E3E3F3">
<th>STATION_NA</th>
<td>POTONG PASIR MRT STATION</td>
</tr><tr bgcolor="">
<th>EXIT_CODE</th>
<td>Exit B</td>
</tr><tr bgcolor="#E3E3F3">
<th>INC_CRC</th>
<td>ADC7223B75A5E175</td>
</tr><tr bgcolor="">
<th>FMEL_UPD_D</th>
<td>20230127204435</td>
</tr></table></center>]]></description>
<ExtendedData>
<SchemaData schemaUrl="#kml_schema_ft_MRT_EXITS">
<SimpleData name="STATION_NA">POTONG PASIR MRT STATION</SimpleData>
<SimpleData name="EXIT_CODE">Exit B</SimpleData>
<SimpleData name="INC_CRC">ADC7223B75A5E175</SimpleData>
<SimpleData name="FMEL_UPD_D">20230127204435</SimpleData>
</SchemaData>
</ExtendedData>
<Point>
<coordinates>103.869333239363,1.33114814073399,0.0</coordinates>
</Point>
</Placemark>
<Placemark id="kml_246">
<name>kml_246</name>
<snippet> </snippet>
<description><![CDATA[<center><table><tr><th colspan='2' align='center'><em>Attributes</em></th></tr><tr bgcolor="#E3E3F3">
<th>STATION_NA</th>
<td>SOMERSET MRT STATION</td>
</tr><tr bgcolor="">
<th>EXIT_CODE</th>
<td>Exit A</td>
</tr><tr bgcolor="#E3E3F3">
<th>INC_CRC</th>
<td>C073EA14C7AA013E</td>
</tr><tr bgcolor="">
<th>FMEL_UPD_D</th>
<td>20230127204435</td>
</tr></table></center>]]></description>
<ExtendedData>
<SchemaData schemaUrl="#kml_schema_ft_MRT_EXITS">
<SimpleData name="STATION_NA">SOMERSET MRT STATION</SimpleData>
<SimpleData name="EXIT_CODE">Exit A</SimpleData>
<SimpleData name="INC_CRC">C073EA14C7AA013E</SimpleData>
<SimpleData name="FMEL_UPD_D">20230127204435</SimpleData>
</SchemaData>
</ExtendedData>
<Point>
<coordinates>103.838399326576,1.3000284884874,0.0</coordinates>
</Point>
</Placemark>
<Placemark id="kml_247">
<name>kml_247</name>
<snippet> </snippet>
<description><![CDATA[<center><table><tr><th colspan='2' align='center'><em>Attributes</em></th></tr><tr bgcolor="#E3E3F3">
<th>STATION_NA</th>
<td>ONE-NORTH MRT STATION</td>
</tr><tr bgcolor="">
<th>EXIT_CODE</th>
<td>Exit C</td>
</tr><tr bgcolor="#E3E3F3">
<th>INC_CRC</th>
<td>14396AC4C6B421F3</td>
</tr><tr bgcolor="">
<th>FMEL_UPD_D</th>
<td>20230127204435</td>
</tr></table></center>]]></description>
<ExtendedData>
<SchemaData schemaUrl="#kml_schema_ft_MRT_EXITS">
<SimpleData name="STATION_NA">ONE-NORTH MRT STATION</SimpleData>
<SimpleData name="EXIT_CODE">Exit C</SimpleData>
<SimpleData name="INC_CRC">14396AC4C6B421F3</SimpleData>
<SimpleData name="FMEL_UPD_D">20230127204435</SimpleData>
</SchemaData>
</ExtendedData>
<Point>
<coordinates>103.787565456204,1.29971469760634,0.0</coordinates>
</Point>
</Placemark>
<Placemark id="kml_248">
<name>kml_248</name>
<snippet> </snippet>
<description><![CDATA[<center><table><tr><th colspan='2' align='center'><em>Attributes</em></th></tr><tr bgcolor="#E3E3F3">
<th>STATION_NA</th>
<td>BRAS BASAH MRT STATION</td>
</tr><tr bgcolor="">
<th>EXIT_CODE</th>
<td>Exit B</td>
</tr><tr bgcolor="#E3E3F3">
<th>INC_CRC</th>
<td>57B5E4CF560CD25A</td>
</tr><tr bgcolor="">
<th>FMEL_UPD_D</th>
<td>20230127204435</td>
</tr></table></center>]]></description>
<ExtendedData>
<SchemaData schemaUrl="#kml_schema_ft_MRT_EXITS">
<SimpleData name="STATION_NA">BRAS BASAH MRT STATION</SimpleData>
<SimpleData name="EXIT_CODE">Exit B</SimpleData>
<SimpleData name="INC_CRC">57B5E4CF560CD25A</SimpleData>
<SimpleData name="FMEL_UPD_D">20230127204435</SimpleData>
</SchemaData>
</ExtendedData>
<Point>
<coordinates>103.850474275507,1.29604621307724,0.0</coordinates>
</Point>
</Placemark>
<Placemark id="kml_249">
<name>kml_249</name>
<snippet> </snippet>
<description><![CDATA[<center><table><tr><th colspan='2' align='center'><em>Attributes</em></th></tr><tr bgcolor="#E3E3F3">
<th>STATION_NA</th>
<td>BRAS BASAH MRT STATION</td>
</tr><tr bgcolor="">
<th>EXIT_CODE</th>
<td>Exit A</td>
</tr><tr bgcolor="#E3E3F3">
<th>INC_CRC</th>
<td>1C26490BD624B606</td>
</tr><tr bgcolor="">
<th>FMEL_UPD_D</th>
<td>20230127204435</td>
</tr></table></center>]]></description>
<ExtendedData>
<SchemaData schemaUrl="#kml_schema_ft_MRT_EXITS">
<SimpleData name="STATION_NA">BRAS BASAH MRT STATION</SimpleData>
<SimpleData name="EXIT_CODE">Exit A</SimpleData>
<SimpleData name="INC_CRC">1C26490BD624B606</SimpleData>
<SimpleData name="FMEL_UPD_D">20230127204435</SimpleData>
</SchemaData>
</ExtendedData>
<Point>
<coordinates>103.851327253386,1.29685892177104,0.0</coordinates>
</Point>
</Placemark>
<Placemark id="kml_250">
<name>kml_250</name>
<snippet> </snippet>
<description><![CDATA[<center><table><tr><th colspan='2' align='center'><em>Attributes</em></th></tr><tr bgcolor="#E3E3F3">
<th>STATION_NA</th>
<td>BRAS BASAH MRT STATION</td>
</tr><tr bgcolor="">
<th>EXIT_CODE</th>
<td>Exit C</td>
</tr><tr bgcolor="#E3E3F3">
<th>INC_CRC</th>
<td>9448BEB862765BA4</td>
</tr><tr bgcolor="">
<th>FMEL_UPD_D</th>
<td>20230127204435</td>
</tr></table></center>]]></description>
<ExtendedData>
<SchemaData schemaUrl="#kml_schema_ft_MRT_EXITS">
<SimpleData name="STATION_NA">BRAS BASAH MRT STATION</SimpleData>
<SimpleData name="EXIT_CODE">Exit C</SimpleData>
<SimpleData name="INC_CRC">9448BEB862765BA4</SimpleData>
<SimpleData name="FMEL_UPD_D">20230127204435</SimpleData>
</SchemaData>
</ExtendedData>
<Point>
<coordinates>103.850249852705,1.29701443296395,0.0</coordinates>
</Point>
</Placemark>
<Placemark id="kml_251">
<name>kml_251</name>
<snippet> </snippet>
<description><![CDATA[<center><table><tr><th colspan='2' align='center'><em>Attributes</em></th></tr><tr bgcolor="#E3E3F3">
<th>STATION_NA</th>
<td>BRAS BASAH MRT STATION</td>
</tr><tr bgcolor="">
<th>EXIT_CODE</th>
<td>Exit D</td>
</tr><tr bgcolor="#E3E3F3">
<th>INC_CRC</th>
<td>D53EA9E82E6BE2E5</td>
</tr><tr bgcolor="">
<th>FMEL_UPD_D</th>
<td>20230127204435</td>
</tr></table></center>]]></description>
<ExtendedData>
<SchemaData schemaUrl="#kml_schema_ft_MRT_EXITS">
<SimpleData name="STATION_NA">BRAS BASAH MRT STATION</SimpleData>
<SimpleData name="EXIT_CODE">Exit D</SimpleData>
<SimpleData name="INC_CRC">D53EA9E82E6BE2E5</SimpleData>
<SimpleData name="FMEL_UPD_D">20230127204435</SimpleData>
</SchemaData>
</ExtendedData>
<Point>
<coordinates>103.85015752098,1.29755148518356,0.0</coordinates>
</Point>
</Placemark>
<Placemark id="kml_252">
<name>kml_252</name>
<snippet> </snippet>
<description><![CDATA[<center><table><tr><th colspan='2' align='center'><em>Attributes</em></th></tr><tr bgcolor="#E3E3F3">
<th>STATION_NA</th>
<td>BRAS BASAH MRT STATION</td>
</tr><tr bgcolor="">
<th>EXIT_CODE</th>
<td>Exit E</td>
</tr><tr bgcolor="#E3E3F3">
<th>INC_CRC</th>
<td>6010EED2184D4748</td>
</tr><tr bgcolor="">
<th>FMEL_UPD_D</th>
<td>20230127204435</td>
</tr></table></center>]]></description>
<ExtendedData>
<SchemaData schemaUrl="#kml_schema_ft_MRT_EXITS">
<SimpleData name="STATION_NA">BRAS BASAH MRT STATION</SimpleData>
<SimpleData name="EXIT_CODE">Exit E</SimpleData>
<SimpleData name="INC_CRC">6010EED2184D4748</SimpleData>
<SimpleData name="FMEL_UPD_D">20230127204435</SimpleData>
</SchemaData>
</ExtendedData>
<Point>
<coordinates>103.850423192511,1.29753545171709,0.0</coordinates>
</Point>
</Placemark>
<Placemark id="kml_253">
<name>kml_253</name>
<snippet> </snippet>
<description><![CDATA[<center><table><tr><th colspan='2' align='center'><em>Attributes</em></th></tr><tr bgcolor="#E3E3F3">
<th>STATION_NA</th>
<td>ESPLANADE MRT STATION</td>
</tr><tr bgcolor="">
<th>EXIT_CODE</th>
<td>Exit A</td>
</tr><tr bgcolor="#E3E3F3">
<th>INC_CRC</th>
<td>E51530AE6521B581</td>
</tr><tr bgcolor="">
<th>FMEL_UPD_D</th>
<td>20230127204435</td>
</tr></table></center>]]></description>
<ExtendedData>
<SchemaData schemaUrl="#kml_schema_ft_MRT_EXITS">
<SimpleData name="STATION_NA">ESPLANADE MRT STATION</SimpleData>
<SimpleData name="EXIT_CODE">Exit A</SimpleData>
<SimpleData name="INC_CRC">E51530AE6521B581</SimpleData>
<SimpleData name="FMEL_UPD_D">20230127204435</SimpleData>
</SchemaData>
</ExtendedData>
<Point>
<coordinates>103.856305554739,1.29337054827687,0.0</coordinates>
</Point>
</Placemark>
<Placemark id="kml_254">
<name>kml_254</name>
<snippet> </snippet>
<description><![CDATA[<center><table><tr><th colspan='2' align='center'><em>Attributes</em></th></tr><tr bgcolor="#E3E3F3">
<th>STATION_NA</th>
<td>BUKIT BATOK MRT STATION</td>
</tr><tr bgcolor="">
<th>EXIT_CODE</th>
<td>Exit C</td>
</tr><tr bgcolor="#E3E3F3">
<th>INC_CRC</th>
<td>C429C4E74FC7D20E</td>
</tr><tr bgcolor="">
<th>FMEL_UPD_D</th>
<td>20230127204435</td>
</tr></table></center>]]></description>
<ExtendedData>
<SchemaData schemaUrl="#kml_schema_ft_MRT_EXITS">
<SimpleData name="STATION_NA">BUKIT BATOK MRT STATION</SimpleData>
<SimpleData name="EXIT_CODE">Exit C</SimpleData>
<SimpleData name="INC_CRC">C429C4E74FC7D20E</SimpleData>
<SimpleData name="FMEL_UPD_D">20230127204435</SimpleData>
</SchemaData>
</ExtendedData>
<Point>
<coordinates>103.749766564931,1.34952006073274,0.0</coordinates>
</Point>
</Placemark>
<Placemark id="kml_255">
<name>kml_255</name>
<snippet> </snippet>
<description><![CDATA[<center><table><tr><th colspan='2' align='center'><em>Attributes</em></th></tr><tr bgcolor="#E3E3F3">
<th>STATION_NA</th>
<td>CHINATOWN MRT STATION</td>
</tr><tr bgcolor="">
<th>EXIT_CODE</th>
<td>Exit D</td>
</tr><tr bgcolor="#E3E3F3">
<th>INC_CRC</th>
<td>FCD3F9C4B46D59AD</td>
</tr><tr bgcolor="">
<th>FMEL_UPD_D</th>
<td>20230127204435</td>
</tr></table></center>]]></description>
<ExtendedData>
<SchemaData schemaUrl="#kml_schema_ft_MRT_EXITS">
<SimpleData name="STATION_NA">CHINATOWN MRT STATION</SimpleData>
<SimpleData name="EXIT_CODE">Exit D</SimpleData>
<SimpleData name="INC_CRC">FCD3F9C4B46D59AD</SimpleData>
<SimpleData name="FMEL_UPD_D">20230127204435</SimpleData>
</SchemaData>
</ExtendedData>
<Point>
<coordinates>103.843476210528,1.28540645998668,0.0</coordinates>
</Point>
</Placemark>
<Placemark id="kml_256">
<name>kml_256</name>
<snippet> </snippet>
<description><![CDATA[<center><table><tr><th colspan='2' align='center'><em>Attributes</em></th></tr><tr bgcolor="#E3E3F3">
<th>STATION_NA</th>
<td>BUKIT BATOK MRT STATION</td>
</tr><tr bgcolor="">
<th>EXIT_CODE</th>
<td>Exit D</td>
</tr><tr bgcolor="#E3E3F3">
<th>INC_CRC</th>
<td>E14204E5225118FF</td>
</tr><tr bgcolor="">
<th>FMEL_UPD_D</th>
<td>20230127204435</td>
</tr></table></center>]]></description>
<ExtendedData>
<SchemaData schemaUrl="#kml_schema_ft_MRT_EXITS">
<SimpleData name="STATION_NA">BUKIT BATOK MRT STATION</SimpleData>
<SimpleData name="EXIT_CODE">Exit D</SimpleData>
<SimpleData name="INC_CRC">E14204E5225118FF</SimpleData>
<SimpleData name="FMEL_UPD_D">20230127204435</SimpleData>
</SchemaData>
</ExtendedData>
<Point>
<coordinates>103.749118394189,1.34840537590496,0.0</coordinates>
</Point>
</Placemark>
<Placemark id="kml_257">
<name>kml_257</name>
<snippet> </snippet>
<description><![CDATA[<center><table><tr><th colspan='2' align='center'><em>Attributes</em></th></tr><tr bgcolor="#E3E3F3">
<th>STATION_NA</th>
<td>BUKIT BATOK MRT STATION</td>
</tr><tr bgcolor="">
<th>EXIT_CODE</th>
<td>Exit A</td>
</tr><tr bgcolor="#E3E3F3">
<th>INC_CRC</th>
<td>400A184FD3289B7A</td>
</tr><tr bgcolor="">
<th>FMEL_UPD_D</th>
<td>20230127204435</td>
</tr></table></center>]]></description>
<ExtendedData>
<SchemaData schemaUrl="#kml_schema_ft_MRT_EXITS">
<SimpleData name="STATION_NA">BUKIT BATOK MRT STATION</SimpleData>
<SimpleData name="EXIT_CODE">Exit A</SimpleData>
<SimpleData name="INC_CRC">400A184FD3289B7A</SimpleData>
<SimpleData name="FMEL_UPD_D">20230127204435</SimpleData>
</SchemaData>
</ExtendedData>
<Point>
<coordinates>103.749973990258,1.34956107535244,0.0</coordinates>
</Point>
</Placemark>
<Placemark id="kml_258">
<name>kml_258</name>
<snippet> </snippet>
<description><![CDATA[<center><table><tr><th colspan='2' align='center'><em>Attributes</em></th></tr><tr bgcolor="#E3E3F3">
<th>STATION_NA</th>
<td>BUKIT GOMBAK MRT STATION</td>
</tr><tr bgcolor="">
<th>EXIT_CODE</th>
<td>Exit C</td>
</tr><tr bgcolor="#E3E3F3">
<th>INC_CRC</th>
<td>86F244E67822A799</td>
</tr><tr bgcolor="">
<th>FMEL_UPD_D</th>
<td>20230127204435</td>
</tr></table></center>]]></description>
<ExtendedData>
<SchemaData schemaUrl="#kml_schema_ft_MRT_EXITS">
<SimpleData name="STATION_NA">BUKIT GOMBAK MRT STATION</SimpleData>
<SimpleData name="EXIT_CODE">Exit C</SimpleData>
<SimpleData name="INC_CRC">86F244E67822A799</SimpleData>
<SimpleData name="FMEL_UPD_D">20230127204435</SimpleData>
</SchemaData>
</ExtendedData>
<Point>
<coordinates>103.751726614847,1.35906497975184,0.0</coordinates>
</Point>
</Placemark>
<Placemark id="kml_259">
<name>kml_259</name>
<snippet> </snippet>
<description><![CDATA[<center><table><tr><th colspan='2' align='center'><em>Attributes</em></th></tr><tr bgcolor="#E3E3F3">
<th>STATION_NA</th>
<td>BUKIT GOMBAK MRT STATION</td>
</tr><tr bgcolor="">
<th>EXIT_CODE</th>
<td>Exit A</td>
</tr><tr bgcolor="#E3E3F3">
<th>INC_CRC</th>
<td>09DD5C2C18DD73D5</td>
</tr><tr bgcolor="">
<th>FMEL_UPD_D</th>
<td>20230127204435</td>
</tr></table></center>]]></description>
<ExtendedData>
<SchemaData schemaUrl="#kml_schema_ft_MRT_EXITS">
<SimpleData name="STATION_NA">BUKIT GOMBAK MRT STATION</SimpleData>
<SimpleData name="EXIT_CODE">Exit A</SimpleData>
<SimpleData name="INC_CRC">09DD5C2C18DD73D5</SimpleData>
<SimpleData name="FMEL_UPD_D">20230127204435</SimpleData>
</SchemaData>
</ExtendedData>
<Point>
<coordinates>103.752076389375,1.35906984624156,0.0</coordinates>
</Point>
</Placemark>
<Placemark id="kml_260">
<name>kml_260</name>
<snippet> </snippet>
<description><![CDATA[<center><table><tr><th colspan='2' align='center'><em>Attributes</em></th></tr><tr bgcolor="#E3E3F3">
<th>STATION_NA</th>
<td>BUKIT GOMBAK MRT STATION</td>
</tr><tr bgcolor="">
<th>EXIT_CODE</th>
<td>Exit D</td>
</tr><tr bgcolor="#E3E3F3">
<th>INC_CRC</th>
<td>ED8947B8EAD1722E</td>
</tr><tr bgcolor="">
<th>FMEL_UPD_D</th>
<td>20230127204435</td>
</tr></table></center>]]></description>
<ExtendedData>
<SchemaData schemaUrl="#kml_schema_ft_MRT_EXITS">
<SimpleData name="STATION_NA">BUKIT GOMBAK MRT STATION</SimpleData>
<SimpleData name="EXIT_CODE">Exit D</SimpleData>
<SimpleData name="INC_CRC">ED8947B8EAD1722E</SimpleData>
<SimpleData name="FMEL_UPD_D">20230127204435</SimpleData>
</SchemaData>
</ExtendedData>
<Point>
<coordinates>103.751950990526,1.35929785281919,0.0</coordinates>
</Point>
</Placemark>
<Placemark id="kml_261">
<name>kml_261</name>
<snippet> </snippet>
<description><![CDATA[<center><table><tr><th colspan='2' align='center'><em>Attributes</em></th></tr><tr bgcolor="#E3E3F3">
<th>STATION_NA</th>
<td>BOON LAY MRT STATION</td>
</tr><tr bgcolor="">
<th>EXIT_CODE</th>
<td>Exit B</td>
</tr><tr bgcolor="#E3E3F3">
<th>INC_CRC</th>
<td>D64646CF4B4055D8</td>
</tr><tr bgcolor="">
<th>FMEL_UPD_D</th>
<td>20230127204435</td>
</tr></table></center>]]></description>
<ExtendedData>
<SchemaData schemaUrl="#kml_schema_ft_MRT_EXITS">
<SimpleData name="STATION_NA">BOON LAY MRT STATION</SimpleData>
<SimpleData name="EXIT_CODE">Exit B</SimpleData>
<SimpleData name="INC_CRC">D64646CF4B4055D8</SimpleData>
<SimpleData name="FMEL_UPD_D">20230127204435</SimpleData>
</SchemaData>
</ExtendedData>
<Point>
<coordinates>103.706145547967,1.33842069565789,0.0</coordinates>
</Point>
</Placemark>
<Placemark id="kml_262">
<name>kml_262</name>
<snippet> </snippet>
<description><![CDATA[<center><table><tr><th colspan='2' align='center'><em>Attributes</em></th></tr><tr bgcolor="#E3E3F3">
<th>STATION_NA</th>
<td>BOON LAY MRT STATION</td>
</tr><tr bgcolor="">
<th>EXIT_CODE</th>
<td>Exit C</td>
</tr><tr bgcolor="#E3E3F3">
<th>INC_CRC</th>
<td>E67002E356755554</td>
</tr><tr bgcolor="">
<th>FMEL_UPD_D</th>
<td>20230127204435</td>
</tr></table></center>]]></description>
<ExtendedData>
<SchemaData schemaUrl="#kml_schema_ft_MRT_EXITS">
<SimpleData name="STATION_NA">BOON LAY MRT STATION</SimpleData>
<SimpleData name="EXIT_CODE">Exit C</SimpleData>
<SimpleData name="INC_CRC">E67002E356755554</SimpleData>
<SimpleData name="FMEL_UPD_D">20230127204435</SimpleData>
</SchemaData>
</ExtendedData>
<Point>
<coordinates>103.705955152611,1.33873810873339,0.0</coordinates>
</Point>
</Placemark>
<Placemark id="kml_263">
<name>kml_263</name>
<snippet> </snippet>
<description><![CDATA[<center><table><tr><th colspan='2' align='center'><em>Attributes</em></th></tr><tr bgcolor="#E3E3F3">
<th>STATION_NA</th>
<td>BOON LAY MRT STATION</td>
</tr><tr bgcolor="">
<th>EXIT_CODE</th>
<td>Exit A</td>
</tr><tr bgcolor="#E3E3F3">
<th>INC_CRC</th>
<td>F72B433FA6426C66</td>
</tr><tr bgcolor="">
<th>FMEL_UPD_D</th>
<td>20230127204435</td>
</tr></table></center>]]></description>
<ExtendedData>
<SchemaData schemaUrl="#kml_schema_ft_MRT_EXITS">
<SimpleData name="STATION_NA">BOON LAY MRT STATION</SimpleData>
<SimpleData name="EXIT_CODE">Exit A</SimpleData>
<SimpleData name="INC_CRC">F72B433FA6426C66</SimpleData>
<SimpleData name="FMEL_UPD_D">20230127204435</SimpleData>
</SchemaData>
</ExtendedData>
<Point>
<coordinates>103.705408994969,1.33827998808197,0.0</coordinates>
</Point>
</Placemark>
<Placemark id="kml_264">
<name>kml_264</name>
<snippet> </snippet>
<description><![CDATA[<center><table><tr><th colspan='2' align='center'><em>Attributes</em></th></tr><tr bgcolor="#E3E3F3">
<th>STATION_NA</th>
<td>LAKESIDE MRT STATION</td>
</tr><tr bgcolor="">
<th>EXIT_CODE</th>
<td>Exit C</td>
</tr><tr bgcolor="#E3E3F3">
<th>INC_CRC</th>
<td>577ECF5E707DE228</td>
</tr><tr bgcolor="">
<th>FMEL_UPD_D</th>
<td>20230127204435</td>
</tr></table></center>]]></description>
<ExtendedData>
<SchemaData schemaUrl="#kml_schema_ft_MRT_EXITS">
<SimpleData name="STATION_NA">LAKESIDE MRT STATION</SimpleData>
<SimpleData name="EXIT_CODE">Exit C</SimpleData>
<SimpleData name="INC_CRC">577ECF5E707DE228</SimpleData>
<SimpleData name="FMEL_UPD_D">20230127204435</SimpleData>
</SchemaData>
</ExtendedData>
<Point>
<coordinates>103.721712827003,1.34430416996866,0.0</coordinates>
</Point>
</Placemark>
<Placemark id="kml_265">
<name>kml_265</name>
<snippet> </snippet>
<description><![CDATA[<center><table><tr><th colspan='2' align='center'><em>Attributes</em></th></tr><tr bgcolor="#E3E3F3">
<th>STATION_NA</th>
<td>LAKESIDE MRT STATION</td>
</tr><tr bgcolor="">
<th>EXIT_CODE</th>
<td>Exit B</td>
</tr><tr bgcolor="#E3E3F3">
<th>INC_CRC</th>
<td>DA7033E23CE2B741</td>
</tr><tr bgcolor="">
<th>FMEL_UPD_D</th>
<td>20230127204435</td>
</tr></table></center>]]></description>
<ExtendedData>
<SchemaData schemaUrl="#kml_schema_ft_MRT_EXITS">
<SimpleData name="STATION_NA">LAKESIDE MRT STATION</SimpleData>
<SimpleData name="EXIT_CODE">Exit B</SimpleData>
<SimpleData name="INC_CRC">DA7033E23CE2B741</SimpleData>
<SimpleData name="FMEL_UPD_D">20230127204435</SimpleData>
</SchemaData>
</ExtendedData>
<Point>
<coordinates>103.721075412743,1.34408145751948,0.0</coordinates>
</Point>
</Placemark>
<Placemark id="kml_266">
<name>kml_266</name>
<snippet> </snippet>
<description><![CDATA[<center><table><tr><th colspan='2' align='center'><em>Attributes</em></th></tr><tr bgcolor="#E3E3F3">
<th>STATION_NA</th>
<td>KRANJI MRT STATION</td>
</tr><tr bgcolor="">
<th>EXIT_CODE</th>
<td>Exit C</td>
</tr><tr bgcolor="#E3E3F3">
<th>INC_CRC</th>
<td>20E6B767B2F69FB8</td>
</tr><tr bgcolor="">
<th>FMEL_UPD_D</th>
<td>20230127204435</td>
</tr></table></center>]]></description>
<ExtendedData>
<SchemaData schemaUrl="#kml_schema_ft_MRT_EXITS">
<SimpleData name="STATION_NA">KRANJI MRT STATION</SimpleData>
<SimpleData name="EXIT_CODE">Exit C</SimpleData>
<SimpleData name="INC_CRC">20E6B767B2F69FB8</SimpleData>
<SimpleData name="FMEL_UPD_D">20230127204435</SimpleData>
</SchemaData>
</ExtendedData>
<Point>
<coordinates>103.761754685561,1.42512594915704,0.0</coordinates>
</Point>
</Placemark>
<Placemark id="kml_267">
<name>kml_267</name>
<snippet> </snippet>
<description><![CDATA[<center><table><tr><th colspan='2' align='center'><em>Attributes</em></th></tr><tr bgcolor="#E3E3F3">
<th>STATION_NA</th>
<td>BUKIT PANJANG LRT STATION</td>
</tr><tr bgcolor="">
<th>EXIT_CODE</th>
<td>Exit A</td>
</tr><tr bgcolor="#E3E3F3">
<th>INC_CRC</th>
<td>09D276CE9D28C5F6</td>
</tr><tr bgcolor="">
<th>FMEL_UPD_D</th>
<td>20230127204435</td>
</tr></table></center>]]></description>
<ExtendedData>
<SchemaData schemaUrl="#kml_schema_ft_MRT_EXITS">
<SimpleData name="STATION_NA">BUKIT PANJANG LRT STATION</SimpleData>
<SimpleData name="EXIT_CODE">Exit A</SimpleData>
<SimpleData name="INC_CRC">09D276CE9D28C5F6</SimpleData>
<SimpleData name="FMEL_UPD_D">20230127204435</SimpleData>
</SchemaData>
</ExtendedData>
<Point>
<coordinates>103.763063555247,1.37802038374966,0.0</coordinates>
</Point>
</Placemark>
<Placemark id="kml_268">
<name>kml_268</name>
<snippet> </snippet>
<description><![CDATA[<center><table><tr><th colspan='2' align='center'><em>Attributes</em></th></tr><tr bgcolor="#E3E3F3">
<th>STATION_NA</th>
<td>BUKIT PANJANG LRT STATION</td>
</tr><tr bgcolor="">
<th>EXIT_CODE</th>
<td>Exit B</td>
</tr><tr bgcolor="#E3E3F3">
<th>INC_CRC</th>
<td>E6C3D8E13B430D8D</td>
</tr><tr bgcolor="">
<th>FMEL_UPD_D</th>
<td>20230127204435</td>
</tr></table></center>]]></description>
<ExtendedData>
<SchemaData schemaUrl="#kml_schema_ft_MRT_EXITS">
<SimpleData name="STATION_NA">BUKIT PANJANG LRT STATION</SimpleData>
<SimpleData name="EXIT_CODE">Exit B</SimpleData>
<SimpleData name="INC_CRC">E6C3D8E13B430D8D</SimpleData>
<SimpleData name="FMEL_UPD_D">20230127204435</SimpleData>
</SchemaData>
</ExtendedData>
<Point>
<coordinates>103.763178520546,1.3778632485676,0.0</coordinates>
</Point>
</Placemark>
<Placemark id="kml_269">
<name>kml_269</name>
<snippet> </snippet>
<description><![CDATA[<center><table><tr><th colspan='2' align='center'><em>Attributes</em></th></tr><tr bgcolor="#E3E3F3">
<th>STATION_NA</th>
<td>SAMUDERA LRT STATION</td>
</tr><tr bgcolor="">
<th>EXIT_CODE</th>
<td>Exit A</td>
</tr><tr bgcolor="#E3E3F3">
<th>INC_CRC</th>
<td>5773D3B5DB9A561F</td>
</tr><tr bgcolor="">
<th>FMEL_UPD_D</th>
<td>20230127204435</td>
</tr></table></center>]]></description>
<ExtendedData>
<SchemaData schemaUrl="#kml_schema_ft_MRT_EXITS">
<SimpleData name="STATION_NA">SAMUDERA LRT STATION</SimpleData>
<SimpleData name="EXIT_CODE">Exit A</SimpleData>
<SimpleData name="INC_CRC">5773D3B5DB9A561F</SimpleData>
<SimpleData name="FMEL_UPD_D">20230127204435</SimpleData>
</SchemaData>
</ExtendedData>
<Point>
<coordinates>103.901911509627,1.41586536048285,0.0</coordinates>
</Point>
</Placemark>
<Placemark id="kml_270">
<name>kml_270</name>
<snippet> </snippet>
<description><![CDATA[<center><table><tr><th colspan='2' align='center'><em>Attributes</em></th></tr><tr bgcolor="#E3E3F3">
<th>STATION_NA</th>
<td>SAMUDERA LRT STATION</td>
</tr><tr bgcolor="">
<th>EXIT_CODE</th>
<td>Exit B</td>
</tr><tr bgcolor="#E3E3F3">
<th>INC_CRC</th>
<td>4D74C24533C50685</td>
</tr><tr bgcolor="">
<th>FMEL_UPD_D</th>
<td>20230127204435</td>
</tr></table></center>]]></description>
<ExtendedData>
<SchemaData schemaUrl="#kml_schema_ft_MRT_EXITS">
<SimpleData name="STATION_NA">SAMUDERA LRT STATION</SimpleData>
<SimpleData name="EXIT_CODE">Exit B</SimpleData>
<SimpleData name="INC_CRC">4D74C24533C50685</SimpleData>
<SimpleData name="FMEL_UPD_D">20230127204435</SimpleData>
</SchemaData>
</ExtendedData>
<Point>
<coordinates>103.902361560111,1.41590585709171,0.0</coordinates>
</Point>
</Placemark>
<Placemark id="kml_271">
<name>kml_271</name>
<snippet> </snippet>
<description><![CDATA[<center><table><tr><th colspan='2' align='center'><em>Attributes</em></th></tr><tr bgcolor="#E3E3F3">
<th>STATION_NA</th>
<td>TECK LEE LRT STATION</td>
</tr><tr bgcolor="">
<th>EXIT_CODE</th>
<td>Exit A</td>
</tr><tr bgcolor="#E3E3F3">
<th>INC_CRC</th>
<td>3025BE9395030FE0</td>
</tr><tr bgcolor="">
<th>FMEL_UPD_D</th>
<td>20230127204435</td>
</tr></table></center>]]></description>
<ExtendedData>
<SchemaData schemaUrl="#kml_schema_ft_MRT_EXITS">
<SimpleData name="STATION_NA">TECK LEE LRT STATION</SimpleData>
<SimpleData name="EXIT_CODE">Exit A</SimpleData>
<SimpleData name="INC_CRC">3025BE9395030FE0</SimpleData>
<SimpleData name="FMEL_UPD_D">20230127204435</SimpleData>
</SchemaData>
</ExtendedData>
<Point>
<coordinates>103.906781529506,1.4128757347357,0.0</coordinates>
</Point>
</Placemark>
<Placemark id="kml_272">
<name>kml_272</name>
<snippet> </snippet>
<description><![CDATA[<center><table><tr><th colspan='2' align='center'><em>Attributes</em></th></tr><tr bgcolor="#E3E3F3">
<th>STATION_NA</th>
<td>TECK LEE LRT STATION</td>
</tr><tr bgcolor="">
<th>EXIT_CODE</th>
<td>Exit B</td>
</tr><tr bgcolor="#E3E3F3">
<th>INC_CRC</th>
<td>B648DCD0478F77B3</td>
</tr><tr bgcolor="">
<th>FMEL_UPD_D</th>
<td>20230127204435</td>
</tr></table></center>]]></description>
<ExtendedData>
<SchemaData schemaUrl="#kml_schema_ft_MRT_EXITS">
<SimpleData name="STATION_NA">TECK LEE LRT STATION</SimpleData>
<SimpleData name="EXIT_CODE">Exit B</SimpleData>
<SimpleData name="INC_CRC">B648DCD0478F77B3</SimpleData>
<SimpleData name="FMEL_UPD_D">20230127204435</SimpleData>
</SchemaData>
</ExtendedData>
<Point>
<coordinates>103.906510789934,1.41292900309077,0.0</coordinates>
</Point>
</Placemark>
<Placemark id="kml_273">
<name>kml_273</name>
<snippet> </snippet>
<description><![CDATA[<center><table><tr><th colspan='2' align='center'><em>Attributes</em></th></tr><tr bgcolor="#E3E3F3">
<th>STATION_NA</th>
<td>SAM KEE LRT STATION</td>
</tr><tr bgcolor="">
<th>EXIT_CODE</th>
<td>Exit A</td>
</tr><tr bgcolor="#E3E3F3">
<th>INC_CRC</th>
<td>D716A4040285BEB9</td>
</tr><tr bgcolor="">
<th>FMEL_UPD_D</th>
<td>20230127204435</td>
</tr></table></center>]]></description>
<ExtendedData>
<SchemaData schemaUrl="#kml_schema_ft_MRT_EXITS">
<SimpleData name="STATION_NA">SAM KEE LRT STATION</SimpleData>
<SimpleData name="EXIT_CODE">Exit A</SimpleData>
<SimpleData name="INC_CRC">D716A4040285BEB9</SimpleData>
<SimpleData name="FMEL_UPD_D">20230127204435</SimpleData>
</SchemaData>
</ExtendedData>
<Point>
<coordinates>103.905038571005,1.40970250004176,0.0</coordinates>
</Point>
</Placemark>
<Placemark id="kml_274">
<name>kml_274</name>
<snippet> </snippet>
<description><![CDATA[<center><table><tr><th colspan='2' align='center'><em>Attributes</em></th></tr><tr bgcolor="#E3E3F3">
<th>STATION_NA</th>
<td>PETIR LRT STATION</td>
</tr><tr bgcolor="">
<th>EXIT_CODE</th>
<td>Exit A</td>
</tr><tr bgcolor="#E3E3F3">
<th>INC_CRC</th>
<td>B0600A1212F651AE</td>
</tr><tr bgcolor="">
<th>FMEL_UPD_D</th>
<td>20230127204435</td>
</tr></table></center>]]></description>
<ExtendedData>
<SchemaData schemaUrl="#kml_schema_ft_MRT_EXITS">
<SimpleData name="STATION_NA">PETIR LRT STATION</SimpleData>
<SimpleData name="EXIT_CODE">Exit A</SimpleData>
<SimpleData name="INC_CRC">B0600A1212F651AE</SimpleData>
<SimpleData name="FMEL_UPD_D">20230127204435</SimpleData>
</SchemaData>
</ExtendedData>
<Point>
<coordinates>103.766793014963,1.37760322809516,0.0</coordinates>
</Point>
</Placemark>
<Placemark id="kml_275">
<name>kml_275</name>
<snippet> </snippet>
<description><![CDATA[<center><table><tr><th colspan='2' align='center'><em>Attributes</em></th></tr><tr bgcolor="#E3E3F3">
<th>STATION_NA</th>
<td>PENDING LRT STATION</td>
</tr><tr bgcolor="">
<th>EXIT_CODE</th>
<td>Exit A</td>
</tr><tr bgcolor="#E3E3F3">
<th>INC_CRC</th>
<td>17E89960BD47612A</td>
</tr><tr bgcolor="">
<th>FMEL_UPD_D</th>
<td>20230127204435</td>
</tr></table></center>]]></description>
<ExtendedData>
<SchemaData schemaUrl="#kml_schema_ft_MRT_EXITS">
<SimpleData name="STATION_NA">PENDING LRT STATION</SimpleData>
<SimpleData name="EXIT_CODE">Exit A</SimpleData>
<SimpleData name="INC_CRC">17E89960BD47612A</SimpleData>
<SimpleData name="FMEL_UPD_D">20230127204435</SimpleData>
</SchemaData>
</ExtendedData>
<Point>
<coordinates>103.771327842297,1.37629711719364,0.0</coordinates>
</Point>
</Placemark>
<Placemark id="kml_276">
<name>kml_276</name>
<snippet> </snippet>
<description><![CDATA[<center><table><tr><th colspan='2' align='center'><em>Attributes</em></th></tr><tr bgcolor="#E3E3F3">
<th>STATION_NA</th>
<td>BANGKIT LRT STATION</td>
</tr><tr bgcolor="">
<th>EXIT_CODE</th>
<td>Exit A</td>
</tr><tr bgcolor="#E3E3F3">
<th>INC_CRC</th>
<td>B7DF61CC7C6C3B13</td>
</tr><tr bgcolor="">
<th>FMEL_UPD_D</th>
<td>20230127204435</td>
</tr></table></center>]]></description>
<ExtendedData>
<SchemaData schemaUrl="#kml_schema_ft_MRT_EXITS">
<SimpleData name="STATION_NA">BANGKIT LRT STATION</SimpleData>
<SimpleData name="EXIT_CODE">Exit A</SimpleData>
<SimpleData name="INC_CRC">B7DF61CC7C6C3B13</SimpleData>
<SimpleData name="FMEL_UPD_D">20230127204435</SimpleData>
</SchemaData>
</ExtendedData>
<Point>
<coordinates>103.772590574209,1.37985334676455,0.0</coordinates>
</Point>
</Placemark>
<Placemark id="kml_277">
<name>kml_277</name>
<snippet> </snippet>
<description><![CDATA[<center><table><tr><th colspan='2' align='center'><em>Attributes</em></th></tr><tr bgcolor="#E3E3F3">
<th>STATION_NA</th>
<td>FAJAR LRT STATION</td>
</tr><tr bgcolor="">
<th>EXIT_CODE</th>
<td>Exit A</td>
</tr><tr bgcolor="#E3E3F3">
<th>INC_CRC</th>
<td>A324402CF624723A</td>
</tr><tr bgcolor="">
<th>FMEL_UPD_D</th>
<td>20230127204435</td>
</tr></table></center>]]></description>
<ExtendedData>
<SchemaData schemaUrl="#kml_schema_ft_MRT_EXITS">
<SimpleData name="STATION_NA">FAJAR LRT STATION</SimpleData>
<SimpleData name="EXIT_CODE">Exit A</SimpleData>
<SimpleData name="INC_CRC">A324402CF624723A</SimpleData>
<SimpleData name="FMEL_UPD_D">20230127204435</SimpleData>
</SchemaData>
</ExtendedData>
<Point>
<coordinates>103.770675518445,1.38446507117965,0.0</coordinates>
</Point>
</Placemark>
<Placemark id="kml_278">
<name>kml_278</name>
<snippet> </snippet>
<description><![CDATA[<center><table><tr><th colspan='2' align='center'><em>Attributes</em></th></tr><tr bgcolor="#E3E3F3">
<th>STATION_NA</th>
<td>SEGAR LRT STATION</td>
</tr><tr bgcolor="">
<th>EXIT_CODE</th>
<td>Exit A</td>
</tr><tr bgcolor="#E3E3F3">
<th>INC_CRC</th>
<td>54BFE6EB924CBA6F</td>
</tr><tr bgcolor="">
<th>FMEL_UPD_D</th>
<td>20230127204435</td>
</tr></table></center>]]></description>
<ExtendedData>
<SchemaData schemaUrl="#kml_schema_ft_MRT_EXITS">
<SimpleData name="STATION_NA">SEGAR LRT STATION</SimpleData>
<SimpleData name="EXIT_CODE">Exit A</SimpleData>
<SimpleData name="INC_CRC">54BFE6EB924CBA6F</SimpleData>
<SimpleData name="FMEL_UPD_D">20230127204435</SimpleData>
</SchemaData>
</ExtendedData>
<Point>
<coordinates>103.769409914802,1.38781155599523,0.0</coordinates>
</Point>
</Placemark>
<Placemark id="kml_279">
<name>kml_279</name>
<snippet> </snippet>
<description><![CDATA[<center><table><tr><th colspan='2' align='center'><em>Attributes</em></th></tr><tr bgcolor="#E3E3F3">
<th>STATION_NA</th>
<td>JELAPANG LRT STATION</td>
</tr><tr bgcolor="">
<th>EXIT_CODE</th>
<td>Exit A</td>
</tr><tr bgcolor="#E3E3F3">
<th>INC_CRC</th>
<td>45CDB0D9BDC73079</td>
</tr><tr bgcolor="">
<th>FMEL_UPD_D</th>
<td>20230127204435</td>
</tr></table></center>]]></description>
<ExtendedData>
<SchemaData schemaUrl="#kml_schema_ft_MRT_EXITS">
<SimpleData name="STATION_NA">JELAPANG LRT STATION</SimpleData>
<SimpleData name="EXIT_CODE">Exit A</SimpleData>
<SimpleData name="INC_CRC">45CDB0D9BDC73079</SimpleData>
<SimpleData name="FMEL_UPD_D">20230127204435</SimpleData>
</SchemaData>
</ExtendedData>
<Point>
<coordinates>103.764676792845,1.38683269953093,0.0</coordinates>
</Point>
</Placemark>
<Placemark id="kml_280">
<name>kml_280</name>
<snippet> </snippet>
<description><![CDATA[<center><table><tr><th colspan='2' align='center'><em>Attributes</em></th></tr><tr bgcolor="#E3E3F3">
<th>STATION_NA</th>
<td>TAMPINES MRT STATION</td>
</tr><tr bgcolor="">
<th>EXIT_CODE</th>
<td>Exit F</td>
</tr><tr bgcolor="#E3E3F3">
<th>INC_CRC</th>
<td>2E179BE5B3B6B091</td>
</tr><tr bgcolor="">
<th>FMEL_UPD_D</th>
<td>20230127204435</td>
</tr></table></center>]]></description>
<ExtendedData>
<SchemaData schemaUrl="#kml_schema_ft_MRT_EXITS">
<SimpleData name="STATION_NA">TAMPINES MRT STATION</SimpleData>
<SimpleData name="EXIT_CODE">Exit F</SimpleData>
<SimpleData name="INC_CRC">2E179BE5B3B6B091</SimpleData>
<SimpleData name="FMEL_UPD_D">20230127204435</SimpleData>
</SchemaData>
</ExtendedData>
<Point>
<coordinates>103.942653681878,1.35419392760642,0.0</coordinates>
</Point>
</Placemark>
<Placemark id="kml_281">
<name>kml_281</name>
<snippet> </snippet>
<description><![CDATA[<center><table><tr><th colspan='2' align='center'><em>Attributes</em></th></tr><tr bgcolor="#E3E3F3">
<th>STATION_NA</th>
<td>GEYLANG BAHRU MRT STATION</td>
</tr><tr bgcolor="">
<th>EXIT_CODE</th>
<td>Exit A</td>
</tr><tr bgcolor="#E3E3F3">
<th>INC_CRC</th>
<td>31AEB6AC99986A23</td>
</tr><tr bgcolor="">
<th>FMEL_UPD_D</th>
<td>20230127204435</td>
</tr></table></center>]]></description>
<ExtendedData>
<SchemaData schemaUrl="#kml_schema_ft_MRT_EXITS">
<SimpleData name="STATION_NA">GEYLANG BAHRU MRT STATION</SimpleData>
<SimpleData name="EXIT_CODE">Exit A</SimpleData>
<SimpleData name="INC_CRC">31AEB6AC99986A23</SimpleData>
<SimpleData name="FMEL_UPD_D">20230127204435</SimpleData>
</SchemaData>
</ExtendedData>
<Point>
<coordinates>103.871555607569,1.32156169874025,0.0</coordinates>
</Point>
</Placemark>
<Placemark id="kml_282">
<name>kml_282</name>
<snippet> </snippet>
<description><![CDATA[<center><table><tr><th colspan='2' align='center'><em>Attributes</em></th></tr><tr bgcolor="#E3E3F3">
<th>STATION_NA</th>
<td>TAMPINES EAST MRT STATION</td>
</tr><tr bgcolor="">
<th>EXIT_CODE</th>
<td>Exit A</td>
</tr><tr bgcolor="#E3E3F3">
<th>INC_CRC</th>
<td>CBB2A963BF33C276</td>
</tr><tr bgcolor="">
<th>FMEL_UPD_D</th>
<td>20230127204435</td>
</tr></table></center>]]></description>
<ExtendedData>
<SchemaData schemaUrl="#kml_schema_ft_MRT_EXITS">
<SimpleData name="STATION_NA">TAMPINES EAST MRT STATION</SimpleData>
<SimpleData name="EXIT_CODE">Exit A</SimpleData>
<SimpleData name="INC_CRC">CBB2A963BF33C276</SimpleData>
<SimpleData name="FMEL_UPD_D">20230127204435</SimpleData>
</SchemaData>
</ExtendedData>
<Point>
<coordinates>103.954540440781,1.35646076166742,0.0</coordinates>
</Point>
</Placemark>
<Placemark id="kml_283">
<name>kml_283</name>
<snippet> </snippet>
<description><![CDATA[<center><table><tr><th colspan='2' align='center'><em>Attributes</em></th></tr><tr bgcolor="#E3E3F3">
<th>STATION_NA</th>
<td>CHOA CHU KANG MRT STATION</td>
</tr><tr bgcolor="">
<th>EXIT_CODE</th>
<td>Exit A</td>
</tr><tr bgcolor="#E3E3F3">
<th>INC_CRC</th>
<td>51E0066A5AD1C4F1</td>
</tr><tr bgcolor="">
<th>FMEL_UPD_D</th>
<td>20230127204435</td>
</tr></table></center>]]></description>
<ExtendedData>
<SchemaData schemaUrl="#kml_schema_ft_MRT_EXITS">
<SimpleData name="STATION_NA">CHOA CHU KANG MRT STATION</SimpleData>
<SimpleData name="EXIT_CODE">Exit A</SimpleData>
<SimpleData name="INC_CRC">51E0066A5AD1C4F1</SimpleData>
<SimpleData name="FMEL_UPD_D">20230127204435</SimpleData>
</SchemaData>
</ExtendedData>
<Point>
<coordinates>103.744557135368,1.38543128087598,0.0</coordinates>
</Point>
</Placemark>
<Placemark id="kml_284">
<name>kml_284</name>
<snippet> </snippet>
<description><![CDATA[<center><table><tr><th colspan='2' align='center'><em>Attributes</em></th></tr><tr bgcolor="#E3E3F3">
<th>STATION_NA</th>
<td>ORCHARD MRT STATION</td>
</tr><tr bgcolor="">
<th>EXIT_CODE</th>
<td>Exit 3</td>
</tr><tr bgcolor="#E3E3F3">
<th>INC_CRC</th>
<td>9C4A361AF93F75D2</td>
</tr><tr bgcolor="">
<th>FMEL_UPD_D</th>
<td>20230127204435</td>
</tr></table></center>]]></description>
<ExtendedData>
<SchemaData schemaUrl="#kml_schema_ft_MRT_EXITS">
<SimpleData name="STATION_NA">ORCHARD MRT STATION</SimpleData>
<SimpleData name="EXIT_CODE">Exit 3</SimpleData>
<SimpleData name="INC_CRC">9C4A361AF93F75D2</SimpleData>
<SimpleData name="FMEL_UPD_D">20230127204435</SimpleData>
</SchemaData>
</ExtendedData>
<Point>
<coordinates>103.832770796508,1.30416113765593,0.0</coordinates>
</Point>
</Placemark>
<Placemark id="kml_285">
<name>kml_285</name>
<snippet> </snippet>
<description><![CDATA[<center><table><tr><th colspan='2' align='center'><em>Attributes</em></th></tr><tr bgcolor="#E3E3F3">
<th>STATION_NA</th>
<td>ORCHARD MRT STATION</td>
</tr><tr bgcolor="">
<th>EXIT_CODE</th>
<td>Exit 7</td>
</tr><tr bgcolor="#E3E3F3">
<th>INC_CRC</th>
<td>4E4D642287D1546E</td>
</tr><tr bgcolor="">
<th>FMEL_UPD_D</th>
<td>20230127204435</td>
</tr></table></center>]]></description>
<ExtendedData>
<SchemaData schemaUrl="#kml_schema_ft_MRT_EXITS">
<SimpleData name="STATION_NA">ORCHARD MRT STATION</SimpleData>
<SimpleData name="EXIT_CODE">Exit 7</SimpleData>
<SimpleData name="INC_CRC">4E4D642287D1546E</SimpleData>
<SimpleData name="FMEL_UPD_D">20230127204435</SimpleData>
</SchemaData>
</ExtendedData>
<Point>
<coordinates>103.832171601239,1.30316753447888,0.0</coordinates>
</Point>
</Placemark>
<Placemark id="kml_286">
<name>kml_286</name>
<snippet> </snippet>
<description><![CDATA[<center><table><tr><th colspan='2' align='center'><em>Attributes</em></th></tr><tr bgcolor="#E3E3F3">
<th>STATION_NA</th>
<td>SOMERSET MRT STATION</td>
</tr><tr bgcolor="">
<th>EXIT_CODE</th>
<td>Exit B</td>
</tr><tr bgcolor="#E3E3F3">
<th>INC_CRC</th>
<td>87BD98DB1E154EDA</td>
</tr><tr bgcolor="">
<th>FMEL_UPD_D</th>
<td>20230127204435</td>
</tr></table></center>]]></description>
<ExtendedData>
<SchemaData schemaUrl="#kml_schema_ft_MRT_EXITS">
<SimpleData name="STATION_NA">SOMERSET MRT STATION</SimpleData>
<SimpleData name="EXIT_CODE">Exit B</SimpleData>
<SimpleData name="INC_CRC">87BD98DB1E154EDA</SimpleData>
<SimpleData name="FMEL_UPD_D">20230127204435</SimpleData>
</SchemaData>
</ExtendedData>
<Point>
<coordinates>103.838458985164,1.30076651877174,0.0</coordinates>
</Point>
</Placemark>
<Placemark id="kml_287">
<name>kml_287</name>
<snippet> </snippet>
<description><![CDATA[<center><table><tr><th colspan='2' align='center'><em>Attributes</em></th></tr><tr bgcolor="#E3E3F3">
<th>STATION_NA</th>
<td>DHOBY GHAUT MRT STATION</td>
</tr><tr bgcolor="">
<th>EXIT_CODE</th>
<td>Exit A</td>
</tr><tr bgcolor="#E3E3F3">
<th>INC_CRC</th>
<td>348F2D3D9B9B7760</td>
</tr><tr bgcolor="">
<th>FMEL_UPD_D</th>
<td>20230127204435</td>
</tr></table></center>]]></description>
<ExtendedData>
<SchemaData schemaUrl="#kml_schema_ft_MRT_EXITS">
<SimpleData name="STATION_NA">DHOBY GHAUT MRT STATION</SimpleData>
<SimpleData name="EXIT_CODE">Exit A</SimpleData>
<SimpleData name="INC_CRC">348F2D3D9B9B7760</SimpleData>
<SimpleData name="FMEL_UPD_D">20230127204435</SimpleData>
</SchemaData>
</ExtendedData>
<Point>
<coordinates>103.846787971786,1.29844509204817,0.0</coordinates>
</Point>
</Placemark>
<Placemark id="kml_288">
<name>kml_288</name>
<snippet> </snippet>
<description><![CDATA[<center><table><tr><th colspan='2' align='center'><em>Attributes</em></th></tr><tr bgcolor="#E3E3F3">
<th>STATION_NA</th>
<td>DHOBY GHAUT MRT STATION</td>
</tr><tr bgcolor="">
<th>EXIT_CODE</th>
<td>Exit B</td>
</tr><tr bgcolor="#E3E3F3">
<th>INC_CRC</th>
<td>BBEA402CB9EF9C2E</td>
</tr><tr bgcolor="">
<th>FMEL_UPD_D</th>
<td>20230127204435</td>
</tr></table></center>]]></description>
<ExtendedData>
<SchemaData schemaUrl="#kml_schema_ft_MRT_EXITS">
<SimpleData name="STATION_NA">DHOBY GHAUT MRT STATION</SimpleData>
<SimpleData name="EXIT_CODE">Exit B</SimpleData>
<SimpleData name="INC_CRC">BBEA402CB9EF9C2E</SimpleData>
<SimpleData name="FMEL_UPD_D">20230127204435</SimpleData>
</SchemaData>
</ExtendedData>
<Point>
<coordinates>103.845229558929,1.29905589070891,0.0</coordinates>
</Point>
</Placemark>
<Placemark id="kml_289">
<name>kml_289</name>
<snippet> </snippet>
<description><![CDATA[<center><table><tr><th colspan='2' align='center'><em>Attributes</em></th></tr><tr bgcolor="#E3E3F3">
<th>STATION_NA</th>
<td>DHOBY GHAUT MRT STATION</td>
</tr><tr bgcolor="">
<th>EXIT_CODE</th>
<td>Exit E</td>
</tr><tr bgcolor="#E3E3F3">
<th>INC_CRC</th>
<td>F3513EFAD04F7A68</td>
</tr><tr bgcolor="">
<th>FMEL_UPD_D</th>
<td>20230127204435</td>
</tr></table></center>]]></description>
<ExtendedData>
<SchemaData schemaUrl="#kml_schema_ft_MRT_EXITS">
<SimpleData name="STATION_NA">DHOBY GHAUT MRT STATION</SimpleData>
<SimpleData name="EXIT_CODE">Exit E</SimpleData>
<SimpleData name="INC_CRC">F3513EFAD04F7A68</SimpleData>
<SimpleData name="FMEL_UPD_D">20230127204435</SimpleData>
</SchemaData>
</ExtendedData>
<Point>
<coordinates>103.84537229423,1.29974847066982,0.0</coordinates>
</Point>
</Placemark>
<Placemark id="kml_290">
<name>kml_290</name>
<snippet> </snippet>
<description><![CDATA[<center><table><tr><th colspan='2' align='center'><em>Attributes</em></th></tr><tr bgcolor="#E3E3F3">
<th>STATION_NA</th>
<td>DHOBY GHAUT MRT STATION</td>
</tr><tr bgcolor="">
<th>EXIT_CODE</th>
<td>Exit F</td>
</tr><tr bgcolor="#E3E3F3">
<th>INC_CRC</th>
<td>3DC596781F39163C</td>
</tr><tr bgcolor="">
<th>FMEL_UPD_D</th>
<td>20230127204435</td>
</tr></table></center>]]></description>
<ExtendedData>
<SchemaData schemaUrl="#kml_schema_ft_MRT_EXITS">
<SimpleData name="STATION_NA">DHOBY GHAUT MRT STATION</SimpleData>
<SimpleData name="EXIT_CODE">Exit F</SimpleData>
<SimpleData name="INC_CRC">3DC596781F39163C</SimpleData>
<SimpleData name="FMEL_UPD_D">20230127204435</SimpleData>
</SchemaData>
</ExtendedData>
<Point>
<coordinates>103.845842318018,1.29963489191106,0.0</coordinates>
</Point>
</Placemark>
<Placemark id="kml_291">
<name>kml_291</name>
<snippet> </snippet>
<description><![CDATA[<center><table><tr><th colspan='2' align='center'><em>Attributes</em></th></tr><tr bgcolor="#E3E3F3">
<th>STATION_NA</th>
<td>BUGIS MRT STATION</td>
</tr><tr bgcolor="">
<th>EXIT_CODE</th>
<td>Exit C</td>
</tr><tr bgcolor="#E3E3F3">
<th>INC_CRC</th>
<td>9A6B839F19EEBCD4</td>
</tr><tr bgcolor="">
<th>FMEL_UPD_D</th>
<td>20230127204435</td>
</tr></table></center>]]></description>
<ExtendedData>
<SchemaData schemaUrl="#kml_schema_ft_MRT_EXITS">
<SimpleData name="STATION_NA">BUGIS MRT STATION</SimpleData>
<SimpleData name="EXIT_CODE">Exit C</SimpleData>
<SimpleData name="INC_CRC">9A6B839F19EEBCD4</SimpleData>
<SimpleData name="FMEL_UPD_D">20230127204435</SimpleData>
</SchemaData>
</ExtendedData>
<Point>
<coordinates>103.855685703914,1.30000694069987,0.0</coordinates>
</Point>
</Placemark>
<Placemark id="kml_292">
<name>kml_292</name>
<snippet> </snippet>
<description><![CDATA[<center><table><tr><th colspan='2' align='center'><em>Attributes</em></th></tr><tr bgcolor="#E3E3F3">
<th>STATION_NA</th>
<td>CITY HALL MRT STATION</td>
</tr><tr bgcolor="">
<th>EXIT_CODE</th>
<td>Exit A</td>
</tr><tr bgcolor="#E3E3F3">
<th>INC_CRC</th>
<td>762708380AC6662A</td>
</tr><tr bgcolor="">
<th>FMEL_UPD_D</th>
<td>20230127204435</td>
</tr></table></center>]]></description>
<ExtendedData>
<SchemaData schemaUrl="#kml_schema_ft_MRT_EXITS">
<SimpleData name="STATION_NA">CITY HALL MRT STATION</SimpleData>
<SimpleData name="EXIT_CODE">Exit A</SimpleData>
<SimpleData name="INC_CRC">762708380AC6662A</SimpleData>
<SimpleData name="FMEL_UPD_D">20230127204435</SimpleData>
</SchemaData>
</ExtendedData>
<Point>
<coordinates>103.853020413551,1.29322711034183,0.0</coordinates>
</Point>
</Placemark>
<Placemark id="kml_293">
<name>kml_293</name>
<snippet> </snippet>
<description><![CDATA[<center><table><tr><th colspan='2' align='center'><em>Attributes</em></th></tr><tr bgcolor="#E3E3F3">
<th>STATION_NA</th>
<td>CITY HALL MRT STATION</td>
</tr><tr bgcolor="">
<th>EXIT_CODE</th>
<td>Exit B</td>
</tr><tr bgcolor="#E3E3F3">
<th>INC_CRC</th>
<td>16ABA07E07EB8482</td>
</tr><tr bgcolor="">
<th>FMEL_UPD_D</th>
<td>20230127204435</td>
</tr></table></center>]]></description>
<ExtendedData>
<SchemaData schemaUrl="#kml_schema_ft_MRT_EXITS">
<SimpleData name="STATION_NA">CITY HALL MRT STATION</SimpleData>
<SimpleData name="EXIT_CODE">Exit B</SimpleData>
<SimpleData name="INC_CRC">16ABA07E07EB8482</SimpleData>
<SimpleData name="FMEL_UPD_D">20230127204435</SimpleData>
</SchemaData>
</ExtendedData>
<Point>
<coordinates>103.851960217746,1.29309991857995,0.0</coordinates>
</Point>
</Placemark>
<Placemark id="kml_294">
<name>kml_294</name>
<snippet> </snippet>
<description><![CDATA[<center><table><tr><th colspan='2' align='center'><em>Attributes</em></th></tr><tr bgcolor="#E3E3F3">
<th>STATION_NA</th>
<td>BUGIS MRT STATION</td>
</tr><tr bgcolor="">
<th>EXIT_CODE</th>
<td>Exit B</td>
</tr><tr bgcolor="#E3E3F3">
<th>INC_CRC</th>
<td>5BA6737A900E594D</td>
</tr><tr bgcolor="">
<th>FMEL_UPD_D</th>
<td>20230127204435</td>
</tr></table></center>]]></description>
<ExtendedData>
<SchemaData schemaUrl="#kml_schema_ft_MRT_EXITS">
<SimpleData name="STATION_NA">BUGIS MRT STATION</SimpleData>
<SimpleData name="EXIT_CODE">Exit B</SimpleData>
<SimpleData name="INC_CRC">5BA6737A900E594D</SimpleData>
<SimpleData name="FMEL_UPD_D">20230127204435</SimpleData>
</SchemaData>
</ExtendedData>
<Point>
<coordinates>103.856336627673,1.3007821987657,0.0</coordinates>
</Point>
</Placemark>
<Placemark id="kml_295">
<name>kml_295</name>
<snippet> </snippet>
<description><![CDATA[<center><table><tr><th colspan='2' align='center'><em>Attributes</em></th></tr><tr bgcolor="#E3E3F3">
<th>STATION_NA</th>
<td>BUGIS MRT STATION</td>
</tr><tr bgcolor="">
<th>EXIT_CODE</th>
<td>Exit A</td>
</tr><tr bgcolor="#E3E3F3">
<th>INC_CRC</th>
<td>A06B8C4EF9D0D3CF</td>
</tr><tr bgcolor="">
<th>FMEL_UPD_D</th>
<td>20230127204435</td>
</tr></table></center>]]></description>
<ExtendedData>
<SchemaData schemaUrl="#kml_schema_ft_MRT_EXITS">
<SimpleData name="STATION_NA">BUGIS MRT STATION</SimpleData>
<SimpleData name="EXIT_CODE">Exit A</SimpleData>
<SimpleData name="INC_CRC">A06B8C4EF9D0D3CF</SimpleData>
<SimpleData name="FMEL_UPD_D">20230127204435</SimpleData>
</SchemaData>
</ExtendedData>
<Point>
<coordinates>103.855924081461,1.30120408956464,0.0</coordinates>
</Point>
</Placemark>
<Placemark id="kml_296">
<name>kml_296</name>
<snippet> </snippet>
<description><![CDATA[<center><table><tr><th colspan='2' align='center'><em>Attributes</em></th></tr><tr bgcolor="#E3E3F3">
<th>STATION_NA</th>
<td>OUTRAM PARK MRT STATION</td>
</tr><tr bgcolor="">
<th>EXIT_CODE</th>
<td>Exit 1</td>
</tr><tr bgcolor="#E3E3F3">
<th>INC_CRC</th>
<td>9240996FD39C6AB0</td>
</tr><tr bgcolor="">
<th>FMEL_UPD_D</th>
<td>20230127204435</td>
</tr></table></center>]]></description>
<ExtendedData>
<SchemaData schemaUrl="#kml_schema_ft_MRT_EXITS">
<SimpleData name="STATION_NA">OUTRAM PARK MRT STATION</SimpleData>
<SimpleData name="EXIT_CODE">Exit 1</SimpleData>
<SimpleData name="INC_CRC">9240996FD39C6AB0</SimpleData>
<SimpleData name="FMEL_UPD_D">20230127204435</SimpleData>
</SchemaData>
</ExtendedData>
<Point>
<coordinates>103.838657701712,1.2816024282435,0.0</coordinates>
</Point>
</Placemark>
<Placemark id="kml_297">
<name>kml_297</name>
<snippet> </snippet>
<description><![CDATA[<center><table><tr><th colspan='2' align='center'><em>Attributes</em></th></tr><tr bgcolor="#E3E3F3">
<th>STATION_NA</th>
<td>OUTRAM PARK MRT STATION</td>
</tr><tr bgcolor="">
<th>EXIT_CODE</th>
<td>Exit 2</td>
</tr><tr bgcolor="#E3E3F3">
<th>INC_CRC</th>
<td>E6EE8657F042CAA7</td>
</tr><tr bgcolor="">
<th>FMEL_UPD_D</th>
<td>20230127204435</td>
</tr></table></center>]]></description>
<ExtendedData>
<SchemaData schemaUrl="#kml_schema_ft_MRT_EXITS">
<SimpleData name="STATION_NA">OUTRAM PARK MRT STATION</SimpleData>
<SimpleData name="EXIT_CODE">Exit 2</SimpleData>
<SimpleData name="INC_CRC">E6EE8657F042CAA7</SimpleData>
<SimpleData name="FMEL_UPD_D">20230127204435</SimpleData>
</SchemaData>
</ExtendedData>
<Point>
<coordinates>103.838934837217,1.28167534568857,0.0</coordinates>
</Point>
</Placemark>
<Placemark id="kml_298">
<name>kml_298</name>
<snippet> </snippet>
<description><![CDATA[<center><table><tr><th colspan='2' align='center'><em>Attributes</em></th></tr><tr bgcolor="#E3E3F3">
<th>STATION_NA</th>
<td>TANJONG PAGAR MRT STATION</td>
</tr><tr bgcolor="">
<th>EXIT_CODE</th>
<td>Exit B</td>
</tr><tr bgcolor="#E3E3F3">
<th>INC_CRC</th>
<td>B6A65715434862A9</td>
</tr><tr bgcolor="">
<th>FMEL_UPD_D</th>
<td>20230127204435</td>
</tr></table></center>]]></description>
<ExtendedData>
<SchemaData schemaUrl="#kml_schema_ft_MRT_EXITS">
<SimpleData name="STATION_NA">TANJONG PAGAR MRT STATION</SimpleData>
<SimpleData name="EXIT_CODE">Exit B</SimpleData>
<SimpleData name="INC_CRC">B6A65715434862A9</SimpleData>
<SimpleData name="FMEL_UPD_D">20230127204435</SimpleData>
</SchemaData>
</ExtendedData>
<Point>
<coordinates>103.846544590474,1.2766717422527,0.0</coordinates>
</Point>
</Placemark>
<Placemark id="kml_299">
<name>kml_299</name>
<snippet> </snippet>
<description><![CDATA[<center><table><tr><th colspan='2' align='center'><em>Attributes</em></th></tr><tr bgcolor="#E3E3F3">
<th>STATION_NA</th>
<td>TANJONG PAGAR MRT STATION</td>
</tr><tr bgcolor="">
<th>EXIT_CODE</th>
<td>Exit A</td>
</tr><tr bgcolor="#E3E3F3">
<th>INC_CRC</th>
<td>1052749762F1E1E3</td>
</tr><tr bgcolor="">
<th>FMEL_UPD_D</th>
<td>20230127204435</td>
</tr></table></center>]]></description>
<ExtendedData>
<SchemaData schemaUrl="#kml_schema_ft_MRT_EXITS">
<SimpleData name="STATION_NA">TANJONG PAGAR MRT STATION</SimpleData>
<SimpleData name="EXIT_CODE">Exit A</SimpleData>
<SimpleData name="INC_CRC">1052749762F1E1E3</SimpleData>
<SimpleData name="FMEL_UPD_D">20230127204435</SimpleData>
</SchemaData>
</ExtendedData>
<Point>
<coordinates>103.84483401421,1.27640850073994,0.0</coordinates>
</Point>
</Placemark>
<Placemark id="kml_300">
<name>kml_300</name>
<snippet> </snippet>
<description><![CDATA[<center><table><tr><th colspan='2' align='center'><em>Attributes</em></th></tr><tr bgcolor="#E3E3F3">
<th>STATION_NA</th>
<td>TANJONG PAGAR MRT STATION</td>
</tr><tr bgcolor="">
<th>EXIT_CODE</th>
<td>Exit C</td>
</tr><tr bgcolor="#E3E3F3">
<th>INC_CRC</th>
<td>44F1B6273F87FEDF</td>
</tr><tr bgcolor="">
<th>FMEL_UPD_D</th>
<td>20230127204435</td>
</tr></table></center>]]></description>
<ExtendedData>
<SchemaData schemaUrl="#kml_schema_ft_MRT_EXITS">
<SimpleData name="STATION_NA">TANJONG PAGAR MRT STATION</SimpleData>
<SimpleData name="EXIT_CODE">Exit C</SimpleData>
<SimpleData name="INC_CRC">44F1B6273F87FEDF</SimpleData>
<SimpleData name="FMEL_UPD_D">20230127204435</SimpleData>
</SchemaData>
</ExtendedData>
<Point>
<coordinates>103.846533557964,1.27608922999502,0.0</coordinates>
</Point>
</Placemark>
<Placemark id="kml_301">
<name>kml_301</name>
<snippet> </snippet>
<description><![CDATA[<center><table><tr><th colspan='2' align='center'><em>Attributes</em></th></tr><tr bgcolor="#E3E3F3">
<th>STATION_NA</th>
<td>TANJONG PAGAR MRT STATION</td>
</tr><tr bgcolor="">
<th>EXIT_CODE</th>
<td>Exit D</td>
</tr><tr bgcolor="#E3E3F3">
<th>INC_CRC</th>
<td>8B6F9D10513EFA49</td>
</tr><tr bgcolor="">
<th>FMEL_UPD_D</th>
<td>20230127204435</td>
</tr></table></center>]]></description>
<ExtendedData>
<SchemaData schemaUrl="#kml_schema_ft_MRT_EXITS">
<SimpleData name="STATION_NA">TANJONG PAGAR MRT STATION</SimpleData>
<SimpleData name="EXIT_CODE">Exit D</SimpleData>
<SimpleData name="INC_CRC">8B6F9D10513EFA49</SimpleData>
<SimpleData name="FMEL_UPD_D">20230127204435</SimpleData>
</SchemaData>
</ExtendedData>
<Point>
<coordinates>103.846908800204,1.27606482826343,0.0</coordinates>
</Point>
</Placemark>
<Placemark id="kml_302">
<name>kml_302</name>
<snippet> </snippet>
<description><![CDATA[<center><table><tr><th colspan='2' align='center'><em>Attributes</em></th></tr><tr bgcolor="#E3E3F3">
<th>STATION_NA</th>
<td>RAFFLES PLACE MRT STATION</td>
</tr><tr bgcolor="">
<th>EXIT_CODE</th>
<td>Exit H</td>
</tr><tr bgcolor="#E3E3F3">
<th>INC_CRC</th>
<td>3363214AF138AD7A</td>
</tr><tr bgcolor="">
<th>FMEL_UPD_D</th>
<td>20230127204435</td>
</tr></table></center>]]></description>
<ExtendedData>
<SchemaData schemaUrl="#kml_schema_ft_MRT_EXITS">
<SimpleData name="STATION_NA">RAFFLES PLACE MRT STATION</SimpleData>
<SimpleData name="EXIT_CODE">Exit H</SimpleData>
<SimpleData name="INC_CRC">3363214AF138AD7A</SimpleData>
<SimpleData name="FMEL_UPD_D">20230127204435</SimpleData>
</SchemaData>
</ExtendedData>
<Point>
<coordinates>103.851621715866,1.28525828120125,0.0</coordinates>
</Point>
</Placemark>
<Placemark id="kml_303">
<name>kml_303</name>
<snippet> </snippet>
<description><![CDATA[<center><table><tr><th colspan='2' align='center'><em>Attributes</em></th></tr><tr bgcolor="#E3E3F3">
<th>STATION_NA</th>
<td>RAFFLES PLACE MRT STATION</td>
</tr><tr bgcolor="">
<th>EXIT_CODE</th>
<td>Exit E</td>
</tr><tr bgcolor="#E3E3F3">
<th>INC_CRC</th>
<td>40F9660EB1C4C12E</td>
</tr><tr bgcolor="">
<th>FMEL_UPD_D</th>
<td>20230127204435</td>
</tr></table></center>]]></description>
<ExtendedData>
<SchemaData schemaUrl="#kml_schema_ft_MRT_EXITS">
<SimpleData name="STATION_NA">RAFFLES PLACE MRT STATION</SimpleData>
<SimpleData name="EXIT_CODE">Exit E</SimpleData>
<SimpleData name="INC_CRC">40F9660EB1C4C12E</SimpleData>
<SimpleData name="FMEL_UPD_D">20230127204435</SimpleData>
</SchemaData>
</ExtendedData>
<Point>
<coordinates>103.851522595155,1.28321158212436,0.0</coordinates>
</Point>
</Placemark>
<Placemark id="kml_304">
<name>kml_304</name>
<snippet> </snippet>
<description><![CDATA[<center><table><tr><th colspan='2' align='center'><em>Attributes</em></th></tr><tr bgcolor="#E3E3F3">
<th>STATION_NA</th>
<td>RAFFLES PLACE MRT STATION</td>
</tr><tr bgcolor="">
<th>EXIT_CODE</th>
<td>Exit B</td>
</tr><tr bgcolor="#E3E3F3">
<th>INC_CRC</th>
<td>F5DECEDB9FFE5F33</td>
</tr><tr bgcolor="">
<th>FMEL_UPD_D</th>
<td>20230127204435</td>
</tr></table></center>]]></description>
<ExtendedData>
<SchemaData schemaUrl="#kml_schema_ft_MRT_EXITS">
<SimpleData name="STATION_NA">RAFFLES PLACE MRT STATION</SimpleData>
<SimpleData name="EXIT_CODE">Exit B</SimpleData>
<SimpleData name="INC_CRC">F5DECEDB9FFE5F33</SimpleData>
<SimpleData name="FMEL_UPD_D">20230127204435</SimpleData>
</SchemaData>
</ExtendedData>
<Point>
<coordinates>103.851479978299,1.28460687453702,0.0</coordinates>
</Point>
</Placemark>
<Placemark id="kml_305">
<name>kml_305</name>
<snippet> </snippet>
<description><![CDATA[<center><table><tr><th colspan='2' align='center'><em>Attributes</em></th></tr><tr bgcolor="#E3E3F3">
<th>STATION_NA</th>
<td>RAFFLES PLACE MRT STATION</td>
</tr><tr bgcolor="">
<th>EXIT_CODE</th>
<td>Exit G</td>
</tr><tr bgcolor="#E3E3F3">
<th>INC_CRC</th>
<td>229B46DF8A1250CC</td>
</tr><tr bgcolor="">
<th>FMEL_UPD_D</th>
<td>20230127204435</td>
</tr></table></center>]]></description>
<ExtendedData>
<SchemaData schemaUrl="#kml_schema_ft_MRT_EXITS">
<SimpleData name="STATION_NA">RAFFLES PLACE MRT STATION</SimpleData>
<SimpleData name="EXIT_CODE">Exit G</SimpleData>
<SimpleData name="INC_CRC">229B46DF8A1250CC</SimpleData>
<SimpleData name="FMEL_UPD_D">20230127204435</SimpleData>
</SchemaData>
</ExtendedData>
<Point>
<coordinates>103.851478131997,1.28501689730178,0.0</coordinates>
</Point>
</Placemark>
<Placemark id="kml_306">
<name>kml_306</name>
<snippet> </snippet>
<description><![CDATA[<center><table><tr><th colspan='2' align='center'><em>Attributes</em></th></tr><tr bgcolor="#E3E3F3">
<th>STATION_NA</th>
<td>RAFFLES PLACE MRT STATION</td>
</tr><tr bgcolor="">
<th>EXIT_CODE</th>
<td>Exit A</td>
</tr><tr bgcolor="#E3E3F3">
<th>INC_CRC</th>
<td>7908CDF860503E38</td>
</tr><tr bgcolor="">
<th>FMEL_UPD_D</th>
<td>20230127204435</td>
</tr></table></center>]]></description>
<ExtendedData>
<SchemaData schemaUrl="#kml_schema_ft_MRT_EXITS">
<SimpleData name="STATION_NA">RAFFLES PLACE MRT STATION</SimpleData>
<SimpleData name="EXIT_CODE">Exit A</SimpleData>
<SimpleData name="INC_CRC">7908CDF860503E38</SimpleData>
<SimpleData name="FMEL_UPD_D">20230127204435</SimpleData>
</SchemaData>
</ExtendedData>
<Point>
<coordinates>103.851438353658,1.28412514770369,0.0</coordinates>
</Point>
</Placemark>
<Placemark id="kml_307">
<name>kml_307</name>
<snippet> </snippet>
<description><![CDATA[<center><table><tr><th colspan='2' align='center'><em>Attributes</em></th></tr><tr bgcolor="#E3E3F3">
<th>STATION_NA</th>
<td>RAFFLES PLACE MRT STATION</td>
</tr><tr bgcolor="">
<th>EXIT_CODE</th>
<td>Exit D</td>
</tr><tr bgcolor="#E3E3F3">
<th>INC_CRC</th>
<td>BDC3B51F0318BD2C</td>
</tr><tr bgcolor="">
<th>FMEL_UPD_D</th>
<td>20230127204435</td>
</tr></table></center>]]></description>
<ExtendedData>
<SchemaData schemaUrl="#kml_schema_ft_MRT_EXITS">
<SimpleData name="STATION_NA">RAFFLES PLACE MRT STATION</SimpleData>
<SimpleData name="EXIT_CODE">Exit D</SimpleData>
<SimpleData name="INC_CRC">BDC3B51F0318BD2C</SimpleData>
<SimpleData name="FMEL_UPD_D">20230127204435</SimpleData>
</SchemaData>
</ExtendedData>
<Point>
<coordinates>103.851353214562,1.28364139087742,0.0</coordinates>
</Point>
</Placemark>
<Placemark id="kml_308">
<name>kml_308</name>
<snippet> </snippet>
<description><![CDATA[<center><table><tr><th colspan='2' align='center'><em>Attributes</em></th></tr><tr bgcolor="#E3E3F3">
<th>STATION_NA</th>
<td>DHOBY GHAUT MRT STATION</td>
</tr><tr bgcolor="">
<th>EXIT_CODE</th>
<td>Exit D</td>
</tr><tr bgcolor="#E3E3F3">
<th>INC_CRC</th>
<td>94631C7F11FCE747</td>
</tr><tr bgcolor="">
<th>FMEL_UPD_D</th>
<td>20230127204435</td>
</tr></table></center>]]></description>
<ExtendedData>
<SchemaData schemaUrl="#kml_schema_ft_MRT_EXITS">
<SimpleData name="STATION_NA">DHOBY GHAUT MRT STATION</SimpleData>
<SimpleData name="EXIT_CODE">Exit D</SimpleData>
<SimpleData name="INC_CRC">94631C7F11FCE747</SimpleData>
<SimpleData name="FMEL_UPD_D">20230127204435</SimpleData>
</SchemaData>
</ExtendedData>
<Point>
<coordinates>103.845030131864,1.29993066561743,0.0</coordinates>
</Point>
</Placemark>
<Placemark id="kml_309">
<name>kml_309</name>
<snippet> </snippet>
<description><![CDATA[<center><table><tr><th colspan='2' align='center'><em>Attributes</em></th></tr><tr bgcolor="#E3E3F3">
<th>STATION_NA</th>
<td>OUTRAM PARK MRT STATION</td>
</tr><tr bgcolor="">
<th>EXIT_CODE</th>
<td>Exit 4</td>
</tr><tr bgcolor="#E3E3F3">
<th>INC_CRC</th>
<td>7A26F4DA0D6151ED</td>
</tr><tr bgcolor="">
<th>FMEL_UPD_D</th>
<td>20230127204435</td>
</tr></table></center>]]></description>
<ExtendedData>
<SchemaData schemaUrl="#kml_schema_ft_MRT_EXITS">
<SimpleData name="STATION_NA">OUTRAM PARK MRT STATION</SimpleData>
<SimpleData name="EXIT_CODE">Exit 4</SimpleData>
<SimpleData name="INC_CRC">7A26F4DA0D6151ED</SimpleData>
<SimpleData name="FMEL_UPD_D">20230127204435</SimpleData>
</SchemaData>
</ExtendedData>
<Point>
<coordinates>103.840386787096,1.28021335386912,0.0</coordinates>
</Point>
</Placemark>
<Placemark id="kml_310">
<name>kml_310</name>
<snippet> </snippet>
<description><![CDATA[<center><table><tr><th colspan='2' align='center'><em>Attributes</em></th></tr><tr bgcolor="#E3E3F3">
<th>STATION_NA</th>
<td>OUTRAM PARK MRT STATION</td>
</tr><tr bgcolor="">
<th>EXIT_CODE</th>
<td>Exit 5</td>
</tr><tr bgcolor="#E3E3F3">
<th>INC_CRC</th>
<td>C6452A7F824358BC</td>
</tr><tr bgcolor="">
<th>FMEL_UPD_D</th>
<td>20230127204435</td>
</tr></table></center>]]></description>
<ExtendedData>
<SchemaData schemaUrl="#kml_schema_ft_MRT_EXITS">
<SimpleData name="STATION_NA">OUTRAM PARK MRT STATION</SimpleData>
<SimpleData name="EXIT_CODE">Exit 5</SimpleData>
<SimpleData name="INC_CRC">C6452A7F824358BC</SimpleData>
<SimpleData name="FMEL_UPD_D">20230127204435</SimpleData>
</SchemaData>
</ExtendedData>
<Point>
<coordinates>103.839549241441,1.2789469557329,0.0</coordinates>
</Point>
</Placemark>
<Placemark id="kml_311">
<name>kml_311</name>
<snippet> </snippet>
<description><![CDATA[<center><table><tr><th colspan='2' align='center'><em>Attributes</em></th></tr><tr bgcolor="#E3E3F3">
<th>STATION_NA</th>
<td>OUTRAM PARK MRT STATION</td>
</tr><tr bgcolor="">
<th>EXIT_CODE</th>
<td>Exit 6</td>
</tr><tr bgcolor="#E3E3F3">
<th>INC_CRC</th>
<td>CBF6275E32E848D8</td>
</tr><tr bgcolor="">
<th>FMEL_UPD_D</th>
<td>20230127204435</td>
</tr></table></center>]]></description>
<ExtendedData>
<SchemaData schemaUrl="#kml_schema_ft_MRT_EXITS">
<SimpleData name="STATION_NA">OUTRAM PARK MRT STATION</SimpleData>
<SimpleData name="EXIT_CODE">Exit 6</SimpleData>
<SimpleData name="INC_CRC">CBF6275E32E848D8</SimpleData>
<SimpleData name="FMEL_UPD_D">20230127204435</SimpleData>
</SchemaData>
</ExtendedData>
<Point>
<coordinates>103.838537251968,1.27905123851202,0.0</coordinates>
</Point>
</Placemark>
<Placemark id="kml_312">
<name>kml_312</name>
<snippet> </snippet>
<description><![CDATA[<center><table><tr><th colspan='2' align='center'><em>Attributes</em></th></tr><tr bgcolor="#E3E3F3">
<th>STATION_NA</th>
<td>CLARKE QUAY MRT STATION</td>
</tr><tr bgcolor="">
<th>EXIT_CODE</th>
<td>Exit C</td>
</tr><tr bgcolor="#E3E3F3">
<th>INC_CRC</th>
<td>4217F1A02B8B47A7</td>
</tr><tr bgcolor="">
<th>FMEL_UPD_D</th>
<td>20230127204435</td>
</tr></table></center>]]></description>
<ExtendedData>
<SchemaData schemaUrl="#kml_schema_ft_MRT_EXITS">
<SimpleData name="STATION_NA">CLARKE QUAY MRT STATION</SimpleData>
<SimpleData name="EXIT_CODE">Exit C</SimpleData>
<SimpleData name="INC_CRC">4217F1A02B8B47A7</SimpleData>
<SimpleData name="FMEL_UPD_D">20230127204435</SimpleData>
</SchemaData>
</ExtendedData>
<Point>
<coordinates>103.846665833855,1.28938385187247,0.0</coordinates>
</Point>
</Placemark>
<Placemark id="kml_313">
<name>kml_313</name>
<snippet> </snippet>
<description><![CDATA[<center><table><tr><th colspan='2' align='center'><em>Attributes</em></th></tr><tr bgcolor="#E3E3F3">
<th>STATION_NA</th>
<td>CLARKE QUAY MRT STATION</td>
</tr><tr bgcolor="">
<th>EXIT_CODE</th>
<td>Exit F</td>
</tr><tr bgcolor="#E3E3F3">
<th>INC_CRC</th>
<td>18FD71C7FA6C0E2A</td>
</tr><tr bgcolor="">
<th>FMEL_UPD_D</th>
<td>20230127204435</td>
</tr></table></center>]]></description>
<ExtendedData>
<SchemaData schemaUrl="#kml_schema_ft_MRT_EXITS">
<SimpleData name="STATION_NA">CLARKE QUAY MRT STATION</SimpleData>
<SimpleData name="EXIT_CODE">Exit F</SimpleData>
<SimpleData name="INC_CRC">18FD71C7FA6C0E2A</SimpleData>
<SimpleData name="FMEL_UPD_D">20230127204435</SimpleData>
</SchemaData>
</ExtendedData>
<Point>
<coordinates>103.847129742733,1.28940556680266,0.0</coordinates>
</Point>
</Placemark>
<Placemark id="kml_314">
<name>kml_314</name>
<snippet> </snippet>
<description><![CDATA[<center><table><tr><th colspan='2' align='center'><em>Attributes</em></th></tr><tr bgcolor="#E3E3F3">
<th>STATION_NA</th>
<td>CLARKE QUAY MRT STATION</td>
</tr><tr bgcolor="">
<th>EXIT_CODE</th>
<td>Exit A</td>
</tr><tr bgcolor="#E3E3F3">
<th>INC_CRC</th>
<td>BC3B9F37FEEA2F7D</td>
</tr><tr bgcolor="">
<th>FMEL_UPD_D</th>
<td>20230127204435</td>
</tr></table></center>]]></description>
<ExtendedData>
<SchemaData schemaUrl="#kml_schema_ft_MRT_EXITS">
<SimpleData name="STATION_NA">CLARKE QUAY MRT STATION</SimpleData>
<SimpleData name="EXIT_CODE">Exit A</SimpleData>
<SimpleData name="INC_CRC">BC3B9F37FEEA2F7D</SimpleData>
<SimpleData name="FMEL_UPD_D">20230127204435</SimpleData>
</SchemaData>
</ExtendedData>
<Point>
<coordinates>103.846064543773,1.28689878783571,0.0</coordinates>
</Point>
</Placemark>
<Placemark id="kml_315">
<name>kml_315</name>
<snippet> </snippet>
<description><![CDATA[<center><table><tr><th colspan='2' align='center'><em>Attributes</em></th></tr><tr bgcolor="#E3E3F3">
<th>STATION_NA</th>
<td>CLARKE QUAY MRT STATION</td>
</tr><tr bgcolor="">
<th>EXIT_CODE</th>
<td>Exit E</td>
</tr><tr bgcolor="#E3E3F3">
<th>INC_CRC</th>
<td>E4C1DE41B6ED8311</td>
</tr><tr bgcolor="">
<th>FMEL_UPD_D</th>
<td>20230127204435</td>
</tr></table></center>]]></description>
<ExtendedData>
<SchemaData schemaUrl="#kml_schema_ft_MRT_EXITS">
<SimpleData name="STATION_NA">CLARKE QUAY MRT STATION</SimpleData>
<SimpleData name="EXIT_CODE">Exit E</SimpleData>
<SimpleData name="INC_CRC">E4C1DE41B6ED8311</SimpleData>
<SimpleData name="FMEL_UPD_D">20230127204435</SimpleData>
</SchemaData>
</ExtendedData>
<Point>
<coordinates>103.847032643299,1.28900018307139,0.0</coordinates>
</Point>
</Placemark>
<Placemark id="kml_316">
<name>kml_316</name>
<snippet> </snippet>
<description><![CDATA[<center><table><tr><th colspan='2' align='center'><em>Attributes</em></th></tr><tr bgcolor="#E3E3F3">
<th>STATION_NA</th>
<td>CHINATOWN MRT STATION</td>
</tr><tr bgcolor="">
<th>EXIT_CODE</th>
<td>Exit C</td>
</tr><tr bgcolor="#E3E3F3">
<th>INC_CRC</th>
<td>872CCBBC52D205A8</td>
</tr><tr bgcolor="">
<th>FMEL_UPD_D</th>
<td>20230127204435</td>
</tr></table></center>]]></description>
<ExtendedData>
<SchemaData schemaUrl="#kml_schema_ft_MRT_EXITS">
<SimpleData name="STATION_NA">CHINATOWN MRT STATION</SimpleData>
<SimpleData name="EXIT_CODE">Exit C</SimpleData>
<SimpleData name="INC_CRC">872CCBBC52D205A8</SimpleData>
<SimpleData name="FMEL_UPD_D">20230127204435</SimpleData>
</SchemaData>
</ExtendedData>
<Point>
<coordinates>103.842812853584,1.2846748973681,0.0</coordinates>
</Point>
</Placemark>
<Placemark id="kml_317">
<name>kml_317</name>
<snippet> </snippet>
<description><![CDATA[<center><table><tr><th colspan='2' align='center'><em>Attributes</em></th></tr><tr bgcolor="#E3E3F3">
<th>STATION_NA</th>
<td>CHOA CHU KANG LRT STATION</td>
</tr><tr bgcolor="">
<th>EXIT_CODE</th>
<td>Exit B</td>
</tr><tr bgcolor="#E3E3F3">
<th>INC_CRC</th>
<td>C3478FBF9D9DA5A3</td>
</tr><tr bgcolor="">
<th>FMEL_UPD_D</th>
<td>20230127204435</td>
</tr></table></center>]]></description>
<ExtendedData>
<SchemaData schemaUrl="#kml_schema_ft_MRT_EXITS">
<SimpleData name="STATION_NA">CHOA CHU KANG LRT STATION</SimpleData>
<SimpleData name="EXIT_CODE">Exit B</SimpleData>
<SimpleData name="INC_CRC">C3478FBF9D9DA5A3</SimpleData>
<SimpleData name="FMEL_UPD_D">20230127204435</SimpleData>
</SchemaData>
</ExtendedData>
<Point>
<coordinates>103.744595143026,1.38497966418718,0.0</coordinates>
</Point>
</Placemark>
<Placemark id="kml_318">
<name>kml_318</name>
<snippet> </snippet>
<description><![CDATA[<center><table><tr><th colspan='2' align='center'><em>Attributes</em></th></tr><tr bgcolor="#E3E3F3">
<th>STATION_NA</th>
<td>CHINATOWN MRT STATION</td>
</tr><tr bgcolor="">
<th>EXIT_CODE</th>
<td>Exit E</td>
</tr><tr bgcolor="#E3E3F3">
<th>INC_CRC</th>
<td>A5191DE73F930CFE</td>
</tr><tr bgcolor="">
<th>FMEL_UPD_D</th>
<td>20230127204435</td>
</tr></table></center>]]></description>
<ExtendedData>
<SchemaData schemaUrl="#kml_schema_ft_MRT_EXITS">
<SimpleData name="STATION_NA">CHINATOWN MRT STATION</SimpleData>
<SimpleData name="EXIT_CODE">Exit E</SimpleData>
<SimpleData name="INC_CRC">A5191DE73F930CFE</SimpleData>
<SimpleData name="FMEL_UPD_D">20230127204435</SimpleData>
</SchemaData>
</ExtendedData>
<Point>
<coordinates>103.844428119405,1.28504408060892,0.0</coordinates>
</Point>
</Placemark>
<Placemark id="kml_319">
<name>kml_319</name>
<snippet> </snippet>
<description><![CDATA[<center><table><tr><th colspan='2' align='center'><em>Attributes</em></th></tr><tr bgcolor="#E3E3F3">
<th>STATION_NA</th>
<td>QUEENSTOWN MRT STATION</td>
</tr><tr bgcolor="">
<th>EXIT_CODE</th>
<td>Exit A</td>
</tr><tr bgcolor="#E3E3F3">
<th>INC_CRC</th>
<td>2B9707C0F0ECEFC8</td>
</tr><tr bgcolor="">
<th>FMEL_UPD_D</th>
<td>20230127204435</td>
</tr></table></center>]]></description>
<ExtendedData>
<SchemaData schemaUrl="#kml_schema_ft_MRT_EXITS">
<SimpleData name="STATION_NA">QUEENSTOWN MRT STATION</SimpleData>
<SimpleData name="EXIT_CODE">Exit A</SimpleData>
<SimpleData name="INC_CRC">2B9707C0F0ECEFC8</SimpleData>
<SimpleData name="FMEL_UPD_D">20230127204435</SimpleData>
</SchemaData>
</ExtendedData>
<Point>
<coordinates>103.806182777133,1.29424726215095,0.0</coordinates>
</Point>
</Placemark>
<Placemark id="kml_320">
<name>kml_320</name>
<snippet> </snippet>
<description><![CDATA[<center><table><tr><th colspan='2' align='center'><em>Attributes</em></th></tr><tr bgcolor="#E3E3F3">
<th>STATION_NA</th>
<td>REDHILL MRT STATION</td>
</tr><tr bgcolor="">
<th>EXIT_CODE</th>
<td>Exit A</td>
</tr><tr bgcolor="#E3E3F3">
<th>INC_CRC</th>
<td>08AE2164E30DF4A7</td>
</tr><tr bgcolor="">
<th>FMEL_UPD_D</th>
<td>20230127204435</td>
</tr></table></center>]]></description>
<ExtendedData>
<SchemaData schemaUrl="#kml_schema_ft_MRT_EXITS">
<SimpleData name="STATION_NA">REDHILL MRT STATION</SimpleData>
<SimpleData name="EXIT_CODE">Exit A</SimpleData>
<SimpleData name="INC_CRC">08AE2164E30DF4A7</SimpleData>
<SimpleData name="FMEL_UPD_D">20230127204435</SimpleData>
</SchemaData>
</ExtendedData>
<Point>
<coordinates>103.816994458553,1.28937070467351,0.0</coordinates>
</Point>
</Placemark>
<Placemark id="kml_321">
<name>kml_321</name>
<snippet> </snippet>
<description><![CDATA[<center><table><tr><th colspan='2' align='center'><em>Attributes</em></th></tr><tr bgcolor="#E3E3F3">
<th>STATION_NA</th>
<td>REDHILL MRT STATION</td>
</tr><tr bgcolor="">
<th>EXIT_CODE</th>
<td>Exit B</td>
</tr><tr bgcolor="#E3E3F3">
<th>INC_CRC</th>
<td>C665A340A5A6CBEC</td>
</tr><tr bgcolor="">
<th>FMEL_UPD_D</th>
<td>20230127204435</td>
</tr></table></center>]]></description>
<ExtendedData>
<SchemaData schemaUrl="#kml_schema_ft_MRT_EXITS">
<SimpleData name="STATION_NA">REDHILL MRT STATION</SimpleData>
<SimpleData name="EXIT_CODE">Exit B</SimpleData>
<SimpleData name="INC_CRC">C665A340A5A6CBEC</SimpleData>
<SimpleData name="FMEL_UPD_D">20230127204435</SimpleData>
</SchemaData>
</ExtendedData>
<Point>
<coordinates>103.81724937308,1.28948587536099,0.0</coordinates>
</Point>
</Placemark>
<Placemark id="kml_322">
<name>kml_322</name>
<snippet> </snippet>
<description><![CDATA[<center><table><tr><th colspan='2' align='center'><em>Attributes</em></th></tr><tr bgcolor="#E3E3F3">
<th>STATION_NA</th>
<td>COMMONWEALTH MRT STATION</td>
</tr><tr bgcolor="">
<th>EXIT_CODE</th>
<td>Exit B</td>
</tr><tr bgcolor="#E3E3F3">
<th>INC_CRC</th>
<td>07C70283FD8BEFD4</td>
</tr><tr bgcolor="">
<th>FMEL_UPD_D</th>
<td>20230127204435</td>
</tr></table></center>]]></description>
<ExtendedData>
<SchemaData schemaUrl="#kml_schema_ft_MRT_EXITS">
<SimpleData name="STATION_NA">COMMONWEALTH MRT STATION</SimpleData>
<SimpleData name="EXIT_CODE">Exit B</SimpleData>
<SimpleData name="INC_CRC">07C70283FD8BEFD4</SimpleData>
<SimpleData name="FMEL_UPD_D">20230127204435</SimpleData>
</SchemaData>
</ExtendedData>
<Point>
<coordinates>103.798057882031,1.30275277699775,0.0</coordinates>
</Point>
</Placemark>
<Placemark id="kml_323">
<name>kml_323</name>
<snippet> </snippet>
<description><![CDATA[<center><table><tr><th colspan='2' align='center'><em>Attributes</em></th></tr><tr bgcolor="#E3E3F3">
<th>STATION_NA</th>
<td>COMMONWEALTH MRT STATION</td>
</tr><tr bgcolor="">
<th>EXIT_CODE</th>
<td>Exit A</td>
</tr><tr bgcolor="#E3E3F3">
<th>INC_CRC</th>
<td>2DDDE6ED2CFECBB8</td>
</tr><tr bgcolor="">
<th>FMEL_UPD_D</th>
<td>20230127204435</td>
</tr></table></center>]]></description>
<ExtendedData>
<SchemaData schemaUrl="#kml_schema_ft_MRT_EXITS">
<SimpleData name="STATION_NA">COMMONWEALTH MRT STATION</SimpleData>
<SimpleData name="EXIT_CODE">Exit A</SimpleData>
<SimpleData name="INC_CRC">2DDDE6ED2CFECBB8</SimpleData>
<SimpleData name="FMEL_UPD_D">20230127204435</SimpleData>
</SchemaData>
</ExtendedData>
<Point>
<coordinates>103.797958292266,1.30264816140773,0.0</coordinates>
</Point>
</Placemark>
<Placemark id="kml_324">
<name>kml_324</name>
<snippet> </snippet>
<description><![CDATA[<center><table><tr><th colspan='2' align='center'><em>Attributes</em></th></tr><tr bgcolor="#E3E3F3">
<th>STATION_NA</th>
<td>TIONG BAHRU MRT STATION</td>
</tr><tr bgcolor="">
<th>EXIT_CODE</th>
<td>Exit A</td>
</tr><tr bgcolor="#E3E3F3">
<th>INC_CRC</th>
<td>B5B30BE2B81082CE</td>
</tr><tr bgcolor="">
<th>FMEL_UPD_D</th>
<td>20230127204435</td>
</tr></table></center>]]></description>
<ExtendedData>
<SchemaData schemaUrl="#kml_schema_ft_MRT_EXITS">
<SimpleData name="STATION_NA">TIONG BAHRU MRT STATION</SimpleData>
<SimpleData name="EXIT_CODE">Exit A</SimpleData>
<SimpleData name="INC_CRC">B5B30BE2B81082CE</SimpleData>
<SimpleData name="FMEL_UPD_D">20230127204435</SimpleData>
</SchemaData>
</ExtendedData>
<Point>
<coordinates>103.826990595146,1.28575945589882,0.0</coordinates>
</Point>
</Placemark>
<Placemark id="kml_325">
<name>kml_325</name>
<snippet> </snippet>
<description><![CDATA[<center><table><tr><th colspan='2' align='center'><em>Attributes</em></th></tr><tr bgcolor="#E3E3F3">
<th>STATION_NA</th>
<td>TIONG BAHRU MRT STATION</td>
</tr><tr bgcolor="">
<th>EXIT_CODE</th>
<td>Exit B</td>
</tr><tr bgcolor="#E3E3F3">
<th>INC_CRC</th>
<td>6D56F8B0A81292DB</td>
</tr><tr bgcolor="">
<th>FMEL_UPD_D</th>
<td>20230127204435</td>
</tr></table></center>]]></description>
<ExtendedData>
<SchemaData schemaUrl="#kml_schema_ft_MRT_EXITS">
<SimpleData name="STATION_NA">TIONG BAHRU MRT STATION</SimpleData>
<SimpleData name="EXIT_CODE">Exit B</SimpleData>
<SimpleData name="INC_CRC">6D56F8B0A81292DB</SimpleData>
<SimpleData name="FMEL_UPD_D">20230127204435</SimpleData>
</SchemaData>
</ExtendedData>
<Point>
<coordinates>103.827496413393,1.28636194139043,0.0</coordinates>
</Point>
</Placemark>
<Placemark id="kml_326">
<name>kml_326</name>
<snippet> </snippet>
<description><![CDATA[<center><table><tr><th colspan='2' align='center'><em>Attributes</em></th></tr><tr bgcolor="#E3E3F3">
<th>STATION_NA</th>
<td>HARBOURFRONT MRT STATION</td>
</tr><tr bgcolor="">
<th>EXIT_CODE</th>
<td>Exit C</td>
</tr><tr bgcolor="#E3E3F3">
<th>INC_CRC</th>
<td>B43EC60E1D8817B8</td>
</tr><tr bgcolor="">
<th>FMEL_UPD_D</th>
<td>20230127204435</td>
</tr></table></center>]]></description>
<ExtendedData>
<SchemaData schemaUrl="#kml_schema_ft_MRT_EXITS">
<SimpleData name="STATION_NA">HARBOURFRONT MRT STATION</SimpleData>
<SimpleData name="EXIT_CODE">Exit C</SimpleData>
<SimpleData name="INC_CRC">B43EC60E1D8817B8</SimpleData>
<SimpleData name="FMEL_UPD_D">20230127204435</SimpleData>
</SchemaData>
</ExtendedData>
<Point>
<coordinates>103.822531651626,1.26525988373469,0.0</coordinates>
</Point>
</Placemark>
<Placemark id="kml_327">
<name>kml_327</name>
<snippet> </snippet>
<description><![CDATA[<center><table><tr><th colspan='2' align='center'><em>Attributes</em></th></tr><tr bgcolor="#E3E3F3">
<th>STATION_NA</th>
<td>HARBOURFRONT MRT STATION</td>
</tr><tr bgcolor="">
<th>EXIT_CODE</th>
<td>Exit B</td>
</tr><tr bgcolor="#E3E3F3">
<th>INC_CRC</th>
<td>F2A67B74844A3E35</td>
</tr><tr bgcolor="">
<th>FMEL_UPD_D</th>
<td>20230127204435</td>
</tr></table></center>]]></description>
<ExtendedData>
<SchemaData schemaUrl="#kml_schema_ft_MRT_EXITS">
<SimpleData name="STATION_NA">HARBOURFRONT MRT STATION</SimpleData>
<SimpleData name="EXIT_CODE">Exit B</SimpleData>
<SimpleData name="INC_CRC">F2A67B74844A3E35</SimpleData>
<SimpleData name="FMEL_UPD_D">20230127204435</SimpleData>
</SchemaData>
</ExtendedData>
<Point>
<coordinates>103.820508811132,1.2651546823432,0.0</coordinates>
</Point>
</Placemark>
<Placemark id="kml_328">
<name>kml_328</name>
<snippet> </snippet>
<description><![CDATA[<center><table><tr><th colspan='2' align='center'><em>Attributes</em></th></tr><tr bgcolor="#E3E3F3">
<th>STATION_NA</th>
<td>ORCHARD MRT STATION</td>
</tr><tr bgcolor="">
<th>EXIT_CODE</th>
<td>Exit 4</td>
</tr><tr bgcolor="#E3E3F3">
<th>INC_CRC</th>
<td>7055832BEE42BDA7</td>
</tr><tr bgcolor="">
<th>FMEL_UPD_D</th>
<td>20230127204435</td>
</tr></table></center>]]></description>
<ExtendedData>
<SchemaData schemaUrl="#kml_schema_ft_MRT_EXITS">
<SimpleData name="STATION_NA">ORCHARD MRT STATION</SimpleData>
<SimpleData name="EXIT_CODE">Exit 4</SimpleData>
<SimpleData name="INC_CRC">7055832BEE42BDA7</SimpleData>
<SimpleData name="FMEL_UPD_D">20230127204435</SimpleData>
</SchemaData>
</ExtendedData>
<Point>
<coordinates>103.832039800882,1.30456047411925,0.0</coordinates>
</Point>
</Placemark>
<Placemark id="kml_329">
<name>kml_329</name>
<snippet> </snippet>
<description><![CDATA[<center><table><tr><th colspan='2' align='center'><em>Attributes</em></th></tr><tr bgcolor="#E3E3F3">
<th>STATION_NA</th>
<td>ORCHARD MRT STATION</td>
</tr><tr bgcolor="">
<th>EXIT_CODE</th>
<td>Exit 1</td>
</tr><tr bgcolor="#E3E3F3">
<th>INC_CRC</th>
<td>EA3B90BA295EFD84</td>
</tr><tr bgcolor="">
<th>FMEL_UPD_D</th>
<td>20230127204435</td>
</tr></table></center>]]></description>
<ExtendedData>
<SchemaData schemaUrl="#kml_schema_ft_MRT_EXITS">
<SimpleData name="STATION_NA">ORCHARD MRT STATION</SimpleData>
<SimpleData name="EXIT_CODE">Exit 1</SimpleData>
<SimpleData name="INC_CRC">EA3B90BA295EFD84</SimpleData>
<SimpleData name="FMEL_UPD_D">20230127204435</SimpleData>
</SchemaData>
</ExtendedData>
<Point>
<coordinates>103.832524259379,1.30489217813715,0.0</coordinates>
</Point>
</Placemark>
<Placemark id="kml_330">
<name>kml_330</name>
<snippet> </snippet>
<description><![CDATA[<center><table><tr><th colspan='2' align='center'><em>Attributes</em></th></tr><tr bgcolor="#E3E3F3">
<th>STATION_NA</th>
<td>NEWTON MRT STATION</td>
</tr><tr bgcolor="">
<th>EXIT_CODE</th>
<td>Exit A</td>
</tr><tr bgcolor="#E3E3F3">
<th>INC_CRC</th>
<td>3A315A2361D88723</td>
</tr><tr bgcolor="">
<th>FMEL_UPD_D</th>
<td>20230127204435</td>
</tr></table></center>]]></description>
<ExtendedData>
<SchemaData schemaUrl="#kml_schema_ft_MRT_EXITS">
<SimpleData name="STATION_NA">NEWTON MRT STATION</SimpleData>
<SimpleData name="EXIT_CODE">Exit A</SimpleData>
<SimpleData name="INC_CRC">3A315A2361D88723</SimpleData>
<SimpleData name="FMEL_UPD_D">20230127204435</SimpleData>
</SchemaData>
</ExtendedData>
<Point>
<coordinates>103.837881325391,1.31259779668808,0.0</coordinates>
</Point>
</Placemark>
<Placemark id="kml_331">
<name>kml_331</name>
<snippet> </snippet>
<description><![CDATA[<center><table><tr><th colspan='2' align='center'><em>Attributes</em></th></tr><tr bgcolor="#E3E3F3">
<th>STATION_NA</th>
<td>NEWTON MRT STATION</td>
</tr><tr bgcolor="">
<th>EXIT_CODE</th>
<td>Exit B</td>
</tr><tr bgcolor="#E3E3F3">
<th>INC_CRC</th>
<td>B75D0390F4B7FDF5</td>
</tr><tr bgcolor="">
<th>FMEL_UPD_D</th>
<td>20230127204435</td>
</tr></table></center>]]></description>
<ExtendedData>
<SchemaData schemaUrl="#kml_schema_ft_MRT_EXITS">
<SimpleData name="STATION_NA">NEWTON MRT STATION</SimpleData>
<SimpleData name="EXIT_CODE">Exit B</SimpleData>
<SimpleData name="INC_CRC">B75D0390F4B7FDF5</SimpleData>
<SimpleData name="FMEL_UPD_D">20230127204435</SimpleData>
</SchemaData>
</ExtendedData>
<Point>
<coordinates>103.838219069361,1.31207546212127,0.0</coordinates>
</Point>
</Placemark>
<Placemark id="kml_332">
<name>kml_332</name>
<snippet> </snippet>
<description><![CDATA[<center><table><tr><th colspan='2' align='center'><em>Attributes</em></th></tr><tr bgcolor="#E3E3F3">
<th>STATION_NA</th>
<td>ORCHARD MRT STATION</td>
</tr><tr bgcolor="">
<th>EXIT_CODE</th>
<td>Exit 2</td>
</tr><tr bgcolor="#E3E3F3">
<th>INC_CRC</th>
<td>5EA01AD2A9EE377D</td>
</tr><tr bgcolor="">
<th>FMEL_UPD_D</th>
<td>20230127204435</td>
</tr></table></center>]]></description>
<ExtendedData>
<SchemaData schemaUrl="#kml_schema_ft_MRT_EXITS">
<SimpleData name="STATION_NA">ORCHARD MRT STATION</SimpleData>
<SimpleData name="EXIT_CODE">Exit 2</SimpleData>
<SimpleData name="INC_CRC">5EA01AD2A9EE377D</SimpleData>
<SimpleData name="FMEL_UPD_D">20230127204435</SimpleData>
</SchemaData>
</ExtendedData>
<Point>
<coordinates>103.832619611515,1.30435439856042,0.0</coordinates>
</Point>
</Placemark>
<Placemark id="kml_333">
<name>kml_333</name>
<snippet> </snippet>
<description><![CDATA[<center><table><tr><th colspan='2' align='center'><em>Attributes</em></th></tr><tr bgcolor="#E3E3F3">
<th>STATION_NA</th>
<td>LAVENDER MRT STATION</td>
</tr><tr bgcolor="">
<th>EXIT_CODE</th>
<td>Exit A</td>
</tr><tr bgcolor="#E3E3F3">
<th>INC_CRC</th>
<td>67781AFE7035C87A</td>
</tr><tr bgcolor="">
<th>FMEL_UPD_D</th>
<td>20230127204435</td>
</tr></table></center>]]></description>
<ExtendedData>
<SchemaData schemaUrl="#kml_schema_ft_MRT_EXITS">
<SimpleData name="STATION_NA">LAVENDER MRT STATION</SimpleData>
<SimpleData name="EXIT_CODE">Exit A</SimpleData>
<SimpleData name="INC_CRC">67781AFE7035C87A</SimpleData>
<SimpleData name="FMEL_UPD_D">20230127204435</SimpleData>
</SchemaData>
</ExtendedData>
<Point>
<coordinates>103.863043062903,1.30716946047274,0.0</coordinates>
</Point>
</Placemark>
<Placemark id="kml_334">
<name>kml_334</name>
<snippet> </snippet>
<description><![CDATA[<center><table><tr><th colspan='2' align='center'><em>Attributes</em></th></tr><tr bgcolor="#E3E3F3">
<th>STATION_NA</th>
<td>LAVENDER MRT STATION</td>
</tr><tr bgcolor="">
<th>EXIT_CODE</th>
<td>Exit B</td>
</tr><tr bgcolor="#E3E3F3">
<th>INC_CRC</th>
<td>79E658884200F5CF</td>
</tr><tr bgcolor="">
<th>FMEL_UPD_D</th>
<td>20230127204435</td>
</tr></table></center>]]></description>
<ExtendedData>
<SchemaData schemaUrl="#kml_schema_ft_MRT_EXITS">
<SimpleData name="STATION_NA">LAVENDER MRT STATION</SimpleData>
<SimpleData name="EXIT_CODE">Exit B</SimpleData>
<SimpleData name="INC_CRC">79E658884200F5CF</SimpleData>
<SimpleData name="FMEL_UPD_D">20230127204435</SimpleData>
</SchemaData>
</ExtendedData>
<Point>
<coordinates>103.862650316623,1.30761853913167,0.0</coordinates>
</Point>
</Placemark>
<Placemark id="kml_335">
<name>kml_335</name>
<snippet> </snippet>
<description><![CDATA[<center><table><tr><th colspan='2' align='center'><em>Attributes</em></th></tr><tr bgcolor="#E3E3F3">
<th>STATION_NA</th>
<td>KALLANG MRT STATION</td>
</tr><tr bgcolor="">
<th>EXIT_CODE</th>
<td>Exit B</td>
</tr><tr bgcolor="#E3E3F3">
<th>INC_CRC</th>
<td>6CF9B446E7CA4054</td>
</tr><tr bgcolor="">
<th>FMEL_UPD_D</th>
<td>20230127204435</td>
</tr></table></center>]]></description>
<ExtendedData>
<SchemaData schemaUrl="#kml_schema_ft_MRT_EXITS">
<SimpleData name="STATION_NA">KALLANG MRT STATION</SimpleData>
<SimpleData name="EXIT_CODE">Exit B</SimpleData>
<SimpleData name="INC_CRC">6CF9B446E7CA4054</SimpleData>
<SimpleData name="FMEL_UPD_D">20230127204435</SimpleData>
</SchemaData>
</ExtendedData>
<Point>
<coordinates>103.871587075861,1.3117817705438,0.0</coordinates>
</Point>
</Placemark>
<Placemark id="kml_336">
<name>kml_336</name>
<snippet> </snippet>
<description><![CDATA[<center><table><tr><th colspan='2' align='center'><em>Attributes</em></th></tr><tr bgcolor="#E3E3F3">
<th>STATION_NA</th>
<td>KALLANG MRT STATION</td>
</tr><tr bgcolor="">
<th>EXIT_CODE</th>
<td>Exit A</td>
</tr><tr bgcolor="#E3E3F3">
<th>INC_CRC</th>
<td>C4FA9AF262FF43C1</td>
</tr><tr bgcolor="">
<th>FMEL_UPD_D</th>
<td>20230127204435</td>
</tr></table></center>]]></description>
<ExtendedData>
<SchemaData schemaUrl="#kml_schema_ft_MRT_EXITS">
<SimpleData name="STATION_NA">KALLANG MRT STATION</SimpleData>
<SimpleData name="EXIT_CODE">Exit A</SimpleData>
<SimpleData name="INC_CRC">C4FA9AF262FF43C1</SimpleData>
<SimpleData name="FMEL_UPD_D">20230127204435</SimpleData>
</SchemaData>
</ExtendedData>
<Point>
<coordinates>103.871730564168,1.31154048297553,0.0</coordinates>
</Point>
</Placemark>
<Placemark id="kml_337">
<name>kml_337</name>
<snippet> </snippet>
<description><![CDATA[<center><table><tr><th colspan='2' align='center'><em>Attributes</em></th></tr><tr bgcolor="#E3E3F3">
<th>STATION_NA</th>
<td>ALJUNIED MRT STATION</td>
</tr><tr bgcolor="">
<th>EXIT_CODE</th>
<td>Exit B</td>
</tr><tr bgcolor="#E3E3F3">
<th>INC_CRC</th>
<td>7C42B43D848F246C</td>
</tr><tr bgcolor="">
<th>FMEL_UPD_D</th>
<td>20230127204435</td>
</tr></table></center>]]></description>
<ExtendedData>
<SchemaData schemaUrl="#kml_schema_ft_MRT_EXITS">
<SimpleData name="STATION_NA">ALJUNIED MRT STATION</SimpleData>
<SimpleData name="EXIT_CODE">Exit B</SimpleData>
<SimpleData name="INC_CRC">7C42B43D848F246C</SimpleData>
<SimpleData name="FMEL_UPD_D">20230127204435</SimpleData>
</SchemaData>
</ExtendedData>
<Point>
<coordinates>103.882472887782,1.31648793030408,0.0</coordinates>
</Point>
</Placemark>
<Placemark id="kml_338">
<name>kml_338</name>
<snippet> </snippet>
<description><![CDATA[<center><table><tr><th colspan='2' align='center'><em>Attributes</em></th></tr><tr bgcolor="#E3E3F3">
<th>STATION_NA</th>
<td>ALJUNIED MRT STATION</td>
</tr><tr bgcolor="">
<th>EXIT_CODE</th>
<td>Exit A</td>
</tr><tr bgcolor="#E3E3F3">
<th>INC_CRC</th>
<td>045EB7203A0A5B4F</td>
</tr><tr bgcolor="">
<th>FMEL_UPD_D</th>
<td>20230127204435</td>
</tr></table></center>]]></description>
<ExtendedData>
<SchemaData schemaUrl="#kml_schema_ft_MRT_EXITS">
<SimpleData name="STATION_NA">ALJUNIED MRT STATION</SimpleData>
<SimpleData name="EXIT_CODE">Exit A</SimpleData>
<SimpleData name="INC_CRC">045EB7203A0A5B4F</SimpleData>
<SimpleData name="FMEL_UPD_D">20230127204435</SimpleData>
</SchemaData>
</ExtendedData>
<Point>
<coordinates>103.882496650457,1.31623848534471,0.0</coordinates>
</Point>
</Placemark>
<Placemark id="kml_339">
<name>kml_339</name>
<snippet> </snippet>
<description><![CDATA[<center><table><tr><th colspan='2' align='center'><em>Attributes</em></th></tr><tr bgcolor="#E3E3F3">
<th>STATION_NA</th>
<td>LITTLE INDIA MRT STATION</td>
</tr><tr bgcolor="">
<th>EXIT_CODE</th>
<td>Exit B</td>
</tr><tr bgcolor="#E3E3F3">
<th>INC_CRC</th>
<td>6ABD7125ED6CAD9B</td>
</tr><tr bgcolor="">
<th>FMEL_UPD_D</th>
<td>20230127204435</td>
</tr></table></center>]]></description>
<ExtendedData>
<SchemaData schemaUrl="#kml_schema_ft_MRT_EXITS">
<SimpleData name="STATION_NA">LITTLE INDIA MRT STATION</SimpleData>
<SimpleData name="EXIT_CODE">Exit B</SimpleData>
<SimpleData name="INC_CRC">6ABD7125ED6CAD9B</SimpleData>
<SimpleData name="FMEL_UPD_D">20230127204435</SimpleData>
</SchemaData>
</ExtendedData>
<Point>
<coordinates>103.848985089711,1.30656355535778,0.0</coordinates>
</Point>
</Placemark>
<Placemark id="kml_340">
<name>kml_340</name>
<snippet> </snippet>
<description><![CDATA[<center><table><tr><th colspan='2' align='center'><em>Attributes</em></th></tr><tr bgcolor="#E3E3F3">
<th>STATION_NA</th>
<td>FARRER PARK MRT STATION</td>
</tr><tr bgcolor="">
<th>EXIT_CODE</th>
<td>Exit B</td>
</tr><tr bgcolor="#E3E3F3">
<th>INC_CRC</th>
<td>4A1DAEFD59468463</td>
</tr><tr bgcolor="">
<th>FMEL_UPD_D</th>
<td>20230127204435</td>
</tr></table></center>]]></description>
<ExtendedData>
<SchemaData schemaUrl="#kml_schema_ft_MRT_EXITS">
<SimpleData name="STATION_NA">FARRER PARK MRT STATION</SimpleData>
<SimpleData name="EXIT_CODE">Exit B</SimpleData>
<SimpleData name="INC_CRC">4A1DAEFD59468463</SimpleData>
<SimpleData name="FMEL_UPD_D">20230127204435</SimpleData>
</SchemaData>
</ExtendedData>
<Point>
<coordinates>103.854763767756,1.3135439659757,0.0</coordinates>
</Point>
</Placemark>
<Placemark id="kml_341">
<name>kml_341</name>
<snippet> </snippet>
<description><![CDATA[<center><table><tr><th colspan='2' align='center'><em>Attributes</em></th></tr><tr bgcolor="#E3E3F3">
<th>STATION_NA</th>
<td>FARRER PARK MRT STATION</td>
</tr><tr bgcolor="">
<th>EXIT_CODE</th>
<td>Exit E</td>
</tr><tr bgcolor="#E3E3F3">
<th>INC_CRC</th>
<td>6F1834F3D5171B51</td>
</tr><tr bgcolor="">
<th>FMEL_UPD_D</th>
<td>20230127204435</td>
</tr></table></center>]]></description>
<ExtendedData>
<SchemaData schemaUrl="#kml_schema_ft_MRT_EXITS">
<SimpleData name="STATION_NA">FARRER PARK MRT STATION</SimpleData>
<SimpleData name="EXIT_CODE">Exit E</SimpleData>
<SimpleData name="INC_CRC">6F1834F3D5171B51</SimpleData>
<SimpleData name="FMEL_UPD_D">20230127204435</SimpleData>
</SchemaData>
</ExtendedData>
<Point>
<coordinates>103.85265097068,1.31188353723816,0.0</coordinates>
</Point>
</Placemark>
<Placemark id="kml_342">
<name>kml_342</name>
<snippet> </snippet>
<description><![CDATA[<center><table><tr><th colspan='2' align='center'><em>Attributes</em></th></tr><tr bgcolor="#E3E3F3">
<th>STATION_NA</th>
<td>FARRER PARK MRT STATION</td>
</tr><tr bgcolor="">
<th>EXIT_CODE</th>
<td>Exit F</td>
</tr><tr bgcolor="#E3E3F3">
<th>INC_CRC</th>
<td>F1BDA4510E572B33</td>
</tr><tr bgcolor="">
<th>FMEL_UPD_D</th>
<td>20230127204435</td>
</tr></table></center>]]></description>
<ExtendedData>
<SchemaData schemaUrl="#kml_schema_ft_MRT_EXITS">
<SimpleData name="STATION_NA">FARRER PARK MRT STATION</SimpleData>
<SimpleData name="EXIT_CODE">Exit F</SimpleData>
<SimpleData name="INC_CRC">F1BDA4510E572B33</SimpleData>
<SimpleData name="FMEL_UPD_D">20230127204435</SimpleData>
</SchemaData>
</ExtendedData>
<Point>
<coordinates>103.853199391142,1.31142204648133,0.0</coordinates>
</Point>
</Placemark>
<Placemark id="kml_343">
<name>kml_343</name>
<snippet> </snippet>
<description><![CDATA[<center><table><tr><th colspan='2' align='center'><em>Attributes</em></th></tr><tr bgcolor="#E3E3F3">
<th>STATION_NA</th>
<td>PROMENADE MRT STATION</td>
</tr><tr bgcolor="">
<th>EXIT_CODE</th>
<td>Exit A</td>
</tr><tr bgcolor="#E3E3F3">
<th>INC_CRC</th>
<td>9EAAD1597236079B</td>
</tr><tr bgcolor="">
<th>FMEL_UPD_D</th>
<td>20230127204435</td>
</tr></table></center>]]></description>
<ExtendedData>
<SchemaData schemaUrl="#kml_schema_ft_MRT_EXITS">
<SimpleData name="STATION_NA">PROMENADE MRT STATION</SimpleData>
<SimpleData name="EXIT_CODE">Exit A</SimpleData>
<SimpleData name="INC_CRC">9EAAD1597236079B</SimpleData>
<SimpleData name="FMEL_UPD_D">20230127204435</SimpleData>
</SchemaData>
</ExtendedData>
<Point>
<coordinates>103.860673611302,1.29171166099886,0.0</coordinates>
</Point>
</Placemark>
<Placemark id="kml_344">
<name>kml_344</name>
<snippet> </snippet>
<description><![CDATA[<center><table><tr><th colspan='2' align='center'><em>Attributes</em></th></tr><tr bgcolor="#E3E3F3">
<th>STATION_NA</th>
<td>TOA PAYOH MRT STATION</td>
</tr><tr bgcolor="">
<th>EXIT_CODE</th>
<td>Exit A</td>
</tr><tr bgcolor="#E3E3F3">
<th>INC_CRC</th>
<td>4345E66C22E984AC</td>
</tr><tr bgcolor="">
<th>FMEL_UPD_D</th>
<td>20230127204435</td>
</tr></table></center>]]></description>
<ExtendedData>
<SchemaData schemaUrl="#kml_schema_ft_MRT_EXITS">
<SimpleData name="STATION_NA">TOA PAYOH MRT STATION</SimpleData>
<SimpleData name="EXIT_CODE">Exit A</SimpleData>
<SimpleData name="INC_CRC">4345E66C22E984AC</SimpleData>
<SimpleData name="FMEL_UPD_D">20230127204435</SimpleData>
</SchemaData>
</ExtendedData>
<Point>
<coordinates>103.847723804314,1.33237644203021,0.0</coordinates>
</Point>
</Placemark>
<Placemark id="kml_345">
<name>kml_345</name>
<snippet> </snippet>
<description><![CDATA[<center><table><tr><th colspan='2' align='center'><em>Attributes</em></th></tr><tr bgcolor="#E3E3F3">
<th>STATION_NA</th>
<td>LAKESIDE MRT STATION</td>
</tr><tr bgcolor="">
<th>EXIT_CODE</th>
<td>Exit A</td>
</tr><tr bgcolor="#E3E3F3">
<th>INC_CRC</th>
<td>33F25E28EB4DD76D</td>
</tr><tr bgcolor="">
<th>FMEL_UPD_D</th>
<td>20230127204435</td>
</tr></table></center>]]></description>
<ExtendedData>
<SchemaData schemaUrl="#kml_schema_ft_MRT_EXITS">
<SimpleData name="STATION_NA">LAKESIDE MRT STATION</SimpleData>
<SimpleData name="EXIT_CODE">Exit A</SimpleData>
<SimpleData name="INC_CRC">33F25E28EB4DD76D</SimpleData>
<SimpleData name="FMEL_UPD_D">20230127204435</SimpleData>
</SchemaData>
</ExtendedData>
<Point>
<coordinates>103.720448529393,1.3439833412622,0.0</coordinates>
</Point>
</Placemark>
<Placemark id="kml_346">
<name>kml_346</name>
<snippet> </snippet>
<description><![CDATA[<center><table><tr><th colspan='2' align='center'><em>Attributes</em></th></tr><tr bgcolor="#E3E3F3">
<th>STATION_NA</th>
<td>CHINESE GARDEN MRT STATION</td>
</tr><tr bgcolor="">
<th>EXIT_CODE</th>
<td>Exit C</td>
</tr><tr bgcolor="#E3E3F3">
<th>INC_CRC</th>
<td>34270BC7D85E5169</td>
</tr><tr bgcolor="">
<th>FMEL_UPD_D</th>
<td>20230127204435</td>
</tr></table></center>]]></description>
<ExtendedData>
<SchemaData schemaUrl="#kml_schema_ft_MRT_EXITS">
<SimpleData name="STATION_NA">CHINESE GARDEN MRT STATION</SimpleData>
<SimpleData name="EXIT_CODE">Exit C</SimpleData>
<SimpleData name="INC_CRC">34270BC7D85E5169</SimpleData>
<SimpleData name="FMEL_UPD_D">20230127204435</SimpleData>
</SchemaData>
</ExtendedData>
<Point>
<coordinates>103.733393135763,1.34156582633258,0.0</coordinates>
</Point>
</Placemark>
<Placemark id="kml_347">
<name>kml_347</name>
<snippet> </snippet>
<description><![CDATA[<center><table><tr><th colspan='2' align='center'><em>Attributes</em></th></tr><tr bgcolor="#E3E3F3">
<th>STATION_NA</th>
<td>CHINESE GARDEN MRT STATION</td>
</tr><tr bgcolor="">
<th>EXIT_CODE</th>
<td>Exit B</td>
</tr><tr bgcolor="#E3E3F3">
<th>INC_CRC</th>
<td>F57ABC73B061CF8C</td>
</tr><tr bgcolor="">
<th>FMEL_UPD_D</th>
<td>20230127204435</td>
</tr></table></center>]]></description>
<ExtendedData>
<SchemaData schemaUrl="#kml_schema_ft_MRT_EXITS">
<SimpleData name="STATION_NA">CHINESE GARDEN MRT STATION</SimpleData>
<SimpleData name="EXIT_CODE">Exit B</SimpleData>
<SimpleData name="INC_CRC">F57ABC73B061CF8C</SimpleData>
<SimpleData name="FMEL_UPD_D">20230127204435</SimpleData>
</SchemaData>
</ExtendedData>
<Point>
<coordinates>103.732741825545,1.34198208956493,0.0</coordinates>
</Point>
</Placemark>
<Placemark id="kml_348">
<name>kml_348</name>
<snippet> </snippet>
<description><![CDATA[<center><table><tr><th colspan='2' align='center'><em>Attributes</em></th></tr><tr bgcolor="#E3E3F3">
<th>STATION_NA</th>
<td>CHINESE GARDEN MRT STATION</td>
</tr><tr bgcolor="">
<th>EXIT_CODE</th>
<td>Exit A</td>
</tr><tr bgcolor="#E3E3F3">
<th>INC_CRC</th>
<td>D5745B5A724E8909</td>
</tr><tr bgcolor="">
<th>FMEL_UPD_D</th>
<td>20230127204435</td>
</tr></table></center>]]></description>
<ExtendedData>
<SchemaData schemaUrl="#kml_schema_ft_MRT_EXITS">
<SimpleData name="STATION_NA">CHINESE GARDEN MRT STATION</SimpleData>
<SimpleData name="EXIT_CODE">Exit A</SimpleData>
<SimpleData name="INC_CRC">D5745B5A724E8909</SimpleData>
<SimpleData name="FMEL_UPD_D">20230127204435</SimpleData>
</SchemaData>
</ExtendedData>
<Point>
<coordinates>103.732220154829,1.34243874323998,0.0</coordinates>
</Point>
</Placemark>
<Placemark id="kml_349">
<name>kml_349</name>
<snippet> </snippet>
<description><![CDATA[<center><table><tr><th colspan='2' align='center'><em>Attributes</em></th></tr><tr bgcolor="#E3E3F3">
<th>STATION_NA</th>
<td>JURONG EAST MRT STATION</td>
</tr><tr bgcolor="">
<th>EXIT_CODE</th>
<td>Exit C</td>
</tr><tr bgcolor="#E3E3F3">
<th>INC_CRC</th>
<td>62C94126CEE417F0</td>
</tr><tr bgcolor="">
<th>FMEL_UPD_D</th>
<td>20230127204435</td>
</tr></table></center>]]></description>
<ExtendedData>
<SchemaData schemaUrl="#kml_schema_ft_MRT_EXITS">
<SimpleData name="STATION_NA">JURONG EAST MRT STATION</SimpleData>
<SimpleData name="EXIT_CODE">Exit C</SimpleData>
<SimpleData name="INC_CRC">62C94126CEE417F0</SimpleData>
<SimpleData name="FMEL_UPD_D">20230127204435</SimpleData>
</SchemaData>
</ExtendedData>
<Point>
<coordinates>103.742762081653,1.33274868462584,0.0</coordinates>
</Point>
</Placemark>
<Placemark id="kml_350">
<name>kml_350</name>
<snippet> </snippet>
<description><![CDATA[<center><table><tr><th colspan='2' align='center'><em>Attributes</em></th></tr><tr bgcolor="#E3E3F3">
<th>STATION_NA</th>
<td>JURONG EAST MRT STATION</td>
</tr><tr bgcolor="">
<th>EXIT_CODE</th>
<td>Exit A</td>
</tr><tr bgcolor="#E3E3F3">
<th>INC_CRC</th>
<td>C166FA1DA983F4C3</td>
</tr><tr bgcolor="">
<th>FMEL_UPD_D</th>
<td>20230127204435</td>
</tr></table></center>]]></description>
<ExtendedData>
<SchemaData schemaUrl="#kml_schema_ft_MRT_EXITS">
<SimpleData name="STATION_NA">JURONG EAST MRT STATION</SimpleData>
<SimpleData name="EXIT_CODE">Exit A</SimpleData>
<SimpleData name="INC_CRC">C166FA1DA983F4C3</SimpleData>
<SimpleData name="FMEL_UPD_D">20230127204435</SimpleData>
</SchemaData>
</ExtendedData>
<Point>
<coordinates>103.741759898309,1.33398960393819,0.0</coordinates>
</Point>
</Placemark>
<Placemark id="kml_351">
<name>kml_351</name>
<snippet> </snippet>
<description><![CDATA[<center><table><tr><th colspan='2' align='center'><em>Attributes</em></th></tr><tr bgcolor="#E3E3F3">
<th>STATION_NA</th>
<td>JURONG EAST MRT STATION</td>
</tr><tr bgcolor="">
<th>EXIT_CODE</th>
<td>Exit B</td>
</tr><tr bgcolor="#E3E3F3">
<th>INC_CRC</th>
<td>133799CC6DC30D46</td>
</tr><tr bgcolor="">
<th>FMEL_UPD_D</th>
<td>20230127204435</td>
</tr></table></center>]]></description>
<ExtendedData>
<SchemaData schemaUrl="#kml_schema_ft_MRT_EXITS">
<SimpleData name="STATION_NA">JURONG EAST MRT STATION</SimpleData>
<SimpleData name="EXIT_CODE">Exit B</SimpleData>
<SimpleData name="INC_CRC">133799CC6DC30D46</SimpleData>
<SimpleData name="FMEL_UPD_D">20230127204435</SimpleData>
</SchemaData>
</ExtendedData>
<Point>
<coordinates>103.742640162983,1.33252623564817,0.0</coordinates>
</Point>
</Placemark>
<Placemark id="kml_352">
<name>kml_352</name>
<snippet> </snippet>
<description><![CDATA[<center><table><tr><th colspan='2' align='center'><em>Attributes</em></th></tr><tr bgcolor="#E3E3F3">
<th>STATION_NA</th>
<td>YEW TEE MRT STATION</td>
</tr><tr bgcolor="">
<th>EXIT_CODE</th>
<td>Exit B</td>
</tr><tr bgcolor="#E3E3F3">
<th>INC_CRC</th>
<td>35EAF4829E8E58D0</td>
</tr><tr bgcolor="">
<th>FMEL_UPD_D</th>
<td>20230127204435</td>
</tr></table></center>]]></description>
<ExtendedData>
<SchemaData schemaUrl="#kml_schema_ft_MRT_EXITS">
<SimpleData name="STATION_NA">YEW TEE MRT STATION</SimpleData>
<SimpleData name="EXIT_CODE">Exit B</SimpleData>
<SimpleData name="INC_CRC">35EAF4829E8E58D0</SimpleData>
<SimpleData name="FMEL_UPD_D">20230127204435</SimpleData>
</SchemaData>
</ExtendedData>
<Point>
<coordinates>103.747329880035,1.39806776806003,0.0</coordinates>
</Point>
</Placemark>
<Placemark id="kml_353">
<name>kml_353</name>
<snippet> </snippet>
<description><![CDATA[<center><table><tr><th colspan='2' align='center'><em>Attributes</em></th></tr><tr bgcolor="#E3E3F3">
<th>STATION_NA</th>
<td>YEW TEE MRT STATION</td>
</tr><tr bgcolor="">
<th>EXIT_CODE</th>
<td>Exit A</td>
</tr><tr bgcolor="#E3E3F3">
<th>INC_CRC</th>
<td>3C305BEEF18066B9</td>
</tr><tr bgcolor="">
<th>FMEL_UPD_D</th>
<td>20230127204435</td>
</tr></table></center>]]></description>
<ExtendedData>
<SchemaData schemaUrl="#kml_schema_ft_MRT_EXITS">
<SimpleData name="STATION_NA">YEW TEE MRT STATION</SimpleData>
<SimpleData name="EXIT_CODE">Exit A</SimpleData>
<SimpleData name="INC_CRC">3C305BEEF18066B9</SimpleData>
<SimpleData name="FMEL_UPD_D">20230127204435</SimpleData>
</SchemaData>
</ExtendedData>
<Point>
<coordinates>103.747195166471,1.39765547935269,0.0</coordinates>
</Point>
</Placemark>
<Placemark id="kml_354">
<name>kml_354</name>
<snippet> </snippet>
<description><![CDATA[<center><table><tr><th colspan='2' align='center'><em>Attributes</em></th></tr><tr bgcolor="#E3E3F3">
<th>STATION_NA</th>
<td>YEW TEE MRT STATION</td>
</tr><tr bgcolor="">
<th>EXIT_CODE</th>
<td>Exit C</td>
</tr><tr bgcolor="#E3E3F3">
<th>INC_CRC</th>
<td>A5C5202910FC0B3E</td>
</tr><tr bgcolor="">
<th>FMEL_UPD_D</th>
<td>20230127204435</td>
</tr></table></center>]]></description>
<ExtendedData>
<SchemaData schemaUrl="#kml_schema_ft_MRT_EXITS">
<SimpleData name="STATION_NA">YEW TEE MRT STATION</SimpleData>
<SimpleData name="EXIT_CODE">Exit C</SimpleData>
<SimpleData name="INC_CRC">A5C5202910FC0B3E</SimpleData>
<SimpleData name="FMEL_UPD_D">20230127204435</SimpleData>
</SchemaData>
</ExtendedData>
<Point>
<coordinates>103.74743189325,1.39700077173066,0.0</coordinates>
</Point>
</Placemark>
<Placemark id="kml_355">
<name>kml_355</name>
<snippet> </snippet>
<description><![CDATA[<center><table><tr><th colspan='2' align='center'><em>Attributes</em></th></tr><tr bgcolor="#E3E3F3">
<th>STATION_NA</th>
<td>YEW TEE MRT STATION</td>
</tr><tr bgcolor="">
<th>EXIT_CODE</th>
<td>Exit D</td>
</tr><tr bgcolor="#E3E3F3">
<th>INC_CRC</th>
<td>992342EAF6984144</td>
</tr><tr bgcolor="">
<th>FMEL_UPD_D</th>
<td>20230127204435</td>
</tr></table></center>]]></description>
<ExtendedData>
<SchemaData schemaUrl="#kml_schema_ft_MRT_EXITS">
<SimpleData name="STATION_NA">YEW TEE MRT STATION</SimpleData>
<SimpleData name="EXIT_CODE">Exit D</SimpleData>
<SimpleData name="INC_CRC">992342EAF6984144</SimpleData>
<SimpleData name="FMEL_UPD_D">20230127204435</SimpleData>
</SchemaData>
</ExtendedData>
<Point>
<coordinates>103.747111431,1.39727251197228,0.0</coordinates>
</Point>
</Placemark>
<Placemark id="kml_356">
<name>kml_356</name>
<snippet> </snippet>
<description><![CDATA[<center><table><tr><th colspan='2' align='center'><em>Attributes</em></th></tr><tr bgcolor="#E3E3F3">
<th>STATION_NA</th>
<td>BUKIT GOMBAK MRT STATION</td>
</tr><tr bgcolor="">
<th>EXIT_CODE</th>
<td>Exit B</td>
</tr><tr bgcolor="#E3E3F3">
<th>INC_CRC</th>
<td>DE40965F683CCE3E</td>
</tr><tr bgcolor="">
<th>FMEL_UPD_D</th>
<td>20230127204435</td>
</tr></table></center>]]></description>
<ExtendedData>
<SchemaData schemaUrl="#kml_schema_ft_MRT_EXITS">
<SimpleData name="STATION_NA">BUKIT GOMBAK MRT STATION</SimpleData>
<SimpleData name="EXIT_CODE">Exit B</SimpleData>
<SimpleData name="INC_CRC">DE40965F683CCE3E</SimpleData>
<SimpleData name="FMEL_UPD_D">20230127204435</SimpleData>
</SchemaData>
</ExtendedData>
<Point>
<coordinates>103.752092995698,1.35869526126909,0.0</coordinates>
</Point>
</Placemark>
<Placemark id="kml_357">
<name>kml_357</name>
<snippet> </snippet>
<description><![CDATA[<center><table><tr><th colspan='2' align='center'><em>Attributes</em></th></tr><tr bgcolor="#E3E3F3">
<th>STATION_NA</th>
<td>KEAT HONG LRT STATION</td>
</tr><tr bgcolor="">
<th>EXIT_CODE</th>
<td>Exit A</td>
</tr><tr bgcolor="#E3E3F3">
<th>INC_CRC</th>
<td>C7644F242A74A168</td>
</tr><tr bgcolor="">
<th>FMEL_UPD_D</th>
<td>20230127204435</td>
</tr></table></center>]]></description>
<ExtendedData>
<SchemaData schemaUrl="#kml_schema_ft_MRT_EXITS">
<SimpleData name="STATION_NA">KEAT HONG LRT STATION</SimpleData>
<SimpleData name="EXIT_CODE">Exit A</SimpleData>
<SimpleData name="INC_CRC">C7644F242A74A168</SimpleData>
<SimpleData name="FMEL_UPD_D">20230127204435</SimpleData>
</SchemaData>
</ExtendedData>
<Point>
<coordinates>103.749226841606,1.37846496701683,0.0</coordinates>
</Point>
</Placemark>
<Placemark id="kml_358">
<name>kml_358</name>
<snippet> </snippet>
<description><![CDATA[<center><table><tr><th colspan='2' align='center'><em>Attributes</em></th></tr><tr bgcolor="#E3E3F3">
<th>STATION_NA</th>
<td>TECK WHYE LRT STATION</td>
</tr><tr bgcolor="">
<th>EXIT_CODE</th>
<td>Exit A</td>
</tr><tr bgcolor="#E3E3F3">
<th>INC_CRC</th>
<td>E0F222D52301D3A3</td>
</tr><tr bgcolor="">
<th>FMEL_UPD_D</th>
<td>20230127204435</td>
</tr></table></center>]]></description>
<ExtendedData>
<SchemaData schemaUrl="#kml_schema_ft_MRT_EXITS">
<SimpleData name="STATION_NA">TECK WHYE LRT STATION</SimpleData>
<SimpleData name="EXIT_CODE">Exit A</SimpleData>
<SimpleData name="INC_CRC">E0F222D52301D3A3</SimpleData>
<SimpleData name="FMEL_UPD_D">20230127204435</SimpleData>
</SchemaData>
</ExtendedData>
<Point>
<coordinates>103.753826102342,1.37656419493699,0.0</coordinates>
</Point>
</Placemark>
<Placemark id="kml_359">
<name>kml_359</name>
<snippet> </snippet>
<description><![CDATA[<center><table><tr><th colspan='2' align='center'><em>Attributes</em></th></tr><tr bgcolor="#E3E3F3">
<th>STATION_NA</th>
<td>PHOENIX LRT STATION</td>
</tr><tr bgcolor="">
<th>EXIT_CODE</th>
<td>Exit A</td>
</tr><tr bgcolor="#E3E3F3">
<th>INC_CRC</th>
<td>C7F6410B1E2A01E2</td>
</tr><tr bgcolor="">
<th>FMEL_UPD_D</th>
<td>20230127204435</td>
</tr></table></center>]]></description>
<ExtendedData>
<SchemaData schemaUrl="#kml_schema_ft_MRT_EXITS">
<SimpleData name="STATION_NA">PHOENIX LRT STATION</SimpleData>
<SimpleData name="EXIT_CODE">Exit A</SimpleData>
<SimpleData name="INC_CRC">C7F6410B1E2A01E2</SimpleData>
<SimpleData name="FMEL_UPD_D">20230127204435</SimpleData>
</SchemaData>
</ExtendedData>
<Point>
<coordinates>103.758252475106,1.37861406821397,0.0</coordinates>
</Point>
</Placemark>
<Placemark id="kml_360">
<name>kml_360</name>
<snippet> </snippet>
<description><![CDATA[<center><table><tr><th colspan='2' align='center'><em>Attributes</em></th></tr><tr bgcolor="#E3E3F3">
<th>STATION_NA</th>
<td>BUKIT PANJANG MRT STATION</td>
</tr><tr bgcolor="">
<th>EXIT_CODE</th>
<td>Exit A</td>
</tr><tr bgcolor="#E3E3F3">
<th>INC_CRC</th>
<td>68EDD0201493E175</td>
</tr><tr bgcolor="">
<th>FMEL_UPD_D</th>
<td>20230127204435</td>
</tr></table></center>]]></description>
<ExtendedData>
<SchemaData schemaUrl="#kml_schema_ft_MRT_EXITS">
<SimpleData name="STATION_NA">BUKIT PANJANG MRT STATION</SimpleData>
<SimpleData name="EXIT_CODE">Exit A</SimpleData>
<SimpleData name="INC_CRC">68EDD0201493E175</SimpleData>
<SimpleData name="FMEL_UPD_D">20230127204435</SimpleData>
</SchemaData>
</ExtendedData>
<Point>
<coordinates>103.759597843573,1.38074511730578,0.0</coordinates>
</Point>
</Placemark>
<Placemark id="kml_361">
<name>kml_361</name>
<snippet> </snippet>
<description><![CDATA[<center><table><tr><th colspan='2' align='center'><em>Attributes</em></th></tr><tr bgcolor="#E3E3F3">
<th>STATION_NA</th>
<td>BUANGKOK MRT STATION</td>
</tr><tr bgcolor="">
<th>EXIT_CODE</th>
<td>Exit A</td>
</tr><tr bgcolor="#E3E3F3">
<th>INC_CRC</th>
<td>7C714ED058155F67</td>
</tr><tr bgcolor="">
<th>FMEL_UPD_D</th>
<td>20230726173129</td>
</tr></table></center>]]></description>
<ExtendedData>
<SchemaData schemaUrl="#kml_schema_ft_MRT_EXITS">
<SimpleData name="STATION_NA">BUANGKOK MRT STATION</SimpleData>
<SimpleData name="EXIT_CODE">Exit A</SimpleData>
<SimpleData name="INC_CRC">7C714ED058155F67</SimpleData>
<SimpleData name="FMEL_UPD_D">20230726173129</SimpleData>
</SchemaData>
</ExtendedData>
<Point>
<coordinates>103.892883836731,1.3834097909899,0.0</coordinates>
</Point>
</Placemark>
<Placemark id="kml_362">
<name>kml_362</name>
<snippet> </snippet>
<description><![CDATA[<center><table><tr><th colspan='2' align='center'><em>Attributes</em></th></tr><tr bgcolor="#E3E3F3">
<th>STATION_NA</th>
<td>TELOK AYER MRT STATION</td>
</tr><tr bgcolor="">
<th>EXIT_CODE</th>
<td>Exit B</td>
</tr><tr bgcolor="#E3E3F3">
<th>INC_CRC</th>
<td>0482FD5CBD7B912B</td>
</tr><tr bgcolor="">
<th>FMEL_UPD_D</th>
<td>20230127204435</td>
</tr></table></center>]]></description>
<ExtendedData>
<SchemaData schemaUrl="#kml_schema_ft_MRT_EXITS">
<SimpleData name="STATION_NA">TELOK AYER MRT STATION</SimpleData>
<SimpleData name="EXIT_CODE">Exit B</SimpleData>
<SimpleData name="INC_CRC">0482FD5CBD7B912B</SimpleData>
<SimpleData name="FMEL_UPD_D">20230127204435</SimpleData>
</SchemaData>
</ExtendedData>
<Point>
<coordinates>103.84877332816,1.28249727503873,0.0</coordinates>
</Point>
</Placemark>
<Placemark id="kml_363">
<name>kml_363</name>
<snippet> </snippet>
<description><![CDATA[<center><table><tr><th colspan='2' align='center'><em>Attributes</em></th></tr><tr bgcolor="#E3E3F3">
<th>STATION_NA</th>
<td>ONE-NORTH MRT STATION</td>
</tr><tr bgcolor="">
<th>EXIT_CODE</th>
<td>Exit D</td>
</tr><tr bgcolor="#E3E3F3">
<th>INC_CRC</th>
<td>5C641090FA13AD51</td>
</tr><tr bgcolor="">
<th>FMEL_UPD_D</th>
<td>20230127204435</td>
</tr></table></center>]]></description>
<ExtendedData>
<SchemaData schemaUrl="#kml_schema_ft_MRT_EXITS">
<SimpleData name="STATION_NA">ONE-NORTH MRT STATION</SimpleData>
<SimpleData name="EXIT_CODE">Exit D</SimpleData>
<SimpleData name="INC_CRC">5C641090FA13AD51</SimpleData>
<SimpleData name="FMEL_UPD_D">20230127204435</SimpleData>
</SchemaData>
</ExtendedData>
<Point>
<coordinates>103.787784810554,1.30007470288421,0.0</coordinates>
</Point>
</Placemark>
<Placemark id="kml_364">
<name>kml_364</name>
<snippet> </snippet>
<description><![CDATA[<center><table><tr><th colspan='2' align='center'><em>Attributes</em></th></tr><tr bgcolor="#E3E3F3">
<th>STATION_NA</th>
<td>KENT RIDGE MRT STATION</td>
</tr><tr bgcolor="">
<th>EXIT_CODE</th>
<td>Exit C</td>
</tr><tr bgcolor="#E3E3F3">
<th>INC_CRC</th>
<td>AE7207C0705527D0</td>
</tr><tr bgcolor="">
<th>FMEL_UPD_D</th>
<td>20230127204435</td>
</tr></table></center>]]></description>
<ExtendedData>
<SchemaData schemaUrl="#kml_schema_ft_MRT_EXITS">
<SimpleData name="STATION_NA">KENT RIDGE MRT STATION</SimpleData>
<SimpleData name="EXIT_CODE">Exit C</SimpleData>
<SimpleData name="INC_CRC">AE7207C0705527D0</SimpleData>
<SimpleData name="FMEL_UPD_D">20230127204435</SimpleData>
</SchemaData>
</ExtendedData>
<Point>
<coordinates>103.784490451682,1.29398478516701,0.0</coordinates>
</Point>
</Placemark>
<Placemark id="kml_365">
<name>kml_365</name>
<snippet> </snippet>
<description><![CDATA[<center><table><tr><th colspan='2' align='center'><em>Attributes</em></th></tr><tr bgcolor="#E3E3F3">
<th>STATION_NA</th>
<td>KENT RIDGE MRT STATION</td>
</tr><tr bgcolor="">
<th>EXIT_CODE</th>
<td>Exit D</td>
</tr><tr bgcolor="#E3E3F3">
<th>INC_CRC</th>
<td>E895460A627947D4</td>
</tr><tr bgcolor="">
<th>FMEL_UPD_D</th>
<td>20230127204435</td>
</tr></table></center>]]></description>
<ExtendedData>
<SchemaData schemaUrl="#kml_schema_ft_MRT_EXITS">
<SimpleData name="STATION_NA">KENT RIDGE MRT STATION</SimpleData>
<SimpleData name="EXIT_CODE">Exit D</SimpleData>
<SimpleData name="INC_CRC">E895460A627947D4</SimpleData>
<SimpleData name="FMEL_UPD_D">20230127204435</SimpleData>
</SchemaData>
</ExtendedData>
<Point>
<coordinates>103.784534656639,1.29321880284117,0.0</coordinates>
</Point>
</Placemark>
<Placemark id="kml_366">
<name>kml_366</name>
<snippet> </snippet>
<description><![CDATA[<center><table><tr><th colspan='2' align='center'><em>Attributes</em></th></tr><tr bgcolor="#E3E3F3">
<th>STATION_NA</th>
<td>LITTLE INDIA MRT STATION</td>
</tr><tr bgcolor="">
<th>EXIT_CODE</th>
<td>Exit D</td>
</tr><tr bgcolor="#E3E3F3">
<th>INC_CRC</th>
<td>ADDF2D4CC49805FA</td>
</tr><tr bgcolor="">
<th>FMEL_UPD_D</th>
<td>20230127204435</td>
</tr></table></center>]]></description>
<ExtendedData>
<SchemaData schemaUrl="#kml_schema_ft_MRT_EXITS">
<SimpleData name="STATION_NA">LITTLE INDIA MRT STATION</SimpleData>
<SimpleData name="EXIT_CODE">Exit D</SimpleData>
<SimpleData name="INC_CRC">ADDF2D4CC49805FA</SimpleData>
<SimpleData name="FMEL_UPD_D">20230127204435</SimpleData>
</SchemaData>
</ExtendedData>
<Point>
<coordinates>103.848999982241,1.30685473719087,0.0</coordinates>
</Point>
</Placemark>
<Placemark id="kml_367">
<name>kml_367</name>
<snippet> </snippet>
<description><![CDATA[<center><table><tr><th colspan='2' align='center'><em>Attributes</em></th></tr><tr bgcolor="#E3E3F3">
<th>STATION_NA</th>
<td>BUKIT PANJANG MRT STATION</td>
</tr><tr bgcolor="">
<th>EXIT_CODE</th>
<td>Exit A</td>
</tr><tr bgcolor="#E3E3F3">
<th>INC_CRC</th>
<td>46B17181D8944278</td>
</tr><tr bgcolor="">
<th>FMEL_UPD_D</th>
<td>20230127204435</td>
</tr></table></center>]]></description>
<ExtendedData>
<SchemaData schemaUrl="#kml_schema_ft_MRT_EXITS">
<SimpleData name="STATION_NA">BUKIT PANJANG MRT STATION</SimpleData>
<SimpleData name="EXIT_CODE">Exit A</SimpleData>
<SimpleData name="INC_CRC">46B17181D8944278</SimpleData>
<SimpleData name="FMEL_UPD_D">20230127204435</SimpleData>
</SchemaData>
</ExtendedData>
<Point>
<coordinates>103.762034360871,1.37876623763886,0.0</coordinates>
</Point>
</Placemark>
<Placemark id="kml_368">
<name>kml_368</name>
<snippet> </snippet>
<description><![CDATA[<center><table><tr><th colspan='2' align='center'><em>Attributes</em></th></tr><tr bgcolor="#E3E3F3">
<th>STATION_NA</th>
<td>CHOA CHU KANG MRT STATION</td>
</tr><tr bgcolor="">
<th>EXIT_CODE</th>
<td>Exit A</td>
</tr><tr bgcolor="#E3E3F3">
<th>INC_CRC</th>
<td>AADCDA84B1CB7302</td>
</tr><tr bgcolor="">
<th>FMEL_UPD_D</th>
<td>20230127204435</td>
</tr></table></center>]]></description>
<ExtendedData>
<SchemaData schemaUrl="#kml_schema_ft_MRT_EXITS">
<SimpleData name="STATION_NA">CHOA CHU KANG MRT STATION</SimpleData>
<SimpleData name="EXIT_CODE">Exit A</SimpleData>
<SimpleData name="INC_CRC">AADCDA84B1CB7302</SimpleData>
<SimpleData name="FMEL_UPD_D">20230127204435</SimpleData>
</SchemaData>
</ExtendedData>
<Point>
<coordinates>103.744560000291,1.38539999996952,0.0</coordinates>
</Point>
</Placemark>
<Placemark id="kml_369">
<name>kml_369</name>
<snippet> </snippet>
<description><![CDATA[<center><table><tr><th colspan='2' align='center'><em>Attributes</em></th></tr><tr bgcolor="#E3E3F3">
<th>STATION_NA</th>
<td>CHOA CHU KANG MRT STATION</td>
</tr><tr bgcolor="">
<th>EXIT_CODE</th>
<td>Exit B</td>
</tr><tr bgcolor="#E3E3F3">
<th>INC_CRC</th>
<td>4DDA5EEBC0D64FFE</td>
</tr><tr bgcolor="">
<th>FMEL_UPD_D</th>
<td>20230127204435</td>
</tr></table></center>]]></description>
<ExtendedData>
<SchemaData schemaUrl="#kml_schema_ft_MRT_EXITS">
<SimpleData name="STATION_NA">CHOA CHU KANG MRT STATION</SimpleData>
<SimpleData name="EXIT_CODE">Exit B</SimpleData>
<SimpleData name="INC_CRC">4DDA5EEBC0D64FFE</SimpleData>
<SimpleData name="FMEL_UPD_D">20230127204435</SimpleData>
</SchemaData>
</ExtendedData>
<Point>
<coordinates>103.744470000052,1.38459999970902,0.0</coordinates>
</Point>
</Placemark>
<Placemark id="kml_370">
<name>kml_370</name>
<snippet> </snippet>
<description><![CDATA[<center><table><tr><th colspan='2' align='center'><em>Attributes</em></th></tr><tr bgcolor="#E3E3F3">
<th>STATION_NA</th>
<td>CHOA CHU KANG MRT STATION</td>
</tr><tr bgcolor="">
<th>EXIT_CODE</th>
<td>Exit C</td>
</tr><tr bgcolor="#E3E3F3">
<th>INC_CRC</th>
<td>BFC5700660BC9DF6</td>
</tr><tr bgcolor="">
<th>FMEL_UPD_D</th>
<td>20230127204435</td>
</tr></table></center>]]></description>
<ExtendedData>
<SchemaData schemaUrl="#kml_schema_ft_MRT_EXITS">
<SimpleData name="STATION_NA">CHOA CHU KANG MRT STATION</SimpleData>
<SimpleData name="EXIT_CODE">Exit C</SimpleData>
<SimpleData name="INC_CRC">BFC5700660BC9DF6</SimpleData>
<SimpleData name="FMEL_UPD_D">20230127204435</SimpleData>
</SchemaData>
</ExtendedData>
<Point>
<coordinates>103.74447000019,1.38572999956458,0.0</coordinates>
</Point>
</Placemark>
<Placemark id="kml_371">
<name>kml_371</name>
<snippet> </snippet>
<description><![CDATA[<center><table><tr><th colspan='2' align='center'><em>Attributes</em></th></tr><tr bgcolor="#E3E3F3">
<th>STATION_NA</th>
<td>CHOA CHU KANG MRT STATION</td>
</tr><tr bgcolor="">
<th>EXIT_CODE</th>
<td>Exit D</td>
</tr><tr bgcolor="#E3E3F3">
<th>INC_CRC</th>
<td>10C24E69D8E231DD</td>
</tr><tr bgcolor="">
<th>FMEL_UPD_D</th>
<td>20230127204435</td>
</tr></table></center>]]></description>
<ExtendedData>
<SchemaData schemaUrl="#kml_schema_ft_MRT_EXITS">
<SimpleData name="STATION_NA">CHOA CHU KANG MRT STATION</SimpleData>
<SimpleData name="EXIT_CODE">Exit D</SimpleData>
<SimpleData name="INC_CRC">10C24E69D8E231DD</SimpleData>
<SimpleData name="FMEL_UPD_D">20230127204435</SimpleData>
</SchemaData>
</ExtendedData>
<Point>
<coordinates>103.744110000392,1.38536999970775,0.0</coordinates>
</Point>
</Placemark>
<Placemark id="kml_372">
<name>kml_372</name>
<snippet> </snippet>
<description><![CDATA[<center><table><tr><th colspan='2' align='center'><em>Attributes</em></th></tr><tr bgcolor="#E3E3F3">
<th>STATION_NA</th>
<td>CHOA CHU KANG LRT STATION</td>
</tr><tr bgcolor="">
<th>EXIT_CODE</th>
<td>Exit E</td>
</tr><tr bgcolor="#E3E3F3">
<th>INC_CRC</th>
<td>B31E5041452C3958</td>
</tr><tr bgcolor="">
<th>FMEL_UPD_D</th>
<td>20230127204435</td>
</tr></table></center>]]></description>
<ExtendedData>
<SchemaData schemaUrl="#kml_schema_ft_MRT_EXITS">
<SimpleData name="STATION_NA">CHOA CHU KANG LRT STATION</SimpleData>
<SimpleData name="EXIT_CODE">Exit E</SimpleData>
<SimpleData name="INC_CRC">B31E5041452C3958</SimpleData>
<SimpleData name="FMEL_UPD_D">20230127204435</SimpleData>
</SchemaData>
</ExtendedData>
<Point>
<coordinates>103.744620000447,1.38499999972745,0.0</coordinates>
</Point>
</Placemark>
<Placemark id="kml_373">
<name>kml_373</name>
<snippet> </snippet>
<description><![CDATA[<center><table><tr><th colspan='2' align='center'><em>Attributes</em></th></tr><tr bgcolor="#E3E3F3">
<th>STATION_NA</th>
<td>GUL CIRCLE MRT STATION</td>
</tr><tr bgcolor="">
<th>EXIT_CODE</th>
<td>Exit A</td>
</tr><tr bgcolor="#E3E3F3">
<th>INC_CRC</th>
<td>F7C62DDD2A73BCC1</td>
</tr><tr bgcolor="">
<th>FMEL_UPD_D</th>
<td>20230127204435</td>
</tr></table></center>]]></description>
<ExtendedData>
<SchemaData schemaUrl="#kml_schema_ft_MRT_EXITS">
<SimpleData name="STATION_NA">GUL CIRCLE MRT STATION</SimpleData>
<SimpleData name="EXIT_CODE">Exit A</SimpleData>
<SimpleData name="INC_CRC">F7C62DDD2A73BCC1</SimpleData>
<SimpleData name="FMEL_UPD_D">20230127204435</SimpleData>
</SchemaData>
</ExtendedData>
<Point>
<coordinates>103.660444143859,1.31903226656851,0.0</coordinates>
</Point>
</Placemark>
<Placemark id="kml_374">
<name>kml_374</name>
<snippet> </snippet>
<description><![CDATA[<center><table><tr><th colspan='2' align='center'><em>Attributes</em></th></tr><tr bgcolor="#E3E3F3">
<th>STATION_NA</th>
<td>GUL CIRCLE MRT STATION</td>
</tr><tr bgcolor="">
<th>EXIT_CODE</th>
<td>Exit B</td>
</tr><tr bgcolor="#E3E3F3">
<th>INC_CRC</th>
<td>E5B02C31AEAEB829</td>
</tr><tr bgcolor="">
<th>FMEL_UPD_D</th>
<td>20230127204435</td>
</tr></table></center>]]></description>
<ExtendedData>
<SchemaData schemaUrl="#kml_schema_ft_MRT_EXITS">
<SimpleData name="STATION_NA">GUL CIRCLE MRT STATION</SimpleData>
<SimpleData name="EXIT_CODE">Exit B</SimpleData>
<SimpleData name="INC_CRC">E5B02C31AEAEB829</SimpleData>
<SimpleData name="FMEL_UPD_D">20230127204435</SimpleData>
</SchemaData>
</ExtendedData>
<Point>
<coordinates>103.659434945517,1.31883718313345,0.0</coordinates>
</Point>
</Placemark>
<Placemark id="kml_375">
<name>kml_375</name>
<snippet> </snippet>
<description><![CDATA[<center><table><tr><th colspan='2' align='center'><em>Attributes</em></th></tr><tr bgcolor="#E3E3F3">
<th>STATION_NA</th>
<td>TUAS CRESCENT MRT STATION</td>
</tr><tr bgcolor="">
<th>EXIT_CODE</th>
<td>Exit A</td>
</tr><tr bgcolor="#E3E3F3">
<th>INC_CRC</th>
<td>6395E3FC8B63D35B</td>
</tr><tr bgcolor="">
<th>FMEL_UPD_D</th>
<td>20230127204435</td>
</tr></table></center>]]></description>
<ExtendedData>
<SchemaData schemaUrl="#kml_schema_ft_MRT_EXITS">
<SimpleData name="STATION_NA">TUAS CRESCENT MRT STATION</SimpleData>
<SimpleData name="EXIT_CODE">Exit A</SimpleData>
<SimpleData name="INC_CRC">6395E3FC8B63D35B</SimpleData>
<SimpleData name="FMEL_UPD_D">20230127204435</SimpleData>
</SchemaData>
</ExtendedData>
<Point>
<coordinates>103.648958741267,1.32076381711222,0.0</coordinates>
</Point>
</Placemark>
<Placemark id="kml_376">
<name>kml_376</name>
<snippet> </snippet>
<description><![CDATA[<center><table><tr><th colspan='2' align='center'><em>Attributes</em></th></tr><tr bgcolor="#E3E3F3">
<th>STATION_NA</th>
<td>TUAS CRESCENT MRT STATION</td>
</tr><tr bgcolor="">
<th>EXIT_CODE</th>
<td>Exit B</td>
</tr><tr bgcolor="#E3E3F3">
<th>INC_CRC</th>
<td>D98379EE652ED92E</td>
</tr><tr bgcolor="">
<th>FMEL_UPD_D</th>
<td>20230127204435</td>
</tr></table></center>]]></description>
<ExtendedData>
<SchemaData schemaUrl="#kml_schema_ft_MRT_EXITS">
<SimpleData name="STATION_NA">TUAS CRESCENT MRT STATION</SimpleData>
<SimpleData name="EXIT_CODE">Exit B</SimpleData>
<SimpleData name="INC_CRC">D98379EE652ED92E</SimpleData>
<SimpleData name="FMEL_UPD_D">20230127204435</SimpleData>
</SchemaData>
</ExtendedData>
<Point>
<coordinates>103.649286789109,1.32124359639868,0.0</coordinates>
</Point>
</Placemark>
<Placemark id="kml_377">
<name>kml_377</name>
<snippet> </snippet>
<description><![CDATA[<center><table><tr><th colspan='2' align='center'><em>Attributes</em></th></tr><tr bgcolor="#E3E3F3">
<th>STATION_NA</th>
<td>TUAS WEST ROAD MRT STATION</td>
</tr><tr bgcolor="">
<th>EXIT_CODE</th>
<td>Exit A</td>
</tr><tr bgcolor="#E3E3F3">
<th>INC_CRC</th>
<td>7C93D36D12D462DA</td>
</tr><tr bgcolor="">
<th>FMEL_UPD_D</th>
<td>20230127204435</td>
</tr></table></center>]]></description>
<ExtendedData>
<SchemaData schemaUrl="#kml_schema_ft_MRT_EXITS">
<SimpleData name="STATION_NA">TUAS WEST ROAD MRT STATION</SimpleData>
<SimpleData name="EXIT_CODE">Exit A</SimpleData>
<SimpleData name="INC_CRC">7C93D36D12D462DA</SimpleData>
<SimpleData name="FMEL_UPD_D">20230127204435</SimpleData>
</SchemaData>
</ExtendedData>
<Point>
<coordinates>103.639284344709,1.32987242413926,0.0</coordinates>
</Point>
</Placemark>
<Placemark id="kml_378">
<name>kml_378</name>
<snippet> </snippet>
<description><![CDATA[<center><table><tr><th colspan='2' align='center'><em>Attributes</em></th></tr><tr bgcolor="#E3E3F3">
<th>STATION_NA</th>
<td>TUAS WEST ROAD MRT STATION</td>
</tr><tr bgcolor="">
<th>EXIT_CODE</th>
<td>Exit B</td>
</tr><tr bgcolor="#E3E3F3">
<th>INC_CRC</th>
<td>9982881E8A76BEDD</td>
</tr><tr bgcolor="">
<th>FMEL_UPD_D</th>
<td>20230127204435</td>
</tr></table></center>]]></description>
<ExtendedData>
<SchemaData schemaUrl="#kml_schema_ft_MRT_EXITS">
<SimpleData name="STATION_NA">TUAS WEST ROAD MRT STATION</SimpleData>
<SimpleData name="EXIT_CODE">Exit B</SimpleData>
<SimpleData name="INC_CRC">9982881E8A76BEDD</SimpleData>
<SimpleData name="FMEL_UPD_D">20230127204435</SimpleData>
</SchemaData>
</ExtendedData>
<Point>
<coordinates>103.639790711295,1.33018233023207,0.0</coordinates>
</Point>
</Placemark>
<Placemark id="kml_379">
<name>kml_379</name>
<snippet> </snippet>
<description><![CDATA[<center><table><tr><th colspan='2' align='center'><em>Attributes</em></th></tr><tr bgcolor="#E3E3F3">
<th>STATION_NA</th>
<td>TUAS LINK MRT STATION</td>
</tr><tr bgcolor="">
<th>EXIT_CODE</th>
<td>Exit A</td>
</tr><tr bgcolor="#E3E3F3">
<th>INC_CRC</th>
<td>124B3EF02A2AD8EF</td>
</tr><tr bgcolor="">
<th>FMEL_UPD_D</th>
<td>20230127204435</td>
</tr></table></center>]]></description>
<ExtendedData>
<SchemaData schemaUrl="#kml_schema_ft_MRT_EXITS">
<SimpleData name="STATION_NA">TUAS LINK MRT STATION</SimpleData>
<SimpleData name="EXIT_CODE">Exit A</SimpleData>
<SimpleData name="INC_CRC">124B3EF02A2AD8EF</SimpleData>
<SimpleData name="FMEL_UPD_D">20230127204435</SimpleData>
</SchemaData>
</ExtendedData>
<Point>
<coordinates>103.637245720022,1.34042689920514,0.0</coordinates>
</Point>
</Placemark>
<Placemark id="kml_380">
<name>kml_380</name>
<snippet> </snippet>
<description><![CDATA[<center><table><tr><th colspan='2' align='center'><em>Attributes</em></th></tr><tr bgcolor="#E3E3F3">
<th>STATION_NA</th>
<td>TUAS LINK MRT STATION</td>
</tr><tr bgcolor="">
<th>EXIT_CODE</th>
<td>Exit B</td>
</tr><tr bgcolor="#E3E3F3">
<th>INC_CRC</th>
<td>4EB65BBF499F04BE</td>
</tr><tr bgcolor="">
<th>FMEL_UPD_D</th>
<td>20230127204435</td>
</tr></table></center>]]></description>
<ExtendedData>
<SchemaData schemaUrl="#kml_schema_ft_MRT_EXITS">
<SimpleData name="STATION_NA">TUAS LINK MRT STATION</SimpleData>
<SimpleData name="EXIT_CODE">Exit B</SimpleData>
<SimpleData name="INC_CRC">4EB65BBF499F04BE</SimpleData>
<SimpleData name="FMEL_UPD_D">20230127204435</SimpleData>
</SchemaData>
</ExtendedData>
<Point>
<coordinates>103.636840667474,1.34094007226858,0.0</coordinates>
</Point>
</Placemark>
<Placemark id="kml_381">
<name>kml_381</name>
<snippet> </snippet>
<description><![CDATA[<center><table><tr><th colspan='2' align='center'><em>Attributes</em></th></tr><tr bgcolor="#E3E3F3">
<th>STATION_NA</th>
<td>EXPO MRT STATION</td>
</tr><tr bgcolor="">
<th>EXIT_CODE</th>
<td>Exit C</td>
</tr><tr bgcolor="#E3E3F3">
<th>INC_CRC</th>
<td>E79BB6D2D2002821</td>
</tr><tr bgcolor="">
<th>FMEL_UPD_D</th>
<td>20230127204435</td>
</tr></table></center>]]></description>
<ExtendedData>
<SchemaData schemaUrl="#kml_schema_ft_MRT_EXITS">
<SimpleData name="STATION_NA">EXPO MRT STATION</SimpleData>
<SimpleData name="EXIT_CODE">Exit C</SimpleData>
<SimpleData name="INC_CRC">E79BB6D2D2002821</SimpleData>
<SimpleData name="FMEL_UPD_D">20230127204435</SimpleData>
</SchemaData>
</ExtendedData>
<Point>
<coordinates>103.962161021864,1.33595097171569,0.0</coordinates>
</Point>
</Placemark>
<Placemark id="kml_382">
<name>kml_382</name>
<snippet> </snippet>
<description><![CDATA[<center><table><tr><th colspan='2' align='center'><em>Attributes</em></th></tr><tr bgcolor="#E3E3F3">
<th>STATION_NA</th>
<td>EXPO MRT STATION</td>
</tr><tr bgcolor="">
<th>EXIT_CODE</th>
<td>Exit D</td>
</tr><tr bgcolor="#E3E3F3">
<th>INC_CRC</th>
<td>7559EFD8098C1D02</td>
</tr><tr bgcolor="">
<th>FMEL_UPD_D</th>
<td>20230127204435</td>
</tr></table></center>]]></description>
<ExtendedData>
<SchemaData schemaUrl="#kml_schema_ft_MRT_EXITS">
<SimpleData name="STATION_NA">EXPO MRT STATION</SimpleData>
<SimpleData name="EXIT_CODE">Exit D</SimpleData>
<SimpleData name="INC_CRC">7559EFD8098C1D02</SimpleData>
<SimpleData name="FMEL_UPD_D">20230127204435</SimpleData>
</SchemaData>
</ExtendedData>
<Point>
<coordinates>103.963100681762,1.33483488834327,0.0</coordinates>
</Point>
</Placemark>
<Placemark id="kml_383">
<name>kml_383</name>
<snippet> </snippet>
<description><![CDATA[<center><table><tr><th colspan='2' align='center'><em>Attributes</em></th></tr><tr bgcolor="#E3E3F3">
<th>STATION_NA</th>
<td>MACPHERSON MRT STATION</td>
</tr><tr bgcolor="">
<th>EXIT_CODE</th>
<td>Exit E</td>
</tr><tr bgcolor="#E3E3F3">
<th>INC_CRC</th>
<td>5285256719923C73</td>
</tr><tr bgcolor="">
<th>FMEL_UPD_D</th>
<td>20230127204435</td>
</tr></table></center>]]></description>
<ExtendedData>
<SchemaData schemaUrl="#kml_schema_ft_MRT_EXITS">
<SimpleData name="STATION_NA">MACPHERSON MRT STATION</SimpleData>
<SimpleData name="EXIT_CODE">Exit E</SimpleData>
<SimpleData name="INC_CRC">5285256719923C73</SimpleData>
<SimpleData name="FMEL_UPD_D">20230127204435</SimpleData>
</SchemaData>
</ExtendedData>
<Point>
<coordinates>103.888615211677,1.32619277755048,0.0</coordinates>
</Point>
</Placemark>
<Placemark id="kml_384">
<name>kml_384</name>
<snippet> </snippet>
<description><![CDATA[<center><table><tr><th colspan='2' align='center'><em>Attributes</em></th></tr><tr bgcolor="#E3E3F3">
<th>STATION_NA</th>
<td>EXPO MRT STATION</td>
</tr><tr bgcolor="">
<th>EXIT_CODE</th>
<td>Exit E</td>
</tr><tr bgcolor="#E3E3F3">
<th>INC_CRC</th>
<td>906C9579A92CF7A4</td>
</tr><tr bgcolor="">
<th>FMEL_UPD_D</th>
<td>20230127204435</td>
</tr></table></center>]]></description>
<ExtendedData>
<SchemaData schemaUrl="#kml_schema_ft_MRT_EXITS">
<SimpleData name="STATION_NA">EXPO MRT STATION</SimpleData>
<SimpleData name="EXIT_CODE">Exit E</SimpleData>
<SimpleData name="INC_CRC">906C9579A92CF7A4</SimpleData>
<SimpleData name="FMEL_UPD_D">20230127204435</SimpleData>
</SchemaData>
</ExtendedData>
<Point>
<coordinates>103.962123376874,1.33486331350548,0.0</coordinates>
</Point>
</Placemark>
<Placemark id="kml_385">
<name>kml_385</name>
<snippet> </snippet>
<description><![CDATA[<center><table><tr><th colspan='2' align='center'><em>Attributes</em></th></tr><tr bgcolor="#E3E3F3">
<th>STATION_NA</th>
<td>MACPHERSON MRT STATION</td>
</tr><tr bgcolor="">
<th>EXIT_CODE</th>
<td>Exit D</td>
</tr><tr bgcolor="#E3E3F3">
<th>INC_CRC</th>
<td>DB18BEBDD5326092</td>
</tr><tr bgcolor="">
<th>FMEL_UPD_D</th>
<td>20230127204435</td>
</tr></table></center>]]></description>
<ExtendedData>
<SchemaData schemaUrl="#kml_schema_ft_MRT_EXITS">
<SimpleData name="STATION_NA">MACPHERSON MRT STATION</SimpleData>
<SimpleData name="EXIT_CODE">Exit D</SimpleData>
<SimpleData name="INC_CRC">DB18BEBDD5326092</SimpleData>
<SimpleData name="FMEL_UPD_D">20230127204435</SimpleData>
</SchemaData>
</ExtendedData>
<Point>
<coordinates>103.888454834376,1.32514545867968,0.0</coordinates>
</Point>
</Placemark>
<Placemark id="kml_386">
<name>kml_386</name>
<snippet> </snippet>
<description><![CDATA[<center><table><tr><th colspan='2' align='center'><em>Attributes</em></th></tr><tr bgcolor="#E3E3F3">
<th>STATION_NA</th>
<td>EXPO MRT STATION</td>
</tr><tr bgcolor="">
<th>EXIT_CODE</th>
<td>Exit G</td>
</tr><tr bgcolor="#E3E3F3">
<th>INC_CRC</th>
<td>0C14825AD577B2E3</td>
</tr><tr bgcolor="">
<th>FMEL_UPD_D</th>
<td>20230127204435</td>
</tr></table></center>]]></description>
<ExtendedData>
<SchemaData schemaUrl="#kml_schema_ft_MRT_EXITS">
<SimpleData name="STATION_NA">EXPO MRT STATION</SimpleData>
<SimpleData name="EXIT_CODE">Exit G</SimpleData>
<SimpleData name="INC_CRC">0C14825AD577B2E3</SimpleData>
<SimpleData name="FMEL_UPD_D">20230127204435</SimpleData>
</SchemaData>
</ExtendedData>
<Point>
<coordinates>103.963049007432,1.33501932038682,0.0</coordinates>
</Point>
</Placemark>
<Placemark id="kml_387">
<name>kml_387</name>
<snippet> </snippet>
<description><![CDATA[<center><table><tr><th colspan='2' align='center'><em>Attributes</em></th></tr><tr bgcolor="#E3E3F3">
<th>STATION_NA</th>
<td>EXPO MRT STATION</td>
</tr><tr bgcolor="">
<th>EXIT_CODE</th>
<td>Exit A</td>
</tr><tr bgcolor="#E3E3F3">
<th>INC_CRC</th>
<td>8F171DDEC2A3C476</td>
</tr><tr bgcolor="">
<th>FMEL_UPD_D</th>
<td>20230127204435</td>
</tr></table></center>]]></description>
<ExtendedData>
<SchemaData schemaUrl="#kml_schema_ft_MRT_EXITS">
<SimpleData name="STATION_NA">EXPO MRT STATION</SimpleData>
<SimpleData name="EXIT_CODE">Exit A</SimpleData>
<SimpleData name="INC_CRC">8F171DDEC2A3C476</SimpleData>
<SimpleData name="FMEL_UPD_D">20230127204435</SimpleData>
</SchemaData>
</ExtendedData>
<Point>
<coordinates>103.961836795084,1.33548282216596,0.0</coordinates>
</Point>
</Placemark>
<Placemark id="kml_388">
<name>kml_388</name>
<snippet> </snippet>
<description><![CDATA[<center><table><tr><th colspan='2' align='center'><em>Attributes</em></th></tr><tr bgcolor="#E3E3F3">
<th>STATION_NA</th>
<td>EXPO MRT STATION</td>
</tr><tr bgcolor="">
<th>EXIT_CODE</th>
<td>Exit F</td>
</tr><tr bgcolor="#E3E3F3">
<th>INC_CRC</th>
<td>6E43F01A7FD410B2</td>
</tr><tr bgcolor="">
<th>FMEL_UPD_D</th>
<td>20230127204435</td>
</tr></table></center>]]></description>
<ExtendedData>
<SchemaData schemaUrl="#kml_schema_ft_MRT_EXITS">
<SimpleData name="STATION_NA">EXPO MRT STATION</SimpleData>
<SimpleData name="EXIT_CODE">Exit F</SimpleData>
<SimpleData name="INC_CRC">6E43F01A7FD410B2</SimpleData>
<SimpleData name="FMEL_UPD_D">20230127204435</SimpleData>
</SchemaData>
</ExtendedData>
<Point>
<coordinates>103.96286574628,1.33471194824107,0.0</coordinates>
</Point>
</Placemark>
<Placemark id="kml_389">
<name>kml_389</name>
<snippet> </snippet>
<description><![CDATA[<center><table><tr><th colspan='2' align='center'><em>Attributes</em></th></tr><tr bgcolor="#E3E3F3">
<th>STATION_NA</th>
<td>SPRINGLEAF MRT STATION</td>
</tr><tr bgcolor="">
<th>EXIT_CODE</th>
<td>Exit 2</td>
</tr><tr bgcolor="#E3E3F3">
<th>INC_CRC</th>
<td>CAB3151915361262</td>
</tr><tr bgcolor="">
<th>FMEL_UPD_D</th>
<td>20230127204435</td>
</tr></table></center>]]></description>
<ExtendedData>
<SchemaData schemaUrl="#kml_schema_ft_MRT_EXITS">
<SimpleData name="STATION_NA">SPRINGLEAF MRT STATION</SimpleData>
<SimpleData name="EXIT_CODE">Exit 2</SimpleData>
<SimpleData name="INC_CRC">CAB3151915361262</SimpleData>
<SimpleData name="FMEL_UPD_D">20230127204435</SimpleData>
</SchemaData>
</ExtendedData>
<Point>
<coordinates>103.818390607138,1.39782080405751,0.0</coordinates>
</Point>
</Placemark>
<Placemark id="kml_390">
<name>kml_390</name>
<snippet> </snippet>
<description><![CDATA[<center><table><tr><th colspan='2' align='center'><em>Attributes</em></th></tr><tr bgcolor="#E3E3F3">
<th>STATION_NA</th>
<td>SPRINGLEAF MRT STATION</td>
</tr><tr bgcolor="">
<th>EXIT_CODE</th>
<td>Exit 3</td>
</tr><tr bgcolor="#E3E3F3">
<th>INC_CRC</th>
<td>8D6ED46D4B845735</td>
</tr><tr bgcolor="">
<th>FMEL_UPD_D</th>
<td>20230127204435</td>
</tr></table></center>]]></description>
<ExtendedData>
<SchemaData schemaUrl="#kml_schema_ft_MRT_EXITS">
<SimpleData name="STATION_NA">SPRINGLEAF MRT STATION</SimpleData>
<SimpleData name="EXIT_CODE">Exit 3</SimpleData>
<SimpleData name="INC_CRC">8D6ED46D4B845735</SimpleData>
<SimpleData name="FMEL_UPD_D">20230127204435</SimpleData>
</SchemaData>
</ExtendedData>
<Point>
<coordinates>103.818081623801,1.39768417887856,0.0</coordinates>
</Point>
</Placemark>
<Placemark id="kml_391">
<name>kml_391</name>
<snippet> </snippet>
<description><![CDATA[<center><table><tr><th colspan='2' align='center'><em>Attributes</em></th></tr><tr bgcolor="#E3E3F3">
<th>STATION_NA</th>
<td>WOODLANDS NORTH MRT STATION</td>
</tr><tr bgcolor="">
<th>EXIT_CODE</th>
<td>Exit 1</td>
</tr><tr bgcolor="#E3E3F3">
<th>INC_CRC</th>
<td>469EE4BF80F069CC</td>
</tr><tr bgcolor="">
<th>FMEL_UPD_D</th>
<td>20230127204435</td>
</tr></table></center>]]></description>
<ExtendedData>
<SchemaData schemaUrl="#kml_schema_ft_MRT_EXITS">
<SimpleData name="STATION_NA">WOODLANDS NORTH MRT STATION</SimpleData>
<SimpleData name="EXIT_CODE">Exit 1</SimpleData>
<SimpleData name="INC_CRC">469EE4BF80F069CC</SimpleData>
<SimpleData name="FMEL_UPD_D">20230127204435</SimpleData>
</SchemaData>
</ExtendedData>
<Point>
<coordinates>103.785429080675,1.44793650249651,0.0</coordinates>
</Point>
</Placemark>
<Placemark id="kml_392">
<name>kml_392</name>
<snippet> </snippet>
<description><![CDATA[<center><table><tr><th colspan='2' align='center'><em>Attributes</em></th></tr><tr bgcolor="#E3E3F3">
<th>STATION_NA</th>
<td>WOODLANDS NORTH MRT STATION</td>
</tr><tr bgcolor="">
<th>EXIT_CODE</th>
<td>Exit 2</td>
</tr><tr bgcolor="#E3E3F3">
<th>INC_CRC</th>
<td>72D10D55C51FC3F5</td>
</tr><tr bgcolor="">
<th>FMEL_UPD_D</th>
<td>20230127204435</td>
</tr></table></center>]]></description>
<ExtendedData>
<SchemaData schemaUrl="#kml_schema_ft_MRT_EXITS">
<SimpleData name="STATION_NA">WOODLANDS NORTH MRT STATION</SimpleData>
<SimpleData name="EXIT_CODE">Exit 2</SimpleData>
<SimpleData name="INC_CRC">72D10D55C51FC3F5</SimpleData>
<SimpleData name="FMEL_UPD_D">20230127204435</SimpleData>
</SchemaData>
</ExtendedData>
<Point>
<coordinates>103.785102271425,1.44904729970725,0.0</coordinates>
</Point>
</Placemark>
<Placemark id="kml_393">
<name>kml_393</name>
<snippet> </snippet>
<description><![CDATA[<center><table><tr><th colspan='2' align='center'><em>Attributes</em></th></tr><tr bgcolor="#E3E3F3">
<th>STATION_NA</th>
<td>WOODLANDS MRT STATION</td>
</tr><tr bgcolor="">
<th>EXIT_CODE</th>
<td>Exit 5</td>
</tr><tr bgcolor="#E3E3F3">
<th>INC_CRC</th>
<td>372C516598D98235</td>
</tr><tr bgcolor="">
<th>FMEL_UPD_D</th>
<td>20230127204435</td>
</tr></table></center>]]></description>
<ExtendedData>
<SchemaData schemaUrl="#kml_schema_ft_MRT_EXITS">
<SimpleData name="STATION_NA">WOODLANDS MRT STATION</SimpleData>
<SimpleData name="EXIT_CODE">Exit 5</SimpleData>
<SimpleData name="INC_CRC">372C516598D98235</SimpleData>
<SimpleData name="FMEL_UPD_D">20230127204435</SimpleData>
</SchemaData>
</ExtendedData>
<Point>
<coordinates>103.788964328113,1.43584393593589,0.0</coordinates>
</Point>
</Placemark>
<Placemark id="kml_394">
<name>kml_394</name>
<snippet> </snippet>
<description><![CDATA[<center><table><tr><th colspan='2' align='center'><em>Attributes</em></th></tr><tr bgcolor="#E3E3F3">
<th>STATION_NA</th>
<td>WOODLANDS MRT STATION</td>
</tr><tr bgcolor="">
<th>EXIT_CODE</th>
<td>Exit 7</td>
</tr><tr bgcolor="#E3E3F3">
<th>INC_CRC</th>
<td>AD7053030CB8BF9F</td>
</tr><tr bgcolor="">
<th>FMEL_UPD_D</th>
<td>20230127204435</td>
</tr></table></center>]]></description>
<ExtendedData>
<SchemaData schemaUrl="#kml_schema_ft_MRT_EXITS">
<SimpleData name="STATION_NA">WOODLANDS MRT STATION</SimpleData>
<SimpleData name="EXIT_CODE">Exit 7</SimpleData>
<SimpleData name="INC_CRC">AD7053030CB8BF9F</SimpleData>
<SimpleData name="FMEL_UPD_D">20230127204435</SimpleData>
</SchemaData>
</ExtendedData>
<Point>
<coordinates>103.787976768822,1.43449552583778,0.0</coordinates>
</Point>
</Placemark>
<Placemark id="kml_395">
<name>kml_395</name>
<snippet> </snippet>
<description><![CDATA[<center><table><tr><th colspan='2' align='center'><em>Attributes</em></th></tr><tr bgcolor="#E3E3F3">
<th>STATION_NA</th>
<td>WOODLANDS SOUTH MRT STATION</td>
</tr><tr bgcolor="">
<th>EXIT_CODE</th>
<td>Exit 1</td>
</tr><tr bgcolor="#E3E3F3">
<th>INC_CRC</th>
<td>45D78AD571DA0977</td>
</tr><tr bgcolor="">
<th>FMEL_UPD_D</th>
<td>20230127204435</td>
</tr></table></center>]]></description>
<ExtendedData>
<SchemaData schemaUrl="#kml_schema_ft_MRT_EXITS">
<SimpleData name="STATION_NA">WOODLANDS SOUTH MRT STATION</SimpleData>
<SimpleData name="EXIT_CODE">Exit 1</SimpleData>
<SimpleData name="INC_CRC">45D78AD571DA0977</SimpleData>
<SimpleData name="FMEL_UPD_D">20230127204435</SimpleData>
</SchemaData>
</ExtendedData>
<Point>
<coordinates>103.793027463346,1.4273020172478,0.0</coordinates>
</Point>
</Placemark>
<Placemark id="kml_396">
<name>kml_396</name>
<snippet> </snippet>
<description><![CDATA[<center><table><tr><th colspan='2' align='center'><em>Attributes</em></th></tr><tr bgcolor="#E3E3F3">
<th>STATION_NA</th>
<td>WOODLANDS SOUTH MRT STATION</td>
</tr><tr bgcolor="">
<th>EXIT_CODE</th>
<td>Exit 2</td>
</tr><tr bgcolor="#E3E3F3">
<th>INC_CRC</th>
<td>E9A31A80A570C976</td>
</tr><tr bgcolor="">
<th>FMEL_UPD_D</th>
<td>20230127204435</td>
</tr></table></center>]]></description>
<ExtendedData>
<SchemaData schemaUrl="#kml_schema_ft_MRT_EXITS">
<SimpleData name="STATION_NA">WOODLANDS SOUTH MRT STATION</SimpleData>
<SimpleData name="EXIT_CODE">Exit 2</SimpleData>
<SimpleData name="INC_CRC">E9A31A80A570C976</SimpleData>
<SimpleData name="FMEL_UPD_D">20230127204435</SimpleData>
</SchemaData>
</ExtendedData>
<Point>
<coordinates>103.793413692732,1.42760496413455,0.0</coordinates>
</Point>
</Placemark>
<Placemark id="kml_397">
<name>kml_397</name>
<snippet> </snippet>
<description><![CDATA[<center><table><tr><th colspan='2' align='center'><em>Attributes</em></th></tr><tr bgcolor="#E3E3F3">
<th>STATION_NA</th>
<td>WOODLANDS SOUTH MRT STATION</td>
</tr><tr bgcolor="">
<th>EXIT_CODE</th>
<td>Exit 3</td>
</tr><tr bgcolor="#E3E3F3">
<th>INC_CRC</th>
<td>6518624D5602BB64</td>
</tr><tr bgcolor="">
<th>FMEL_UPD_D</th>
<td>20230127204435</td>
</tr></table></center>]]></description>
<ExtendedData>
<SchemaData schemaUrl="#kml_schema_ft_MRT_EXITS">
<SimpleData name="STATION_NA">WOODLANDS SOUTH MRT STATION</SimpleData>
<SimpleData name="EXIT_CODE">Exit 3</SimpleData>
<SimpleData name="INC_CRC">6518624D5602BB64</SimpleData>
<SimpleData name="FMEL_UPD_D">20230127204435</SimpleData>
</SchemaData>
</ExtendedData>
<Point>
<coordinates>103.794560497858,1.42742676003562,0.0</coordinates>
</Point>
</Placemark>
<Placemark id="kml_398">
<name>kml_398</name>
<snippet> </snippet>
<description><![CDATA[<center><table><tr><th colspan='2' align='center'><em>Attributes</em></th></tr><tr bgcolor="#E3E3F3">
<th>STATION_NA</th>
<td>WOODLANDS SOUTH MRT STATION</td>
</tr><tr bgcolor="">
<th>EXIT_CODE</th>
<td>Exit 4</td>
</tr><tr bgcolor="#E3E3F3">
<th>INC_CRC</th>
<td>2F1F88360B17E436</td>
</tr><tr bgcolor="">
<th>FMEL_UPD_D</th>
<td>20230127204435</td>
</tr></table></center>]]></description>
<ExtendedData>
<SchemaData schemaUrl="#kml_schema_ft_MRT_EXITS">
<SimpleData name="STATION_NA">WOODLANDS SOUTH MRT STATION</SimpleData>
<SimpleData name="EXIT_CODE">Exit 4</SimpleData>
<SimpleData name="INC_CRC">2F1F88360B17E436</SimpleData>
<SimpleData name="FMEL_UPD_D">20230127204435</SimpleData>
</SchemaData>
</ExtendedData>
<Point>
<coordinates>103.794423831787,1.42668424080276,0.0</coordinates>
</Point>
</Placemark>
<Placemark id="kml_399">
<name>kml_399</name>
<snippet> </snippet>
<description><![CDATA[<center><table><tr><th colspan='2' align='center'><em>Attributes</em></th></tr><tr bgcolor="#E3E3F3">
<th>STATION_NA</th>
<td>SPRINGLEAF MRT STATION</td>
</tr><tr bgcolor="">
<th>EXIT_CODE</th>
<td>Exit 1</td>
</tr><tr bgcolor="#E3E3F3">
<th>INC_CRC</th>
<td>122980157DCB57C6</td>
</tr><tr bgcolor="">
<th>FMEL_UPD_D</th>
<td>20230127204435</td>
</tr></table></center>]]></description>
<ExtendedData>
<SchemaData schemaUrl="#kml_schema_ft_MRT_EXITS">
<SimpleData name="STATION_NA">SPRINGLEAF MRT STATION</SimpleData>
<SimpleData name="EXIT_CODE">Exit 1</SimpleData>
<SimpleData name="INC_CRC">122980157DCB57C6</SimpleData>
<SimpleData name="FMEL_UPD_D">20230127204435</SimpleData>
</SchemaData>
</ExtendedData>
<Point>
<coordinates>103.818003414954,1.39878724836535,0.0</coordinates>
</Point>
</Placemark>
<Placemark id="kml_400">
<name>kml_400</name>
<snippet> </snippet>
<description><![CDATA[<center><table><tr><th colspan='2' align='center'><em>Attributes</em></th></tr><tr bgcolor="#E3E3F3">
<th>STATION_NA</th>
<td>LENTOR MRT STATION</td>
</tr><tr bgcolor="">
<th>EXIT_CODE</th>
<td>Exit 2</td>
</tr><tr bgcolor="#E3E3F3">
<th>INC_CRC</th>
<td>1D02FE80AE160F4F</td>
</tr><tr bgcolor="">
<th>FMEL_UPD_D</th>
<td>20230127204435</td>
</tr></table></center>]]></description>
<ExtendedData>
<SchemaData schemaUrl="#kml_schema_ft_MRT_EXITS">
<SimpleData name="STATION_NA">LENTOR MRT STATION</SimpleData>
<SimpleData name="EXIT_CODE">Exit 2</SimpleData>
<SimpleData name="INC_CRC">1D02FE80AE160F4F</SimpleData>
<SimpleData name="FMEL_UPD_D">20230127204435</SimpleData>
</SchemaData>
</ExtendedData>
<Point>
<coordinates>103.835823452024,1.38589099008684,0.0</coordinates>
</Point>
</Placemark>
<Placemark id="kml_401">
<name>kml_401</name>
<snippet> </snippet>
<description><![CDATA[<center><table><tr><th colspan='2' align='center'><em>Attributes</em></th></tr><tr bgcolor="#E3E3F3">
<th>STATION_NA</th>
<td>LENTOR MRT STATION</td>
</tr><tr bgcolor="">
<th>EXIT_CODE</th>
<td>Exit 1</td>
</tr><tr bgcolor="#E3E3F3">
<th>INC_CRC</th>
<td>AD8355986951011E</td>
</tr><tr bgcolor="">
<th>FMEL_UPD_D</th>
<td>20230127204435</td>
</tr></table></center>]]></description>
<ExtendedData>
<SchemaData schemaUrl="#kml_schema_ft_MRT_EXITS">
<SimpleData name="STATION_NA">LENTOR MRT STATION</SimpleData>
<SimpleData name="EXIT_CODE">Exit 1</SimpleData>
<SimpleData name="INC_CRC">AD8355986951011E</SimpleData>
<SimpleData name="FMEL_UPD_D">20230127204435</SimpleData>
</SchemaData>
</ExtendedData>
<Point>
<coordinates>103.835359976701,1.38540982990749,0.0</coordinates>
</Point>
</Placemark>
<Placemark id="kml_402">
<name>kml_402</name>
<snippet> </snippet>
<description><![CDATA[<center><table><tr><th colspan='2' align='center'><em>Attributes</em></th></tr><tr bgcolor="#E3E3F3">
<th>STATION_NA</th>
<td>LENTOR MRT STATION</td>
</tr><tr bgcolor="">
<th>EXIT_CODE</th>
<td>Exit 3</td>
</tr><tr bgcolor="#E3E3F3">
<th>INC_CRC</th>
<td>26CD4A0F04FEAE7A</td>
</tr><tr bgcolor="">
<th>FMEL_UPD_D</th>
<td>20230127204435</td>
</tr></table></center>]]></description>
<ExtendedData>
<SchemaData schemaUrl="#kml_schema_ft_MRT_EXITS">
<SimpleData name="STATION_NA">LENTOR MRT STATION</SimpleData>
<SimpleData name="EXIT_CODE">Exit 3</SimpleData>
<SimpleData name="INC_CRC">26CD4A0F04FEAE7A</SimpleData>
<SimpleData name="FMEL_UPD_D">20230127204435</SimpleData>
</SchemaData>
</ExtendedData>
<Point>
<coordinates>103.837398080029,1.38460195423691,0.0</coordinates>
</Point>
</Placemark>
<Placemark id="kml_403">
<name>kml_403</name>
<snippet> </snippet>
<description><![CDATA[<center><table><tr><th colspan='2' align='center'><em>Attributes</em></th></tr><tr bgcolor="#E3E3F3">
<th>STATION_NA</th>
<td>LENTOR MRT STATION</td>
</tr><tr bgcolor="">
<th>EXIT_CODE</th>
<td>Exit 4</td>
</tr><tr bgcolor="#E3E3F3">
<th>INC_CRC</th>
<td>872548D8089E5C63</td>
</tr><tr bgcolor="">
<th>FMEL_UPD_D</th>
<td>20230127204435</td>
</tr></table></center>]]></description>
<ExtendedData>
<SchemaData schemaUrl="#kml_schema_ft_MRT_EXITS">
<SimpleData name="STATION_NA">LENTOR MRT STATION</SimpleData>
<SimpleData name="EXIT_CODE">Exit 4</SimpleData>
<SimpleData name="INC_CRC">872548D8089E5C63</SimpleData>
<SimpleData name="FMEL_UPD_D">20230127204435</SimpleData>
</SchemaData>
</ExtendedData>
<Point>
<coordinates>103.837338660064,1.3836277515433,0.0</coordinates>
</Point>
</Placemark>
<Placemark id="kml_404">
<name>kml_404</name>
<snippet> </snippet>
<description><![CDATA[<center><table><tr><th colspan='2' align='center'><em>Attributes</em></th></tr><tr bgcolor="#E3E3F3">
<th>STATION_NA</th>
<td>LENTOR MRT STATION</td>
</tr><tr bgcolor="">
<th>EXIT_CODE</th>
<td>Exit 5</td>
</tr><tr bgcolor="#E3E3F3">
<th>INC_CRC</th>
<td>1DBB7D760352881C</td>
</tr><tr bgcolor="">
<th>FMEL_UPD_D</th>
<td>20230127204435</td>
</tr></table></center>]]></description>
<ExtendedData>
<SchemaData schemaUrl="#kml_schema_ft_MRT_EXITS">
<SimpleData name="STATION_NA">LENTOR MRT STATION</SimpleData>
<SimpleData name="EXIT_CODE">Exit 5</SimpleData>
<SimpleData name="INC_CRC">1DBB7D760352881C</SimpleData>
<SimpleData name="FMEL_UPD_D">20230127204435</SimpleData>
</SchemaData>
</ExtendedData>
<Point>
<coordinates>103.836839532696,1.38416237536177,0.0</coordinates>
</Point>
</Placemark>
<Placemark id="kml_405">
<name>kml_405</name>
<snippet> </snippet>
<description><![CDATA[<center><table><tr><th colspan='2' align='center'><em>Attributes</em></th></tr><tr bgcolor="#E3E3F3">
<th>STATION_NA</th>
<td>MAYFLOWER MRT STATION</td>
</tr><tr bgcolor="">
<th>EXIT_CODE</th>
<td>Exit 3</td>
</tr><tr bgcolor="#E3E3F3">
<th>INC_CRC</th>
<td>03D1FF1990E162EB</td>
</tr><tr bgcolor="">
<th>FMEL_UPD_D</th>
<td>20230127204435</td>
</tr></table></center>]]></description>
<ExtendedData>
<SchemaData schemaUrl="#kml_schema_ft_MRT_EXITS">
<SimpleData name="STATION_NA">MAYFLOWER MRT STATION</SimpleData>
<SimpleData name="EXIT_CODE">Exit 3</SimpleData>
<SimpleData name="INC_CRC">03D1FF1990E162EB</SimpleData>
<SimpleData name="FMEL_UPD_D">20230127204435</SimpleData>
</SchemaData>
</ExtendedData>
<Point>
<coordinates>103.837461041245,1.37353209209743,0.0</coordinates>
</Point>
</Placemark>
<Placemark id="kml_406">
<name>kml_406</name>
<snippet> </snippet>
<description><![CDATA[<center><table><tr><th colspan='2' align='center'><em>Attributes</em></th></tr><tr bgcolor="#E3E3F3">
<th>STATION_NA</th>
<td>MAYFLOWER MRT STATION</td>
</tr><tr bgcolor="">
<th>EXIT_CODE</th>
<td>Exit 2</td>
</tr><tr bgcolor="#E3E3F3">
<th>INC_CRC</th>
<td>4F085EF4AAB00599</td>
</tr><tr bgcolor="">
<th>FMEL_UPD_D</th>
<td>20230127204435</td>
</tr></table></center>]]></description>
<ExtendedData>
<SchemaData schemaUrl="#kml_schema_ft_MRT_EXITS">
<SimpleData name="STATION_NA">MAYFLOWER MRT STATION</SimpleData>
<SimpleData name="EXIT_CODE">Exit 2</SimpleData>
<SimpleData name="INC_CRC">4F085EF4AAB00599</SimpleData>
<SimpleData name="FMEL_UPD_D">20230127204435</SimpleData>
</SchemaData>
</ExtendedData>
<Point>
<coordinates>103.837031676998,1.37371976104919,0.0</coordinates>
</Point>
</Placemark>
<Placemark id="kml_407">
<name>kml_407</name>
<snippet> </snippet>
<description><![CDATA[<center><table><tr><th colspan='2' align='center'><em>Attributes</em></th></tr><tr bgcolor="#E3E3F3">
<th>STATION_NA</th>
<td>MAYFLOWER MRT STATION</td>
</tr><tr bgcolor="">
<th>EXIT_CODE</th>
<td>Exit 1</td>
</tr><tr bgcolor="#E3E3F3">
<th>INC_CRC</th>
<td>4C504570F6BC8EC3</td>
</tr><tr bgcolor="">
<th>FMEL_UPD_D</th>
<td>20230127204435</td>
</tr></table></center>]]></description>
<ExtendedData>
<SchemaData schemaUrl="#kml_schema_ft_MRT_EXITS">
<SimpleData name="STATION_NA">MAYFLOWER MRT STATION</SimpleData>
<SimpleData name="EXIT_CODE">Exit 1</SimpleData>
<SimpleData name="INC_CRC">4C504570F6BC8EC3</SimpleData>
<SimpleData name="FMEL_UPD_D">20230127204435</SimpleData>
</SchemaData>
</ExtendedData>
<Point>
<coordinates>103.83671675131,1.37270397234703,0.0</coordinates>
</Point>
</Placemark>
<Placemark id="kml_408">
<name>kml_408</name>
<snippet> </snippet>
<description><![CDATA[<center><table><tr><th colspan='2' align='center'><em>Attributes</em></th></tr><tr bgcolor="#E3E3F3">
<th>STATION_NA</th>
<td>MAYFLOWER MRT STATION</td>
</tr><tr bgcolor="">
<th>EXIT_CODE</th>
<td>Exit 7</td>
</tr><tr bgcolor="#E3E3F3">
<th>INC_CRC</th>
<td>0C15214EBA575804</td>
</tr><tr bgcolor="">
<th>FMEL_UPD_D</th>
<td>20230127204435</td>
</tr></table></center>]]></description>
<ExtendedData>
<SchemaData schemaUrl="#kml_schema_ft_MRT_EXITS">
<SimpleData name="STATION_NA">MAYFLOWER MRT STATION</SimpleData>
<SimpleData name="EXIT_CODE">Exit 7</SimpleData>
<SimpleData name="INC_CRC">0C15214EBA575804</SimpleData>
<SimpleData name="FMEL_UPD_D">20230127204435</SimpleData>
</SchemaData>
</ExtendedData>
<Point>
<coordinates>103.83628496724,1.37137730761848,0.0</coordinates>
</Point>
</Placemark>
<Placemark id="kml_409">
<name>kml_409</name>
<snippet> </snippet>
<description><![CDATA[<center><table><tr><th colspan='2' align='center'><em>Attributes</em></th></tr><tr bgcolor="#E3E3F3">
<th>STATION_NA</th>
<td>MAYFLOWER MRT STATION</td>
</tr><tr bgcolor="">
<th>EXIT_CODE</th>
<td>Exit 4</td>
</tr><tr bgcolor="#E3E3F3">
<th>INC_CRC</th>
<td>AE51C872434B37D7</td>
</tr><tr bgcolor="">
<th>FMEL_UPD_D</th>
<td>20230127204435</td>
</tr></table></center>]]></description>
<ExtendedData>
<SchemaData schemaUrl="#kml_schema_ft_MRT_EXITS">
<SimpleData name="STATION_NA">MAYFLOWER MRT STATION</SimpleData>
<SimpleData name="EXIT_CODE">Exit 4</SimpleData>
<SimpleData name="INC_CRC">AE51C872434B37D7</SimpleData>
<SimpleData name="FMEL_UPD_D">20230127204435</SimpleData>
</SchemaData>
</ExtendedData>
<Point>
<coordinates>103.836795978097,1.37127632290154,0.0</coordinates>
</Point>
</Placemark>
<Placemark id="kml_410">
<name>kml_410</name>
<snippet> </snippet>
<description><![CDATA[<center><table><tr><th colspan='2' align='center'><em>Attributes</em></th></tr><tr bgcolor="#E3E3F3">
<th>STATION_NA</th>
<td>MAYFLOWER MRT STATION</td>
</tr><tr bgcolor="">
<th>EXIT_CODE</th>
<td>Exit 5</td>
</tr><tr bgcolor="#E3E3F3">
<th>INC_CRC</th>
<td>728784A5D5FEAA7A</td>
</tr><tr bgcolor="">
<th>FMEL_UPD_D</th>
<td>20230127204435</td>
</tr></table></center>]]></description>
<ExtendedData>
<SchemaData schemaUrl="#kml_schema_ft_MRT_EXITS">
<SimpleData name="STATION_NA">MAYFLOWER MRT STATION</SimpleData>
<SimpleData name="EXIT_CODE">Exit 5</SimpleData>
<SimpleData name="INC_CRC">728784A5D5FEAA7A</SimpleData>
<SimpleData name="FMEL_UPD_D">20230127204435</SimpleData>
</SchemaData>
</ExtendedData>
<Point>
<coordinates>103.836760326587,1.37077733815485,0.0</coordinates>
</Point>
</Placemark>
<Placemark id="kml_411">
<name>kml_411</name>
<snippet> </snippet>
<description><![CDATA[<center><table><tr><th colspan='2' align='center'><em>Attributes</em></th></tr><tr bgcolor="#E3E3F3">
<th>STATION_NA</th>
<td>MAYFLOWER MRT STATION</td>
</tr><tr bgcolor="">
<th>EXIT_CODE</th>
<td>Exit 6</td>
</tr><tr bgcolor="#E3E3F3">
<th>INC_CRC</th>
<td>64DA1E7B1619F148</td>
</tr><tr bgcolor="">
<th>FMEL_UPD_D</th>
<td>20230127204435</td>
</tr></table></center>]]></description>
<ExtendedData>
<SchemaData schemaUrl="#kml_schema_ft_MRT_EXITS">
<SimpleData name="STATION_NA">MAYFLOWER MRT STATION</SimpleData>
<SimpleData name="EXIT_CODE">Exit 6</SimpleData>
<SimpleData name="INC_CRC">64DA1E7B1619F148</SimpleData>
<SimpleData name="FMEL_UPD_D">20230127204435</SimpleData>
</SchemaData>
</ExtendedData>
<Point>
<coordinates>103.836308734746,1.37089614419322,0.0</coordinates>
</Point>
</Placemark>
<Placemark id="kml_412">
<name>kml_412</name>
<snippet> </snippet>
<description><![CDATA[<center><table><tr><th colspan='2' align='center'><em>Attributes</em></th></tr><tr bgcolor="#E3E3F3">
<th>STATION_NA</th>
<td>BRIGHT HILL MRT STATION</td>
</tr><tr bgcolor="">
<th>EXIT_CODE</th>
<td>Exit 1</td>
</tr><tr bgcolor="#E3E3F3">
<th>INC_CRC</th>
<td>CFB9350F44E8991A</td>
</tr><tr bgcolor="">
<th>FMEL_UPD_D</th>
<td>20230127204435</td>
</tr></table></center>]]></description>
<ExtendedData>
<SchemaData schemaUrl="#kml_schema_ft_MRT_EXITS">
<SimpleData name="STATION_NA">BRIGHT HILL MRT STATION</SimpleData>
<SimpleData name="EXIT_CODE">Exit 1</SimpleData>
<SimpleData name="INC_CRC">CFB9350F44E8991A</SimpleData>
<SimpleData name="FMEL_UPD_D">20230127204435</SimpleData>
</SchemaData>
</ExtendedData>
<Point>
<coordinates>103.833635413994,1.36403718216562,0.0</coordinates>
</Point>
</Placemark>
<Placemark id="kml_413">
<name>kml_413</name>
<snippet> </snippet>
<description><![CDATA[<center><table><tr><th colspan='2' align='center'><em>Attributes</em></th></tr><tr bgcolor="#E3E3F3">
<th>STATION_NA</th>
<td>BRIGHT HILL MRT STATION</td>
</tr><tr bgcolor="">
<th>EXIT_CODE</th>
<td>Exit 2</td>
</tr><tr bgcolor="#E3E3F3">
<th>INC_CRC</th>
<td>F273E9D550B06062</td>
</tr><tr bgcolor="">
<th>FMEL_UPD_D</th>
<td>20230127204435</td>
</tr></table></center>]]></description>
<ExtendedData>
<SchemaData schemaUrl="#kml_schema_ft_MRT_EXITS">
<SimpleData name="STATION_NA">BRIGHT HILL MRT STATION</SimpleData>
<SimpleData name="EXIT_CODE">Exit 2</SimpleData>
<SimpleData name="INC_CRC">F273E9D550B06062</SimpleData>
<SimpleData name="FMEL_UPD_D">20230127204435</SimpleData>
</SchemaData>
</ExtendedData>
<Point>
<coordinates>103.833510631569,1.36328276235517,0.0</coordinates>
</Point>
</Placemark>
<Placemark id="kml_414">
<name>kml_414</name>
<snippet> </snippet>
<description><![CDATA[<center><table><tr><th colspan='2' align='center'><em>Attributes</em></th></tr><tr bgcolor="#E3E3F3">
<th>STATION_NA</th>
<td>BRIGHT HILL MRT STATION</td>
</tr><tr bgcolor="">
<th>EXIT_CODE</th>
<td>Exit 4</td>
</tr><tr bgcolor="#E3E3F3">
<th>INC_CRC</th>
<td>BC4A442B12F99E85</td>
</tr><tr bgcolor="">
<th>FMEL_UPD_D</th>
<td>20230127204435</td>
</tr></table></center>]]></description>
<ExtendedData>
<SchemaData schemaUrl="#kml_schema_ft_MRT_EXITS">
<SimpleData name="STATION_NA">BRIGHT HILL MRT STATION</SimpleData>
<SimpleData name="EXIT_CODE">Exit 4</SimpleData>
<SimpleData name="INC_CRC">BC4A442B12F99E85</SimpleData>
<SimpleData name="FMEL_UPD_D">20230127204435</SimpleData>
</SchemaData>
</ExtendedData>
<Point>
<coordinates>103.831953829452,1.3631639565255,0.0</coordinates>
</Point>
</Placemark>
<Placemark id="kml_415">
<name>kml_415</name>
<snippet> </snippet>
<description><![CDATA[<center><table><tr><th colspan='2' align='center'><em>Attributes</em></th></tr><tr bgcolor="#E3E3F3">
<th>STATION_NA</th>
<td>BRIGHT HILL MRT STATION</td>
</tr><tr bgcolor="">
<th>EXIT_CODE</th>
<td>Exit 3</td>
</tr><tr bgcolor="#E3E3F3">
<th>INC_CRC</th>
<td>2A45076ED986B275</td>
</tr><tr bgcolor="">
<th>FMEL_UPD_D</th>
<td>20230127204435</td>
</tr></table></center>]]></description>
<ExtendedData>
<SchemaData schemaUrl="#kml_schema_ft_MRT_EXITS">
<SimpleData name="STATION_NA">BRIGHT HILL MRT STATION</SimpleData>
<SimpleData name="EXIT_CODE">Exit 3</SimpleData>
<SimpleData name="INC_CRC">2A45076ED986B275</SimpleData>
<SimpleData name="FMEL_UPD_D">20230127204435</SimpleData>
</SchemaData>
</ExtendedData>
<Point>
<coordinates>103.832375711055,1.36218380484981,0.0</coordinates>
</Point>
</Placemark>
<Placemark id="kml_416">
<name>kml_416</name>
<snippet> </snippet>
<description><![CDATA[<center><table><tr><th colspan='2' align='center'><em>Attributes</em></th></tr><tr bgcolor="#E3E3F3">
<th>STATION_NA</th>
<td>UPPER THOMSON MRT STATION</td>
</tr><tr bgcolor="">
<th>EXIT_CODE</th>
<td>Exit 2</td>
</tr><tr bgcolor="#E3E3F3">
<th>INC_CRC</th>
<td>3EA737829473A972</td>
</tr><tr bgcolor="">
<th>FMEL_UPD_D</th>
<td>20230127204435</td>
</tr></table></center>]]></description>
<ExtendedData>
<SchemaData schemaUrl="#kml_schema_ft_MRT_EXITS">
<SimpleData name="STATION_NA">UPPER THOMSON MRT STATION</SimpleData>
<SimpleData name="EXIT_CODE">Exit 2</SimpleData>
<SimpleData name="INC_CRC">3EA737829473A972</SimpleData>
<SimpleData name="FMEL_UPD_D">20230127204435</SimpleData>
</SchemaData>
</ExtendedData>
<Point>
<coordinates>103.831833009004,1.35573657470655,0.0</coordinates>
</Point>
</Placemark>
<Placemark id="kml_417">
<name>kml_417</name>
<snippet> </snippet>
<description><![CDATA[<center><table><tr><th colspan='2' align='center'><em>Attributes</em></th></tr><tr bgcolor="#E3E3F3">
<th>STATION_NA</th>
<td>UPPER THOMSON MRT STATION</td>
</tr><tr bgcolor="">
<th>EXIT_CODE</th>
<td>Exit 1</td>
</tr><tr bgcolor="#E3E3F3">
<th>INC_CRC</th>
<td>02A569EE1B9EC73B</td>
</tr><tr bgcolor="">
<th>FMEL_UPD_D</th>
<td>20230127204435</td>
</tr></table></center>]]></description>
<ExtendedData>
<SchemaData schemaUrl="#kml_schema_ft_MRT_EXITS">
<SimpleData name="STATION_NA">UPPER THOMSON MRT STATION</SimpleData>
<SimpleData name="EXIT_CODE">Exit 1</SimpleData>
<SimpleData name="INC_CRC">02A569EE1B9EC73B</SimpleData>
<SimpleData name="FMEL_UPD_D">20230127204435</SimpleData>
</SchemaData>
</ExtendedData>
<Point>
<coordinates>103.831916196892,1.35483364468235,0.0</coordinates>
</Point>
</Placemark>
<Placemark id="kml_418">
<name>kml_418</name>
<snippet> </snippet>
<description><![CDATA[<center><table><tr><th colspan='2' align='center'><em>Attributes</em></th></tr><tr bgcolor="#E3E3F3">
<th>STATION_NA</th>
<td>UPPER THOMSON MRT STATION</td>
</tr><tr bgcolor="">
<th>EXIT_CODE</th>
<td>Exit 5</td>
</tr><tr bgcolor="#E3E3F3">
<th>INC_CRC</th>
<td>2313E9492AA32861</td>
</tr><tr bgcolor="">
<th>FMEL_UPD_D</th>
<td>20230127204435</td>
</tr></table></center>]]></description>
<ExtendedData>
<SchemaData schemaUrl="#kml_schema_ft_MRT_EXITS">
<SimpleData name="STATION_NA">UPPER THOMSON MRT STATION</SimpleData>
<SimpleData name="EXIT_CODE">Exit 5</SimpleData>
<SimpleData name="INC_CRC">2313E9492AA32861</SimpleData>
<SimpleData name="FMEL_UPD_D">20230127204435</SimpleData>
</SchemaData>
</ExtendedData>
<Point>
<coordinates>103.83263517825,1.35441782186373,0.0</coordinates>
</Point>
</Placemark>
<Placemark id="kml_419">
<name>kml_419</name>
<snippet> </snippet>
<description><![CDATA[<center><table><tr><th colspan='2' align='center'><em>Attributes</em></th></tr><tr bgcolor="#E3E3F3">
<th>STATION_NA</th>
<td>UPPER THOMSON MRT STATION</td>
</tr><tr bgcolor="">
<th>EXIT_CODE</th>
<td>Exit 3</td>
</tr><tr bgcolor="#E3E3F3">
<th>INC_CRC</th>
<td>A00E2C99CAD73E80</td>
</tr><tr bgcolor="">
<th>FMEL_UPD_D</th>
<td>20230127204435</td>
</tr></table></center>]]></description>
<ExtendedData>
<SchemaData schemaUrl="#kml_schema_ft_MRT_EXITS">
<SimpleData name="STATION_NA">UPPER THOMSON MRT STATION</SimpleData>
<SimpleData name="EXIT_CODE">Exit 3</SimpleData>
<SimpleData name="INC_CRC">A00E2C99CAD73E80</SimpleData>
<SimpleData name="FMEL_UPD_D">20230127204435</SimpleData>
</SchemaData>
</ExtendedData>
<Point>
<coordinates>103.833924590606,1.35414456637885,0.0</coordinates>
</Point>
</Placemark>
<Placemark id="kml_420">
<name>kml_420</name>
<snippet> </snippet>
<description><![CDATA[<center><table><tr><th colspan='2' align='center'><em>Attributes</em></th></tr><tr bgcolor="#E3E3F3">
<th>STATION_NA</th>
<td>UPPER THOMSON MRT STATION</td>
</tr><tr bgcolor="">
<th>EXIT_CODE</th>
<td>Exit 4</td>
</tr><tr bgcolor="#E3E3F3">
<th>INC_CRC</th>
<td>7A835D396BF0703F</td>
</tr><tr bgcolor="">
<th>FMEL_UPD_D</th>
<td>20230127204435</td>
</tr></table></center>]]></description>
<ExtendedData>
<SchemaData schemaUrl="#kml_schema_ft_MRT_EXITS">
<SimpleData name="STATION_NA">UPPER THOMSON MRT STATION</SimpleData>
<SimpleData name="EXIT_CODE">Exit 4</SimpleData>
<SimpleData name="INC_CRC">7A835D396BF0703F</SimpleData>
<SimpleData name="FMEL_UPD_D">20230127204435</SimpleData>
</SchemaData>
</ExtendedData>
<Point>
<coordinates>103.833793867314,1.35350301029652,0.0</coordinates>
</Point>
</Placemark>
<Placemark id="kml_421">
<name>kml_421</name>
<snippet> </snippet>
<description><![CDATA[<center><table><tr><th colspan='2' align='center'><em>Attributes</em></th></tr><tr bgcolor="#E3E3F3">
<th>STATION_NA</th>
<td>CALDECOTT MRT STATION</td>
</tr><tr bgcolor="">
<th>EXIT_CODE</th>
<td>Exit 2</td>
</tr><tr bgcolor="#E3E3F3">
<th>INC_CRC</th>
<td>00BCCDD48A0A19AB</td>
</tr><tr bgcolor="">
<th>FMEL_UPD_D</th>
<td>20230127204435</td>
</tr></table></center>]]></description>
<ExtendedData>
<SchemaData schemaUrl="#kml_schema_ft_MRT_EXITS">
<SimpleData name="STATION_NA">CALDECOTT MRT STATION</SimpleData>
<SimpleData name="EXIT_CODE">Exit 2</SimpleData>
<SimpleData name="INC_CRC">00BCCDD48A0A19AB</SimpleData>
<SimpleData name="FMEL_UPD_D">20230127204435</SimpleData>
</SchemaData>
</ExtendedData>
<Point>
<coordinates>103.840387499238,1.33825972994181,0.0</coordinates>
</Point>
</Placemark>
<Placemark id="kml_422">
<name>kml_422</name>
<snippet> </snippet>
<description><![CDATA[<center><table><tr><th colspan='2' align='center'><em>Attributes</em></th></tr><tr bgcolor="#E3E3F3">
<th>STATION_NA</th>
<td>CALDECOTT MRT STATION</td>
</tr><tr bgcolor="">
<th>EXIT_CODE</th>
<td>Exit 3</td>
</tr><tr bgcolor="#E3E3F3">
<th>INC_CRC</th>
<td>857DEE03468202D9</td>
</tr><tr bgcolor="">
<th>FMEL_UPD_D</th>
<td>20230127204435</td>
</tr></table></center>]]></description>
<ExtendedData>
<SchemaData schemaUrl="#kml_schema_ft_MRT_EXITS">
<SimpleData name="STATION_NA">CALDECOTT MRT STATION</SimpleData>
<SimpleData name="EXIT_CODE">Exit 3</SimpleData>
<SimpleData name="INC_CRC">857DEE03468202D9</SimpleData>
<SimpleData name="FMEL_UPD_D">20230127204435</SimpleData>
</SchemaData>
</ExtendedData>
<Point>
<coordinates>103.840464745299,1.33783202317926,0.0</coordinates>
</Point>
</Placemark>
<Placemark id="kml_423">
<name>kml_423</name>
<snippet> </snippet>
<description><![CDATA[<center><table><tr><th colspan='2' align='center'><em>Attributes</em></th></tr><tr bgcolor="#E3E3F3">
<th>STATION_NA</th>
<td>CALDECOTT MRT STATION</td>
</tr><tr bgcolor="">
<th>EXIT_CODE</th>
<td>Exit 4</td>
</tr><tr bgcolor="#E3E3F3">
<th>INC_CRC</th>
<td>907574C903E3C5B1</td>
</tr><tr bgcolor="">
<th>FMEL_UPD_D</th>
<td>20230127204435</td>
</tr></table></center>]]></description>
<ExtendedData>
<SchemaData schemaUrl="#kml_schema_ft_MRT_EXITS">
<SimpleData name="STATION_NA">CALDECOTT MRT STATION</SimpleData>
<SimpleData name="EXIT_CODE">Exit 4</SimpleData>
<SimpleData name="INC_CRC">907574C903E3C5B1</SimpleData>
<SimpleData name="FMEL_UPD_D">20230127204435</SimpleData>
</SchemaData>
</ExtendedData>
<Point>
<coordinates>103.839882429752,1.33675087511065,0.0</coordinates>
</Point>
</Placemark>
<Placemark id="kml_424">
<name>kml_424</name>
<snippet> </snippet>
<description><![CDATA[<center><table><tr><th colspan='2' align='center'><em>Attributes</em></th></tr><tr bgcolor="#E3E3F3">
<th>STATION_NA</th>
<td>CANBERRA MRT STATION</td>
</tr><tr bgcolor="">
<th>EXIT_CODE</th>
<td>Exit D</td>
</tr><tr bgcolor="#E3E3F3">
<th>INC_CRC</th>
<td>DD34E7FB97694745</td>
</tr><tr bgcolor="">
<th>FMEL_UPD_D</th>
<td>20230127204435</td>
</tr></table></center>]]></description>
<ExtendedData>
<SchemaData schemaUrl="#kml_schema_ft_MRT_EXITS">
<SimpleData name="STATION_NA">CANBERRA MRT STATION</SimpleData>
<SimpleData name="EXIT_CODE">Exit D</SimpleData>
<SimpleData name="INC_CRC">DD34E7FB97694745</SimpleData>
<SimpleData name="FMEL_UPD_D">20230127204435</SimpleData>
</SchemaData>
</ExtendedData>
<Point>
<coordinates>103.829254643947,1.44351133884481,0.0</coordinates>
</Point>
</Placemark>
<Placemark id="kml_425">
<name>kml_425</name>
<snippet> </snippet>
<description><![CDATA[<center><table><tr><th colspan='2' align='center'><em>Attributes</em></th></tr><tr bgcolor="#E3E3F3">
<th>STATION_NA</th>
<td>CANBERRA MRT STATION</td>
</tr><tr bgcolor="">
<th>EXIT_CODE</th>
<td>Exit A</td>
</tr><tr bgcolor="#E3E3F3">
<th>INC_CRC</th>
<td>749D0975B17D266E</td>
</tr><tr bgcolor="">
<th>FMEL_UPD_D</th>
<td>20230127204435</td>
</tr></table></center>]]></description>
<ExtendedData>
<SchemaData schemaUrl="#kml_schema_ft_MRT_EXITS">
<SimpleData name="STATION_NA">CANBERRA MRT STATION</SimpleData>
<SimpleData name="EXIT_CODE">Exit A</SimpleData>
<SimpleData name="INC_CRC">749D0975B17D266E</SimpleData>
<SimpleData name="FMEL_UPD_D">20230127204435</SimpleData>
</SchemaData>
</ExtendedData>
<Point>
<coordinates>103.829527975861,1.44363014106056,0.0</coordinates>
</Point>
</Placemark>
<Placemark id="kml_426">
<name>kml_426</name>
<snippet> </snippet>
<description><![CDATA[<center><table><tr><th colspan='2' align='center'><em>Attributes</em></th></tr><tr bgcolor="#E3E3F3">
<th>STATION_NA</th>
<td>CANBERRA MRT STATION</td>
</tr><tr bgcolor="">
<th>EXIT_CODE</th>
<td>Exit C</td>
</tr><tr bgcolor="#E3E3F3">
<th>INC_CRC</th>
<td>B2A3B66D0D93D04A</td>
</tr><tr bgcolor="">
<th>FMEL_UPD_D</th>
<td>20230127204435</td>
</tr></table></center>]]></description>
<ExtendedData>
<SchemaData schemaUrl="#kml_schema_ft_MRT_EXITS">
<SimpleData name="STATION_NA">CANBERRA MRT STATION</SimpleData>
<SimpleData name="EXIT_CODE">Exit C</SimpleData>
<SimpleData name="INC_CRC">B2A3B66D0D93D04A</SimpleData>
<SimpleData name="FMEL_UPD_D">20230127204435</SimpleData>
</SchemaData>
</ExtendedData>
<Point>
<coordinates>103.829700293337,1.44280446541205,0.0</coordinates>
</Point>
</Placemark>
<Placemark id="kml_427">
<name>kml_427</name>
<snippet> </snippet>
<description><![CDATA[<center><table><tr><th colspan='2' align='center'><em>Attributes</em></th></tr><tr bgcolor="#E3E3F3">
<th>STATION_NA</th>
<td>CANBERRA MRT STATION</td>
</tr><tr bgcolor="">
<th>EXIT_CODE</th>
<td>Exit B</td>
</tr><tr bgcolor="#E3E3F3">
<th>INC_CRC</th>
<td>5CC317629EEEF874</td>
</tr><tr bgcolor="">
<th>FMEL_UPD_D</th>
<td>20230127204435</td>
</tr></table></center>]]></description>
<ExtendedData>
<SchemaData schemaUrl="#kml_schema_ft_MRT_EXITS">
<SimpleData name="STATION_NA">CANBERRA MRT STATION</SimpleData>
<SimpleData name="EXIT_CODE">Exit B</SimpleData>
<SimpleData name="INC_CRC">5CC317629EEEF874</SimpleData>
<SimpleData name="FMEL_UPD_D">20230127204435</SimpleData>
</SchemaData>
</ExtendedData>
<Point>
<coordinates>103.829961741209,1.44293514818295,0.0</coordinates>
</Point>
</Placemark>
<Placemark id="kml_428">
<name>kml_428</name>
<snippet> </snippet>
<description><![CDATA[<center><table><tr><th colspan='2' align='center'><em>Attributes</em></th></tr><tr bgcolor="#E3E3F3">
<th>STATION_NA</th>
<td>CANBERRA MRT STATION</td>
</tr><tr bgcolor="">
<th>EXIT_CODE</th>
<td>Exit E</td>
</tr><tr bgcolor="#E3E3F3">
<th>INC_CRC</th>
<td>9BEA4511424691E9</td>
</tr><tr bgcolor="">
<th>FMEL_UPD_D</th>
<td>20230127204435</td>
</tr></table></center>]]></description>
<ExtendedData>
<SchemaData schemaUrl="#kml_schema_ft_MRT_EXITS">
<SimpleData name="STATION_NA">CANBERRA MRT STATION</SimpleData>
<SimpleData name="EXIT_CODE">Exit E</SimpleData>
<SimpleData name="INC_CRC">9BEA4511424691E9</SimpleData>
<SimpleData name="FMEL_UPD_D">20230127204435</SimpleData>
</SchemaData>
</ExtendedData>
<Point>
<coordinates>103.830116233173,1.44325591355701,0.0</coordinates>
</Point>
</Placemark>
<Placemark id="kml_429">
<name>kml_429</name>
<snippet> </snippet>
<description><![CDATA[<center><table><tr><th colspan='2' align='center'><em>Attributes</em></th></tr><tr bgcolor="#E3E3F3">
<th>STATION_NA</th>
<td>WOODLANDS MRT STATION</td>
</tr><tr bgcolor="">
<th>EXIT_CODE</th>
<td>Exit 2</td>
</tr><tr bgcolor="#E3E3F3">
<th>INC_CRC</th>
<td>A981B455F405BCC2</td>
</tr><tr bgcolor="">
<th>FMEL_UPD_D</th>
<td>20230127204435</td>
</tr></table></center>]]></description>
<ExtendedData>
<SchemaData schemaUrl="#kml_schema_ft_MRT_EXITS">
<SimpleData name="STATION_NA">WOODLANDS MRT STATION</SimpleData>
<SimpleData name="EXIT_CODE">Exit 2</SimpleData>
<SimpleData name="INC_CRC">A981B455F405BCC2</SimpleData>
<SimpleData name="FMEL_UPD_D">20230127204435</SimpleData>
</SchemaData>
</ExtendedData>
<Point>
<coordinates>103.786508083762,1.43667311468753,0.0</coordinates>
</Point>
</Placemark>
<Placemark id="kml_430">
<name>kml_430</name>
<snippet> </snippet>
<description><![CDATA[<center><table><tr><th colspan='2' align='center'><em>Attributes</em></th></tr><tr bgcolor="#E3E3F3">
<th>STATION_NA</th>
<td>WOODLANDS MRT STATION</td>
</tr><tr bgcolor="">
<th>EXIT_CODE</th>
<td>Exit 3</td>
</tr><tr bgcolor="#E3E3F3">
<th>INC_CRC</th>
<td>ABE9AA34AD7D1F14</td>
</tr><tr bgcolor="">
<th>FMEL_UPD_D</th>
<td>20230127204435</td>
</tr></table></center>]]></description>
<ExtendedData>
<SchemaData schemaUrl="#kml_schema_ft_MRT_EXITS">
<SimpleData name="STATION_NA">WOODLANDS MRT STATION</SimpleData>
<SimpleData name="EXIT_CODE">Exit 3</SimpleData>
<SimpleData name="INC_CRC">ABE9AA34AD7D1F14</SimpleData>
<SimpleData name="FMEL_UPD_D">20230127204435</SimpleData>
</SchemaData>
</ExtendedData>
<Point>
<coordinates>103.787108225411,1.43724336703986,0.0</coordinates>
</Point>
</Placemark>
<Placemark id="kml_431">
<name>kml_431</name>
<snippet> </snippet>
<description><![CDATA[<center><table><tr><th colspan='2' align='center'><em>Attributes</em></th></tr><tr bgcolor="#E3E3F3">
<th>STATION_NA</th>
<td>WOODLANDS MRT STATION</td>
</tr><tr bgcolor="">
<th>EXIT_CODE</th>
<td>Exit 4</td>
</tr><tr bgcolor="#E3E3F3">
<th>INC_CRC</th>
<td>D82504FE62821345</td>
</tr><tr bgcolor="">
<th>FMEL_UPD_D</th>
<td>20230127204435</td>
</tr></table></center>]]></description>
<ExtendedData>
<SchemaData schemaUrl="#kml_schema_ft_MRT_EXITS">
<SimpleData name="STATION_NA">WOODLANDS MRT STATION</SimpleData>
<SimpleData name="EXIT_CODE">Exit 4</SimpleData>
<SimpleData name="INC_CRC">D82504FE62821345</SimpleData>
<SimpleData name="FMEL_UPD_D">20230127204435</SimpleData>
</SchemaData>
</ExtendedData>
<Point>
<coordinates>103.788005465669,1.43754037357975,0.0</coordinates>
</Point>
</Placemark>
<Placemark id="kml_432">
<name>kml_432</name>
<snippet> </snippet>
<description><![CDATA[<center><table><tr><th colspan='2' align='center'><em>Attributes</em></th></tr><tr bgcolor="#E3E3F3">
<th>STATION_NA</th>
<td>WOODLANDS MRT STATION</td>
</tr><tr bgcolor="">
<th>EXIT_CODE</th>
<td>Exit 1</td>
</tr><tr bgcolor="#E3E3F3">
<th>INC_CRC</th>
<td>5CB3F601FBDF6CC4</td>
</tr><tr bgcolor="">
<th>FMEL_UPD_D</th>
<td>20230127204435</td>
</tr></table></center>]]></description>
<ExtendedData>
<SchemaData schemaUrl="#kml_schema_ft_MRT_EXITS">
<SimpleData name="STATION_NA">WOODLANDS MRT STATION</SimpleData>
<SimpleData name="EXIT_CODE">Exit 1</SimpleData>
<SimpleData name="INC_CRC">5CB3F601FBDF6CC4</SimpleData>
<SimpleData name="FMEL_UPD_D">20230127204435</SimpleData>
</SchemaData>
</ExtendedData>
<Point>
<coordinates>103.785735624465,1.43669687524624,0.0</coordinates>
</Point>
</Placemark>
<Placemark id="kml_433">
<name>kml_433</name>
<snippet> </snippet>
<description><![CDATA[<center><table><tr><th colspan='2' align='center'><em>Attributes</em></th></tr><tr bgcolor="#E3E3F3">
<th>STATION_NA</th>
<td>WOODLANDS MRT STATION</td>
</tr><tr bgcolor="">
<th>EXIT_CODE</th>
<td>Exit 6</td>
</tr><tr bgcolor="#E3E3F3">
<th>INC_CRC</th>
<td>F7F55451430108C4</td>
</tr><tr bgcolor="">
<th>FMEL_UPD_D</th>
<td>20230127204435</td>
</tr></table></center>]]></description>
<ExtendedData>
<SchemaData schemaUrl="#kml_schema_ft_MRT_EXITS">
<SimpleData name="STATION_NA">WOODLANDS MRT STATION</SimpleData>
<SimpleData name="EXIT_CODE">Exit 6</SimpleData>
<SimpleData name="INC_CRC">F7F55451430108C4</SimpleData>
<SimpleData name="FMEL_UPD_D">20230127204435</SimpleData>
</SchemaData>
</ExtendedData>
<Point>
<coordinates>103.789089109752,1.43481517513889,0.0</coordinates>
</Point>
</Placemark>
<Placemark id="kml_434">
<name>kml_434</name>
<snippet> </snippet>
<description><![CDATA[<center><table><tr><th colspan='2' align='center'><em>Attributes</em></th></tr><tr bgcolor="#E3E3F3">
<th>STATION_NA</th>
<td>WOODLANDS SOUTH MRT STATION</td>
</tr><tr bgcolor="">
<th>EXIT_CODE</th>
<td>Exit 5</td>
</tr><tr bgcolor="#E3E3F3">
<th>INC_CRC</th>
<td>DADA67E3382ACDE0</td>
</tr><tr bgcolor="">
<th>FMEL_UPD_D</th>
<td>20230127204435</td>
</tr></table></center>]]></description>
<ExtendedData>
<SchemaData schemaUrl="#kml_schema_ft_MRT_EXITS">
<SimpleData name="STATION_NA">WOODLANDS SOUTH MRT STATION</SimpleData>
<SimpleData name="EXIT_CODE">Exit 5</SimpleData>
<SimpleData name="INC_CRC">DADA67E3382ACDE0</SimpleData>
<SimpleData name="FMEL_UPD_D">20230127204435</SimpleData>
</SchemaData>
</ExtendedData>
<Point>
<coordinates>103.79436521102,1.42584338690928,0.0</coordinates>
</Point>
</Placemark>
<Placemark id="kml_435">
<name>kml_435</name>
<snippet> </snippet>
<description><![CDATA[<center><table><tr><th colspan='2' align='center'><em>Attributes</em></th></tr><tr bgcolor="#E3E3F3">
<th>STATION_NA</th>
<td>FERNVALE LRT STATION</td>
</tr><tr bgcolor="">
<th>EXIT_CODE</th>
<td>Exit A</td>
</tr><tr bgcolor="#E3E3F3">
<th>INC_CRC</th>
<td>92D152D45E445F84</td>
</tr><tr bgcolor="">
<th>FMEL_UPD_D</th>
<td>20230127204435</td>
</tr></table></center>]]></description>
<ExtendedData>
<SchemaData schemaUrl="#kml_schema_ft_MRT_EXITS">
<SimpleData name="STATION_NA">FERNVALE LRT STATION</SimpleData>
<SimpleData name="EXIT_CODE">Exit A</SimpleData>
<SimpleData name="INC_CRC">92D152D45E445F84</SimpleData>
<SimpleData name="FMEL_UPD_D">20230127204435</SimpleData>
</SchemaData>
</ExtendedData>
<Point>
<coordinates>103.876261653892,1.3921582676261,0.0</coordinates>
</Point>
</Placemark>
<Placemark id="kml_436">
<name>kml_436</name>
<snippet> </snippet>
<description><![CDATA[<center><table><tr><th colspan='2' align='center'><em>Attributes</em></th></tr><tr bgcolor="#E3E3F3">
<th>STATION_NA</th>
<td>BUKIT PANJANG LRT STATION</td>
</tr><tr bgcolor="">
<th>EXIT_CODE</th>
<td>Exit C</td>
</tr><tr bgcolor="#E3E3F3">
<th>INC_CRC</th>
<td>C1FCA2C604034AB0</td>
</tr><tr bgcolor="">
<th>FMEL_UPD_D</th>
<td>20230127204435</td>
</tr></table></center>]]></description>
<ExtendedData>
<SchemaData schemaUrl="#kml_schema_ft_MRT_EXITS">
<SimpleData name="STATION_NA">BUKIT PANJANG LRT STATION</SimpleData>
<SimpleData name="EXIT_CODE">Exit C</SimpleData>
<SimpleData name="INC_CRC">C1FCA2C604034AB0</SimpleData>
<SimpleData name="FMEL_UPD_D">20230127204435</SimpleData>
</SchemaData>
</ExtendedData>
<Point>
<coordinates>103.762722523556,1.37792792775255,0.0</coordinates>
</Point>
</Placemark>
<Placemark id="kml_437">
<name>kml_437</name>
<snippet> </snippet>
<description><![CDATA[<center><table><tr><th colspan='2' align='center'><em>Attributes</em></th></tr><tr bgcolor="#E3E3F3">
<th>STATION_NA</th>
<td>BUKIT PANJANG LRT STATION</td>
</tr><tr bgcolor="">
<th>EXIT_CODE</th>
<td>Exit D</td>
</tr><tr bgcolor="#E3E3F3">
<th>INC_CRC</th>
<td>0D013B4A269EF17B</td>
</tr><tr bgcolor="">
<th>FMEL_UPD_D</th>
<td>20230127204435</td>
</tr></table></center>]]></description>
<ExtendedData>
<SchemaData schemaUrl="#kml_schema_ft_MRT_EXITS">
<SimpleData name="STATION_NA">BUKIT PANJANG LRT STATION</SimpleData>
<SimpleData name="EXIT_CODE">Exit D</SimpleData>
<SimpleData name="INC_CRC">0D013B4A269EF17B</SimpleData>
<SimpleData name="FMEL_UPD_D">20230127204435</SimpleData>
</SchemaData>
</ExtendedData>
<Point>
<coordinates>103.763251851956,1.37802410264834,0.0</coordinates>
</Point>
</Placemark>
<Placemark id="kml_438">
<name>kml_438</name>
<snippet> </snippet>
<description><![CDATA[<center><table><tr><th colspan='2' align='center'><em>Attributes</em></th></tr><tr bgcolor="#E3E3F3">
<th>STATION_NA</th>
<td>TANAH MERAH MRT STATION</td>
</tr><tr bgcolor="">
<th>EXIT_CODE</th>
<td>Exit B</td>
</tr><tr bgcolor="#E3E3F3">
<th>INC_CRC</th>
<td>A923EE234A94C8FF</td>
</tr><tr bgcolor="">
<th>FMEL_UPD_D</th>
<td>20230127204435</td>
</tr></table></center>]]></description>
<ExtendedData>
<SchemaData schemaUrl="#kml_schema_ft_MRT_EXITS">
<SimpleData name="STATION_NA">TANAH MERAH MRT STATION</SimpleData>
<SimpleData name="EXIT_CODE">Exit B</SimpleData>
<SimpleData name="INC_CRC">A923EE234A94C8FF</SimpleData>
<SimpleData name="FMEL_UPD_D">20230127204435</SimpleData>
</SchemaData>
</ExtendedData>
<Point>
<coordinates>103.945723041582,1.32706127581436,0.0</coordinates>
</Point>
</Placemark>
<Placemark id="kml_439">
<name>kml_439</name>
<snippet> </snippet>
<description><![CDATA[<center><table><tr><th colspan='2' align='center'><em>Attributes</em></th></tr><tr bgcolor="#E3E3F3">
<th>STATION_NA</th>
<td>TANAH MERAH MRT STATION</td>
</tr><tr bgcolor="">
<th>EXIT_CODE</th>
<td>Exit A</td>
</tr><tr bgcolor="#E3E3F3">
<th>INC_CRC</th>
<td>36F95FB516EC35CE</td>
</tr><tr bgcolor="">
<th>FMEL_UPD_D</th>
<td>20230127204435</td>
</tr></table></center>]]></description>
<ExtendedData>
<SchemaData schemaUrl="#kml_schema_ft_MRT_EXITS">
<SimpleData name="STATION_NA">TANAH MERAH MRT STATION</SimpleData>
<SimpleData name="EXIT_CODE">Exit A</SimpleData>
<SimpleData name="INC_CRC">36F95FB516EC35CE</SimpleData>
<SimpleData name="FMEL_UPD_D">20230127204435</SimpleData>
</SchemaData>
</ExtendedData>
<Point>
<coordinates>103.945794727929,1.32685774838818,0.0</coordinates>
</Point>
</Placemark>
<Placemark id="kml_440">
<name>kml_440</name>
<snippet> </snippet>
<description><![CDATA[<center><table><tr><th colspan='2' align='center'><em>Attributes</em></th></tr><tr bgcolor="#E3E3F3">
<th>STATION_NA</th>
<td>CLEMENTI MRT STATION</td>
</tr><tr bgcolor="">
<th>EXIT_CODE</th>
<td>Exit A</td>
</tr><tr bgcolor="#E3E3F3">
<th>INC_CRC</th>
<td>A9519BF912A2133C</td>
</tr><tr bgcolor="">
<th>FMEL_UPD_D</th>
<td>20230127204435</td>
</tr></table></center>]]></description>
<ExtendedData>
<SchemaData schemaUrl="#kml_schema_ft_MRT_EXITS">
<SimpleData name="STATION_NA">CLEMENTI MRT STATION</SimpleData>
<SimpleData name="EXIT_CODE">Exit A</SimpleData>
<SimpleData name="INC_CRC">A9519BF912A2133C</SimpleData>
<SimpleData name="FMEL_UPD_D">20230127204435</SimpleData>
</SchemaData>
</ExtendedData>
<Point>
<coordinates>103.764982102595,1.31537355787444,0.0</coordinates>
</Point>
</Placemark>
<Placemark id="kml_441">
<name>kml_441</name>
<snippet> </snippet>
<description><![CDATA[<center><table><tr><th colspan='2' align='center'><em>Attributes</em></th></tr><tr bgcolor="#E3E3F3">
<th>STATION_NA</th>
<td>CLEMENTI MRT STATION</td>
</tr><tr bgcolor="">
<th>EXIT_CODE</th>
<td>Exit B</td>
</tr><tr bgcolor="#E3E3F3">
<th>INC_CRC</th>
<td>B7D91BDACAA183E1</td>
</tr><tr bgcolor="">
<th>FMEL_UPD_D</th>
<td>20230127204435</td>
</tr></table></center>]]></description>
<ExtendedData>
<SchemaData schemaUrl="#kml_schema_ft_MRT_EXITS">
<SimpleData name="STATION_NA">CLEMENTI MRT STATION</SimpleData>
<SimpleData name="EXIT_CODE">Exit B</SimpleData>
<SimpleData name="INC_CRC">B7D91BDACAA183E1</SimpleData>
<SimpleData name="FMEL_UPD_D">20230127204435</SimpleData>
</SchemaData>
</ExtendedData>
<Point>
<coordinates>103.765185566729,1.31546912943168,0.0</coordinates>
</Point>
</Placemark>
<Placemark id="kml_442">
<name>kml_442</name>
<snippet> </snippet>
<description><![CDATA[<center><table><tr><th colspan='2' align='center'><em>Attributes</em></th></tr><tr bgcolor="#E3E3F3">
<th>STATION_NA</th>
<td>BUONA VISTA MRT STATION</td>
</tr><tr bgcolor="">
<th>EXIT_CODE</th>
<td>Exit A</td>
</tr><tr bgcolor="#E3E3F3">
<th>INC_CRC</th>
<td>EE2D2107B28FC4C5</td>
</tr><tr bgcolor="">
<th>FMEL_UPD_D</th>
<td>20230127204435</td>
</tr></table></center>]]></description>
<ExtendedData>
<SchemaData schemaUrl="#kml_schema_ft_MRT_EXITS">
<SimpleData name="STATION_NA">BUONA VISTA MRT STATION</SimpleData>
<SimpleData name="EXIT_CODE">Exit A</SimpleData>
<SimpleData name="INC_CRC">EE2D2107B28FC4C5</SimpleData>
<SimpleData name="FMEL_UPD_D">20230127204435</SimpleData>
</SchemaData>
</ExtendedData>
<Point>
<coordinates>103.790449175303,1.30730945077024,0.0</coordinates>
</Point>
</Placemark>
<Placemark id="kml_443">
<name>kml_443</name>
<snippet> </snippet>
<description><![CDATA[<center><table><tr><th colspan='2' align='center'><em>Attributes</em></th></tr><tr bgcolor="#E3E3F3">
<th>STATION_NA</th>
<td>BUONA VISTA MRT STATION</td>
</tr><tr bgcolor="">
<th>EXIT_CODE</th>
<td>Exit B</td>
</tr><tr bgcolor="#E3E3F3">
<th>INC_CRC</th>
<td>95621469AB2856E4</td>
</tr><tr bgcolor="">
<th>FMEL_UPD_D</th>
<td>20230127204435</td>
</tr></table></center>]]></description>
<ExtendedData>
<SchemaData schemaUrl="#kml_schema_ft_MRT_EXITS">
<SimpleData name="STATION_NA">BUONA VISTA MRT STATION</SimpleData>
<SimpleData name="EXIT_CODE">Exit B</SimpleData>
<SimpleData name="INC_CRC">95621469AB2856E4</SimpleData>
<SimpleData name="FMEL_UPD_D">20230127204435</SimpleData>
</SchemaData>
</ExtendedData>
<Point>
<coordinates>103.790656619433,1.30719725705854,0.0</coordinates>
</Point>
</Placemark>
<Placemark id="kml_444">
<name>kml_444</name>
<snippet> </snippet>
<description><![CDATA[<center><table><tr><th colspan='2' align='center'><em>Attributes</em></th></tr><tr bgcolor="#E3E3F3">
<th>STATION_NA</th>
<td>BUONA VISTA MRT STATION</td>
</tr><tr bgcolor="">
<th>EXIT_CODE</th>
<td>Exit C</td>
</tr><tr bgcolor="#E3E3F3">
<th>INC_CRC</th>
<td>F92A8D113B600232</td>
</tr><tr bgcolor="">
<th>FMEL_UPD_D</th>
<td>20230127204435</td>
</tr></table></center>]]></description>
<ExtendedData>
<SchemaData schemaUrl="#kml_schema_ft_MRT_EXITS">
<SimpleData name="STATION_NA">BUONA VISTA MRT STATION</SimpleData>
<SimpleData name="EXIT_CODE">Exit C</SimpleData>
<SimpleData name="INC_CRC">F92A8D113B600232</SimpleData>
<SimpleData name="FMEL_UPD_D">20230127204435</SimpleData>
</SchemaData>
</ExtendedData>
<Point>
<coordinates>103.79059939037,1.30691288861046,0.0</coordinates>
</Point>
</Placemark>
<Placemark id="kml_445">
<name>kml_445</name>
<snippet> </snippet>
<description><![CDATA[<center><table><tr><th colspan='2' align='center'><em>Attributes</em></th></tr><tr bgcolor="#E3E3F3">
<th>STATION_NA</th>
<td>QUEENSTOWN MRT STATION</td>
</tr><tr bgcolor="">
<th>EXIT_CODE</th>
<td>Exit B</td>
</tr><tr bgcolor="#E3E3F3">
<th>INC_CRC</th>
<td>C54B2E9241AC7587</td>
</tr><tr bgcolor="">
<th>FMEL_UPD_D</th>
<td>20230127204435</td>
</tr></table></center>]]></description>
<ExtendedData>
<SchemaData schemaUrl="#kml_schema_ft_MRT_EXITS">
<SimpleData name="STATION_NA">QUEENSTOWN MRT STATION</SimpleData>
<SimpleData name="EXIT_CODE">Exit B</SimpleData>
<SimpleData name="INC_CRC">C54B2E9241AC7587</SimpleData>
<SimpleData name="FMEL_UPD_D">20230127204435</SimpleData>
</SchemaData>
</ExtendedData>
<Point>
<coordinates>103.806311472758,1.29432990890605,0.0</coordinates>
</Point>
</Placemark>
<Placemark id="kml_446">
<name>kml_446</name>
<snippet> </snippet>
<description><![CDATA[<center><table><tr><th colspan='2' align='center'><em>Attributes</em></th></tr><tr bgcolor="#E3E3F3">
<th>STATION_NA</th>
<td>CHENG LIM LRT STATION</td>
</tr><tr bgcolor="">
<th>EXIT_CODE</th>
<td>Exit A</td>
</tr><tr bgcolor="#E3E3F3">
<th>INC_CRC</th>
<td>FC07F81DEF01BAAF</td>
</tr><tr bgcolor="">
<th>FMEL_UPD_D</th>
<td>20230127204435</td>
</tr></table></center>]]></description>
<ExtendedData>
<SchemaData schemaUrl="#kml_schema_ft_MRT_EXITS">
<SimpleData name="STATION_NA">CHENG LIM LRT STATION</SimpleData>
<SimpleData name="EXIT_CODE">Exit A</SimpleData>
<SimpleData name="INC_CRC">FC07F81DEF01BAAF</SimpleData>
<SimpleData name="FMEL_UPD_D">20230127204435</SimpleData>
</SchemaData>
</ExtendedData>
<Point>
<coordinates>103.893684874277,1.39637321823541,0.0</coordinates>
</Point>
</Placemark>
<Placemark id="kml_447">
<name>kml_447</name>
<snippet> </snippet>
<description><![CDATA[<center><table><tr><th colspan='2' align='center'><em>Attributes</em></th></tr><tr bgcolor="#E3E3F3">
<th>STATION_NA</th>
<td>CHENG LIM LRT STATION</td>
</tr><tr bgcolor="">
<th>EXIT_CODE</th>
<td>Exit B</td>
</tr><tr bgcolor="#E3E3F3">
<th>INC_CRC</th>
<td>1BE9F4E72D049751</td>
</tr><tr bgcolor="">
<th>FMEL_UPD_D</th>
<td>20230127204435</td>
</tr></table></center>]]></description>
<ExtendedData>
<SchemaData schemaUrl="#kml_schema_ft_MRT_EXITS">
<SimpleData name="STATION_NA">CHENG LIM LRT STATION</SimpleData>
<SimpleData name="EXIT_CODE">Exit B</SimpleData>
<SimpleData name="INC_CRC">1BE9F4E72D049751</SimpleData>
<SimpleData name="FMEL_UPD_D">20230127204435</SimpleData>
</SchemaData>
</ExtendedData>
<Point>
<coordinates>103.893920331573,1.3961869711233,0.0</coordinates>
</Point>
</Placemark>
<Placemark id="kml_448">
<name>kml_448</name>
<snippet> </snippet>
<description><![CDATA[<center><table><tr><th colspan='2' align='center'><em>Attributes</em></th></tr><tr bgcolor="#E3E3F3">
<th>STATION_NA</th>
<td>THANGGAM LRT STATION</td>
</tr><tr bgcolor="">
<th>EXIT_CODE</th>
<td>Exit A</td>
</tr><tr bgcolor="#E3E3F3">
<th>INC_CRC</th>
<td>16EC7E9FB469AE26</td>
</tr><tr bgcolor="">
<th>FMEL_UPD_D</th>
<td>20230127204435</td>
</tr></table></center>]]></description>
<ExtendedData>
<SchemaData schemaUrl="#kml_schema_ft_MRT_EXITS">
<SimpleData name="STATION_NA">THANGGAM LRT STATION</SimpleData>
<SimpleData name="EXIT_CODE">Exit A</SimpleData>
<SimpleData name="INC_CRC">16EC7E9FB469AE26</SimpleData>
<SimpleData name="FMEL_UPD_D">20230127204435</SimpleData>
</SchemaData>
</ExtendedData>
<Point>
<coordinates>103.875566364382,1.39719803592397,0.0</coordinates>
</Point>
</Placemark>
<Placemark id="kml_449">
<name>kml_449</name>
<snippet> </snippet>
<description><![CDATA[<center><table><tr><th colspan='2' align='center'><em>Attributes</em></th></tr><tr bgcolor="#E3E3F3">
<th>STATION_NA</th>
<td>THANGGAM LRT STATION</td>
</tr><tr bgcolor="">
<th>EXIT_CODE</th>
<td>Exit B</td>
</tr><tr bgcolor="#E3E3F3">
<th>INC_CRC</th>
<td>256206889802450A</td>
</tr><tr bgcolor="">
<th>FMEL_UPD_D</th>
<td>20230127204435</td>
</tr></table></center>]]></description>
<ExtendedData>
<SchemaData schemaUrl="#kml_schema_ft_MRT_EXITS">
<SimpleData name="STATION_NA">THANGGAM LRT STATION</SimpleData>
<SimpleData name="EXIT_CODE">Exit B</SimpleData>
<SimpleData name="INC_CRC">256206889802450A</SimpleData>
<SimpleData name="FMEL_UPD_D">20230127204435</SimpleData>
</SchemaData>
</ExtendedData>
<Point>
<coordinates>103.875686836958,1.39719245833865,0.0</coordinates>
</Point>
</Placemark>
<Placemark id="kml_450">
<name>kml_450</name>
<snippet> </snippet>
<description><![CDATA[<center><table><tr><th colspan='2' align='center'><em>Attributes</em></th></tr><tr bgcolor="#E3E3F3">
<th>STATION_NA</th>
<td>KUPANG LRT STATION</td>
</tr><tr bgcolor="">
<th>EXIT_CODE</th>
<td>Exit A</td>
</tr><tr bgcolor="#E3E3F3">
<th>INC_CRC</th>
<td>62EDCA2810CF78CE</td>
</tr><tr bgcolor="">
<th>FMEL_UPD_D</th>
<td>20230127204435</td>
</tr></table></center>]]></description>
<ExtendedData>
<SchemaData schemaUrl="#kml_schema_ft_MRT_EXITS">
<SimpleData name="STATION_NA">KUPANG LRT STATION</SimpleData>
<SimpleData name="EXIT_CODE">Exit A</SimpleData>
<SimpleData name="INC_CRC">62EDCA2810CF78CE</SimpleData>
<SimpleData name="FMEL_UPD_D">20230127204435</SimpleData>
</SchemaData>
</ExtendedData>
<Point>
<coordinates>103.881139169799,1.39828419776009,0.0</coordinates>
</Point>
</Placemark>
<Placemark id="kml_451">
<name>kml_451</name>
<snippet> </snippet>
<description><![CDATA[<center><table><tr><th colspan='2' align='center'><em>Attributes</em></th></tr><tr bgcolor="#E3E3F3">
<th>STATION_NA</th>
<td>KUPANG LRT STATION</td>
</tr><tr bgcolor="">
<th>EXIT_CODE</th>
<td>Exit B</td>
</tr><tr bgcolor="#E3E3F3">
<th>INC_CRC</th>
<td>EC95D6994C36C7C2</td>
</tr><tr bgcolor="">
<th>FMEL_UPD_D</th>
<td>20230127204435</td>
</tr></table></center>]]></description>
<ExtendedData>
<SchemaData schemaUrl="#kml_schema_ft_MRT_EXITS">
<SimpleData name="STATION_NA">KUPANG LRT STATION</SimpleData>
<SimpleData name="EXIT_CODE">Exit B</SimpleData>
<SimpleData name="INC_CRC">EC95D6994C36C7C2</SimpleData>
<SimpleData name="FMEL_UPD_D">20230127204435</SimpleData>
</SchemaData>
</ExtendedData>
<Point>
<coordinates>103.881137936207,1.39815879147241,0.0</coordinates>
</Point>
</Placemark>
<Placemark id="kml_452">
<name>kml_452</name>
<snippet> </snippet>
<description><![CDATA[<center><table><tr><th colspan='2' align='center'><em>Attributes</em></th></tr><tr bgcolor="#E3E3F3">
<th>STATION_NA</th>
<td>FARMWAY LRT STATION</td>
</tr><tr bgcolor="">
<th>EXIT_CODE</th>
<td>Exit A</td>
</tr><tr bgcolor="#E3E3F3">
<th>INC_CRC</th>
<td>B5FE598CC9473CDE</td>
</tr><tr bgcolor="">
<th>FMEL_UPD_D</th>
<td>20230127204435</td>
</tr></table></center>]]></description>
<ExtendedData>
<SchemaData schemaUrl="#kml_schema_ft_MRT_EXITS">
<SimpleData name="STATION_NA">FARMWAY LRT STATION</SimpleData>
<SimpleData name="EXIT_CODE">Exit A</SimpleData>
<SimpleData name="INC_CRC">B5FE598CC9473CDE</SimpleData>
<SimpleData name="FMEL_UPD_D">20230127204435</SimpleData>
</SchemaData>
</ExtendedData>
<Point>
<coordinates>103.889407447882,1.39720034457508,0.0</coordinates>
</Point>
</Placemark>
<Placemark id="kml_453">
<name>kml_453</name>
<snippet> </snippet>
<description><![CDATA[<center><table><tr><th colspan='2' align='center'><em>Attributes</em></th></tr><tr bgcolor="#E3E3F3">
<th>STATION_NA</th>
<td>FARMWAY LRT STATION</td>
</tr><tr bgcolor="">
<th>EXIT_CODE</th>
<td>Exit B</td>
</tr><tr bgcolor="#E3E3F3">
<th>INC_CRC</th>
<td>C66585DE1453A1EF</td>
</tr><tr bgcolor="">
<th>FMEL_UPD_D</th>
<td>20230127204435</td>
</tr></table></center>]]></description>
<ExtendedData>
<SchemaData schemaUrl="#kml_schema_ft_MRT_EXITS">
<SimpleData name="STATION_NA">FARMWAY LRT STATION</SimpleData>
<SimpleData name="EXIT_CODE">Exit B</SimpleData>
<SimpleData name="INC_CRC">C66585DE1453A1EF</SimpleData>
<SimpleData name="FMEL_UPD_D">20230127204435</SimpleData>
</SchemaData>
</ExtendedData>
<Point>
<coordinates>103.889115016848,1.39713347750584,0.0</coordinates>
</Point>
</Placemark>
<Placemark id="kml_454">
<name>kml_454</name>
<snippet> </snippet>
<description><![CDATA[<center><table><tr><th colspan='2' align='center'><em>Attributes</em></th></tr><tr bgcolor="#E3E3F3">
<th>STATION_NA</th>
<td>LAYAR LRT STATION</td>
</tr><tr bgcolor="">
<th>EXIT_CODE</th>
<td>Exit A</td>
</tr><tr bgcolor="#E3E3F3">
<th>INC_CRC</th>
<td>213B4B13C275292B</td>
</tr><tr bgcolor="">
<th>FMEL_UPD_D</th>
<td>20230127204435</td>
</tr></table></center>]]></description>
<ExtendedData>
<SchemaData schemaUrl="#kml_schema_ft_MRT_EXITS">
<SimpleData name="STATION_NA">LAYAR LRT STATION</SimpleData>
<SimpleData name="EXIT_CODE">Exit A</SimpleData>
<SimpleData name="INC_CRC">213B4B13C275292B</SimpleData>
<SimpleData name="FMEL_UPD_D">20230127204435</SimpleData>
</SchemaData>
</ExtendedData>
<Point>
<coordinates>103.880159730519,1.39202617213173,0.0</coordinates>
</Point>
</Placemark>
<Placemark id="kml_455">
<name>kml_455</name>
<snippet> </snippet>
<description><![CDATA[<center><table><tr><th colspan='2' align='center'><em>Attributes</em></th></tr><tr bgcolor="#E3E3F3">
<th>STATION_NA</th>
<td>LAYAR LRT STATION</td>
</tr><tr bgcolor="">
<th>EXIT_CODE</th>
<td>Exit B</td>
</tr><tr bgcolor="#E3E3F3">
<th>INC_CRC</th>
<td>F757F13626617675</td>
</tr><tr bgcolor="">
<th>FMEL_UPD_D</th>
<td>20230127204435</td>
</tr></table></center>]]></description>
<ExtendedData>
<SchemaData schemaUrl="#kml_schema_ft_MRT_EXITS">
<SimpleData name="STATION_NA">LAYAR LRT STATION</SimpleData>
<SimpleData name="EXIT_CODE">Exit B</SimpleData>
<SimpleData name="INC_CRC">F757F13626617675</SimpleData>
<SimpleData name="FMEL_UPD_D">20230127204435</SimpleData>
</SchemaData>
</ExtendedData>
<Point>
<coordinates>103.880142799143,1.39214453741467,0.0</coordinates>
</Point>
</Placemark>
<Placemark id="kml_456">
<name>kml_456</name>
<snippet> </snippet>
<description><![CDATA[<center><table><tr><th colspan='2' align='center'><em>Attributes</em></th></tr><tr bgcolor="#E3E3F3">
<th>STATION_NA</th>
<td>KRANJI MRT STATION</td>
</tr><tr bgcolor="">
<th>EXIT_CODE</th>
<td>Exit B</td>
</tr><tr bgcolor="#E3E3F3">
<th>INC_CRC</th>
<td>E0BD26E3F5EE18B9</td>
</tr><tr bgcolor="">
<th>FMEL_UPD_D</th>
<td>20230127204435</td>
</tr></table></center>]]></description>
<ExtendedData>
<SchemaData schemaUrl="#kml_schema_ft_MRT_EXITS">
<SimpleData name="STATION_NA">KRANJI MRT STATION</SimpleData>
<SimpleData name="EXIT_CODE">Exit B</SimpleData>
<SimpleData name="INC_CRC">E0BD26E3F5EE18B9</SimpleData>
<SimpleData name="FMEL_UPD_D">20230127204435</SimpleData>
</SchemaData>
</ExtendedData>
<Point>
<coordinates>103.761940606096,1.42485264466106,0.0</coordinates>
</Point>
</Placemark>
<Placemark id="kml_457">
<name>kml_457</name>
<snippet> </snippet>
<description><![CDATA[<center><table><tr><th colspan='2' align='center'><em>Attributes</em></th></tr><tr bgcolor="#E3E3F3">
<th>STATION_NA</th>
<td>KRANJI MRT STATION</td>
</tr><tr bgcolor="">
<th>EXIT_CODE</th>
<td>Exit A</td>
</tr><tr bgcolor="#E3E3F3">
<th>INC_CRC</th>
<td>91BDDFEBA5A15383</td>
</tr><tr bgcolor="">
<th>FMEL_UPD_D</th>
<td>20230127204435</td>
</tr></table></center>]]></description>
<ExtendedData>
<SchemaData schemaUrl="#kml_schema_ft_MRT_EXITS">
<SimpleData name="STATION_NA">KRANJI MRT STATION</SimpleData>
<SimpleData name="EXIT_CODE">Exit A</SimpleData>
<SimpleData name="INC_CRC">91BDDFEBA5A15383</SimpleData>
<SimpleData name="FMEL_UPD_D">20230127204435</SimpleData>
</SchemaData>
</ExtendedData>
<Point>
<coordinates>103.762018515591,1.42473917121754,0.0</coordinates>
</Point>
</Placemark>
<Placemark id="kml_458">
<name>kml_458</name>
<snippet> </snippet>
<description><![CDATA[<center><table><tr><th colspan='2' align='center'><em>Attributes</em></th></tr><tr bgcolor="#E3E3F3">
<th>STATION_NA</th>
<td>MARSILING MRT STATION</td>
</tr><tr bgcolor="">
<th>EXIT_CODE</th>
<td>Exit C</td>
</tr><tr bgcolor="#E3E3F3">
<th>INC_CRC</th>
<td>BC10B89687EB57DF</td>
</tr><tr bgcolor="">
<th>FMEL_UPD_D</th>
<td>20230127204435</td>
</tr></table></center>]]></description>
<ExtendedData>
<SchemaData schemaUrl="#kml_schema_ft_MRT_EXITS">
<SimpleData name="STATION_NA">MARSILING MRT STATION</SimpleData>
<SimpleData name="EXIT_CODE">Exit C</SimpleData>
<SimpleData name="INC_CRC">BC10B89687EB57DF</SimpleData>
<SimpleData name="FMEL_UPD_D">20230127204435</SimpleData>
</SchemaData>
</ExtendedData>
<Point>
<coordinates>103.773820451036,1.43246952240006,0.0</coordinates>
</Point>
</Placemark>
<Placemark id="kml_459">
<name>kml_459</name>
<snippet> </snippet>
<description><![CDATA[<center><table><tr><th colspan='2' align='center'><em>Attributes</em></th></tr><tr bgcolor="#E3E3F3">
<th>STATION_NA</th>
<td>MARSILING MRT STATION</td>
</tr><tr bgcolor="">
<th>EXIT_CODE</th>
<td>Exit A</td>
</tr><tr bgcolor="#E3E3F3">
<th>INC_CRC</th>
<td>A4DF45D1ABCFAC02</td>
</tr><tr bgcolor="">
<th>FMEL_UPD_D</th>
<td>20230127204435</td>
</tr></table></center>]]></description>
<ExtendedData>
<SchemaData schemaUrl="#kml_schema_ft_MRT_EXITS">
<SimpleData name="STATION_NA">MARSILING MRT STATION</SimpleData>
<SimpleData name="EXIT_CODE">Exit A</SimpleData>
<SimpleData name="INC_CRC">A4DF45D1ABCFAC02</SimpleData>
<SimpleData name="FMEL_UPD_D">20230127204435</SimpleData>
</SchemaData>
</ExtendedData>
<Point>
<coordinates>103.774210493312,1.43280169435331,0.0</coordinates>
</Point>
</Placemark>
<Placemark id="kml_460">
<name>kml_460</name>
<snippet> </snippet>
<description><![CDATA[<center><table><tr><th colspan='2' align='center'><em>Attributes</em></th></tr><tr bgcolor="#E3E3F3">
<th>STATION_NA</th>
<td>PAYA LEBAR MRT STATION</td>
</tr><tr bgcolor="">
<th>EXIT_CODE</th>
<td>Exit A</td>
</tr><tr bgcolor="#E3E3F3">
<th>INC_CRC</th>
<td>CC4D13D27CAEA2B1</td>
</tr><tr bgcolor="">
<th>FMEL_UPD_D</th>
<td>20230127204435</td>
</tr></table></center>]]></description>
<ExtendedData>
<SchemaData schemaUrl="#kml_schema_ft_MRT_EXITS">
<SimpleData name="STATION_NA">PAYA LEBAR MRT STATION</SimpleData>
<SimpleData name="EXIT_CODE">Exit A</SimpleData>
<SimpleData name="INC_CRC">CC4D13D27CAEA2B1</SimpleData>
<SimpleData name="FMEL_UPD_D">20230127204435</SimpleData>
</SchemaData>
</ExtendedData>
<Point>
<coordinates>103.892788324105,1.31821599215008,0.0</coordinates>
</Point>
</Placemark>
<Placemark id="kml_461">
<name>kml_461</name>
<snippet> </snippet>
<description><![CDATA[<center><table><tr><th colspan='2' align='center'><em>Attributes</em></th></tr><tr bgcolor="#E3E3F3">
<th>STATION_NA</th>
<td>PAYA LEBAR MRT STATION</td>
</tr><tr bgcolor="">
<th>EXIT_CODE</th>
<td>Exit B</td>
</tr><tr bgcolor="#E3E3F3">
<th>INC_CRC</th>
<td>69CB616E4522ABA4</td>
</tr><tr bgcolor="">
<th>FMEL_UPD_D</th>
<td>20230127204435</td>
</tr></table></center>]]></description>
<ExtendedData>
<SchemaData schemaUrl="#kml_schema_ft_MRT_EXITS">
<SimpleData name="STATION_NA">PAYA LEBAR MRT STATION</SimpleData>
<SimpleData name="EXIT_CODE">Exit B</SimpleData>
<SimpleData name="INC_CRC">69CB616E4522ABA4</SimpleData>
<SimpleData name="FMEL_UPD_D">20230127204435</SimpleData>
</SchemaData>
</ExtendedData>
<Point>
<coordinates>103.892217168632,1.31834746689885,0.0</coordinates>
</Point>
</Placemark>
<Placemark id="kml_462">
<name>kml_462</name>
<snippet> </snippet>
<description><![CDATA[<center><table><tr><th colspan='2' align='center'><em>Attributes</em></th></tr><tr bgcolor="#E3E3F3">
<th>STATION_NA</th>
<td>YIO CHU KANG MRT STATION</td>
</tr><tr bgcolor="">
<th>EXIT_CODE</th>
<td>Exit C</td>
</tr><tr bgcolor="#E3E3F3">
<th>INC_CRC</th>
<td>896C97CCBA89A32A</td>
</tr><tr bgcolor="">
<th>FMEL_UPD_D</th>
<td>20230127204435</td>
</tr></table></center>]]></description>
<ExtendedData>
<SchemaData schemaUrl="#kml_schema_ft_MRT_EXITS">
<SimpleData name="STATION_NA">YIO CHU KANG MRT STATION</SimpleData>
<SimpleData name="EXIT_CODE">Exit C</SimpleData>
<SimpleData name="INC_CRC">896C97CCBA89A32A</SimpleData>
<SimpleData name="FMEL_UPD_D">20230127204435</SimpleData>
</SchemaData>
</ExtendedData>
<Point>
<coordinates>103.844645760434,1.38195362130605,0.0</coordinates>
</Point>
</Placemark>
<Placemark id="kml_463">
<name>kml_463</name>
<snippet> </snippet>
<description><![CDATA[<center><table><tr><th colspan='2' align='center'><em>Attributes</em></th></tr><tr bgcolor="#E3E3F3">
<th>STATION_NA</th>
<td>YIO CHU KANG MRT STATION</td>
</tr><tr bgcolor="">
<th>EXIT_CODE</th>
<td>Exit A</td>
</tr><tr bgcolor="#E3E3F3">
<th>INC_CRC</th>
<td>03DE662B8A72F32A</td>
</tr><tr bgcolor="">
<th>FMEL_UPD_D</th>
<td>20230127204435</td>
</tr></table></center>]]></description>
<ExtendedData>
<SchemaData schemaUrl="#kml_schema_ft_MRT_EXITS">
<SimpleData name="STATION_NA">YIO CHU KANG MRT STATION</SimpleData>
<SimpleData name="EXIT_CODE">Exit A</SimpleData>
<SimpleData name="INC_CRC">03DE662B8A72F32A</SimpleData>
<SimpleData name="FMEL_UPD_D">20230127204435</SimpleData>
</SchemaData>
</ExtendedData>
<Point>
<coordinates>103.844834195491,1.3816444074307,0.0</coordinates>
</Point>
</Placemark>
<Placemark id="kml_464">
<name>kml_464</name>
<snippet> </snippet>
<description><![CDATA[<center><table><tr><th colspan='2' align='center'><em>Attributes</em></th></tr><tr bgcolor="#E3E3F3">
<th>STATION_NA</th>
<td>YIO CHU KANG MRT STATION</td>
</tr><tr bgcolor="">
<th>EXIT_CODE</th>
<td>Exit B</td>
</tr><tr bgcolor="#E3E3F3">
<th>INC_CRC</th>
<td>F73C9CE1485EDFF0</td>
</tr><tr bgcolor="">
<th>FMEL_UPD_D</th>
<td>20230127204435</td>
</tr></table></center>]]></description>
<ExtendedData>
<SchemaData schemaUrl="#kml_schema_ft_MRT_EXITS">
<SimpleData name="STATION_NA">YIO CHU KANG MRT STATION</SimpleData>
<SimpleData name="EXIT_CODE">Exit B</SimpleData>
<SimpleData name="INC_CRC">F73C9CE1485EDFF0</SimpleData>
<SimpleData name="FMEL_UPD_D">20230127204435</SimpleData>
</SchemaData>
</ExtendedData>
<Point>
<coordinates>103.844946847542,1.38154752053604,0.0</coordinates>
</Point>
</Placemark>
<Placemark id="kml_465">
<name>kml_465</name>
<snippet> </snippet>
<description><![CDATA[<center><table><tr><th colspan='2' align='center'><em>Attributes</em></th></tr><tr bgcolor="#E3E3F3">
<th>STATION_NA</th>
<td>ADMIRALTY MRT STATION</td>
</tr><tr bgcolor="">
<th>EXIT_CODE</th>
<td>Exit C</td>
</tr><tr bgcolor="#E3E3F3">
<th>INC_CRC</th>
<td>887FE97DECFFEA05</td>
</tr><tr bgcolor="">
<th>FMEL_UPD_D</th>
<td>20230127204435</td>
</tr></table></center>]]></description>
<ExtendedData>
<SchemaData schemaUrl="#kml_schema_ft_MRT_EXITS">
<SimpleData name="STATION_NA">ADMIRALTY MRT STATION</SimpleData>
<SimpleData name="EXIT_CODE">Exit C</SimpleData>
<SimpleData name="INC_CRC">887FE97DECFFEA05</SimpleData>
<SimpleData name="FMEL_UPD_D">20230127204435</SimpleData>
</SchemaData>
</ExtendedData>
<Point>
<coordinates>103.80054245816,1.44059628565794,0.0</coordinates>
</Point>
</Placemark>
<Placemark id="kml_466">
<name>kml_466</name>
<snippet> </snippet>
<description><![CDATA[<center><table><tr><th colspan='2' align='center'><em>Attributes</em></th></tr><tr bgcolor="#E3E3F3">
<th>STATION_NA</th>
<td>ADMIRALTY MRT STATION</td>
</tr><tr bgcolor="">
<th>EXIT_CODE</th>
<td>Exit A</td>
</tr><tr bgcolor="#E3E3F3">
<th>INC_CRC</th>
<td>071776EA2CE1E3E9</td>
</tr><tr bgcolor="">
<th>FMEL_UPD_D</th>
<td>20230127204435</td>
</tr></table></center>]]></description>
<ExtendedData>
<SchemaData schemaUrl="#kml_schema_ft_MRT_EXITS">
<SimpleData name="STATION_NA">ADMIRALTY MRT STATION</SimpleData>
<SimpleData name="EXIT_CODE">Exit A</SimpleData>
<SimpleData name="INC_CRC">071776EA2CE1E3E9</SimpleData>
<SimpleData name="FMEL_UPD_D">20230127204435</SimpleData>
</SchemaData>
</ExtendedData>
<Point>
<coordinates>103.800989521918,1.44034566128304,0.0</coordinates>
</Point>
</Placemark>
<Placemark id="kml_467">
<name>kml_467</name>
<snippet> </snippet>
<description><![CDATA[<center><table><tr><th colspan='2' align='center'><em>Attributes</em></th></tr><tr bgcolor="#E3E3F3">
<th>STATION_NA</th>
<td>SEMBAWANG MRT STATION</td>
</tr><tr bgcolor="">
<th>EXIT_CODE</th>
<td>Exit A</td>
</tr><tr bgcolor="#E3E3F3">
<th>INC_CRC</th>
<td>A4391FC0AAA1EAAC</td>
</tr><tr bgcolor="">
<th>FMEL_UPD_D</th>
<td>20230127204435</td>
</tr></table></center>]]></description>
<ExtendedData>
<SchemaData schemaUrl="#kml_schema_ft_MRT_EXITS">
<SimpleData name="STATION_NA">SEMBAWANG MRT STATION</SimpleData>
<SimpleData name="EXIT_CODE">Exit A</SimpleData>
<SimpleData name="INC_CRC">A4391FC0AAA1EAAC</SimpleData>
<SimpleData name="FMEL_UPD_D">20230127204435</SimpleData>
</SchemaData>
</ExtendedData>
<Point>
<coordinates>103.820109735758,1.44883731943313,0.0</coordinates>
</Point>
</Placemark>
<Placemark id="kml_468">
<name>kml_468</name>
<snippet> </snippet>
<description><![CDATA[<center><table><tr><th colspan='2' align='center'><em>Attributes</em></th></tr><tr bgcolor="#E3E3F3">
<th>STATION_NA</th>
<td>SEMBAWANG MRT STATION</td>
</tr><tr bgcolor="">
<th>EXIT_CODE</th>
<td>Exit B</td>
</tr><tr bgcolor="#E3E3F3">
<th>INC_CRC</th>
<td>3167E33222F7BAC9</td>
</tr><tr bgcolor="">
<th>FMEL_UPD_D</th>
<td>20230127204435</td>
</tr></table></center>]]></description>
<ExtendedData>
<SchemaData schemaUrl="#kml_schema_ft_MRT_EXITS">
<SimpleData name="STATION_NA">SEMBAWANG MRT STATION</SimpleData>
<SimpleData name="EXIT_CODE">Exit B</SimpleData>
<SimpleData name="INC_CRC">3167E33222F7BAC9</SimpleData>
<SimpleData name="FMEL_UPD_D">20230127204435</SimpleData>
</SchemaData>
</ExtendedData>
<Point>
<coordinates>103.819790204572,1.44876826032584,0.0</coordinates>
</Point>
</Placemark>
<Placemark id="kml_469">
<name>kml_469</name>
<snippet> </snippet>
<description><![CDATA[<center><table><tr><th colspan='2' align='center'><em>Attributes</em></th></tr><tr bgcolor="#E3E3F3">
<th>STATION_NA</th>
<td>YISHUN MRT STATION</td>
</tr><tr bgcolor="">
<th>EXIT_CODE</th>
<td>Exit A</td>
</tr><tr bgcolor="#E3E3F3">
<th>INC_CRC</th>
<td>4D6714260A96395A</td>
</tr><tr bgcolor="">
<th>FMEL_UPD_D</th>
<td>20230127204435</td>
</tr></table></center>]]></description>
<ExtendedData>
<SchemaData schemaUrl="#kml_schema_ft_MRT_EXITS">
<SimpleData name="STATION_NA">YISHUN MRT STATION</SimpleData>
<SimpleData name="EXIT_CODE">Exit A</SimpleData>
<SimpleData name="INC_CRC">4D6714260A96395A</SimpleData>
<SimpleData name="FMEL_UPD_D">20230127204435</SimpleData>
</SchemaData>
</ExtendedData>
<Point>
<coordinates>103.834783603184,1.42939716731595,0.0</coordinates>
</Point>
</Placemark>
<Placemark id="kml_470">
<name>kml_470</name>
<snippet> </snippet>
<description><![CDATA[<center><table><tr><th colspan='2' align='center'><em>Attributes</em></th></tr><tr bgcolor="#E3E3F3">
<th>STATION_NA</th>
<td>YISHUN MRT STATION</td>
</tr><tr bgcolor="">
<th>EXIT_CODE</th>
<td>Exit D</td>
</tr><tr bgcolor="#E3E3F3">
<th>INC_CRC</th>
<td>7CCB5AAD7A692ED6</td>
</tr><tr bgcolor="">
<th>FMEL_UPD_D</th>
<td>20230127204435</td>
</tr></table></center>]]></description>
<ExtendedData>
<SchemaData schemaUrl="#kml_schema_ft_MRT_EXITS">
<SimpleData name="STATION_NA">YISHUN MRT STATION</SimpleData>
<SimpleData name="EXIT_CODE">Exit D</SimpleData>
<SimpleData name="INC_CRC">7CCB5AAD7A692ED6</SimpleData>
<SimpleData name="FMEL_UPD_D">20230127204435</SimpleData>
</SchemaData>
</ExtendedData>
<Point>
<coordinates>103.834863485217,1.42910650744289,0.0</coordinates>
</Point>
</Placemark>
<Placemark id="kml_471">
<name>kml_471</name>
<snippet> </snippet>
<description><![CDATA[<center><table><tr><th colspan='2' align='center'><em>Attributes</em></th></tr><tr bgcolor="#E3E3F3">
<th>STATION_NA</th>
<td>KHATIB MRT STATION</td>
</tr><tr bgcolor="">
<th>EXIT_CODE</th>
<td>Exit C</td>
</tr><tr bgcolor="#E3E3F3">
<th>INC_CRC</th>
<td>BEC9777C2AF5693A</td>
</tr><tr bgcolor="">
<th>FMEL_UPD_D</th>
<td>20230127204435</td>
</tr></table></center>]]></description>
<ExtendedData>
<SchemaData schemaUrl="#kml_schema_ft_MRT_EXITS">
<SimpleData name="STATION_NA">KHATIB MRT STATION</SimpleData>
<SimpleData name="EXIT_CODE">Exit C</SimpleData>
<SimpleData name="INC_CRC">BEC9777C2AF5693A</SimpleData>
<SimpleData name="FMEL_UPD_D">20230127204435</SimpleData>
</SchemaData>
</ExtendedData>
<Point>
<coordinates>103.832886913694,1.41754470685258,0.0</coordinates>
</Point>
</Placemark>
<Placemark id="kml_472">
<name>kml_472</name>
<snippet> </snippet>
<description><![CDATA[<center><table><tr><th colspan='2' align='center'><em>Attributes</em></th></tr><tr bgcolor="#E3E3F3">
<th>STATION_NA</th>
<td>KHATIB MRT STATION</td>
</tr><tr bgcolor="">
<th>EXIT_CODE</th>
<td>Exit A</td>
</tr><tr bgcolor="#E3E3F3">
<th>INC_CRC</th>
<td>0EB1742925CA5FD4</td>
</tr><tr bgcolor="">
<th>FMEL_UPD_D</th>
<td>20230127204435</td>
</tr></table></center>]]></description>
<ExtendedData>
<SchemaData schemaUrl="#kml_schema_ft_MRT_EXITS">
<SimpleData name="STATION_NA">KHATIB MRT STATION</SimpleData>
<SimpleData name="EXIT_CODE">Exit A</SimpleData>
<SimpleData name="INC_CRC">0EB1742925CA5FD4</SimpleData>
<SimpleData name="FMEL_UPD_D">20230127204435</SimpleData>
</SchemaData>
</ExtendedData>
<Point>
<coordinates>103.83292241701,1.41705821242698,0.0</coordinates>
</Point>
</Placemark>
<Placemark id="kml_473">
<name>kml_473</name>
<snippet> </snippet>
<description><![CDATA[<center><table><tr><th colspan='2' align='center'><em>Attributes</em></th></tr><tr bgcolor="#E3E3F3">
<th>STATION_NA</th>
<td>KHATIB MRT STATION</td>
</tr><tr bgcolor="">
<th>EXIT_CODE</th>
<td>Exit B</td>
</tr><tr bgcolor="#E3E3F3">
<th>INC_CRC</th>
<td>DFC9A990CD03CDD1</td>
</tr><tr bgcolor="">
<th>FMEL_UPD_D</th>
<td>20230127204435</td>
</tr></table></center>]]></description>
<ExtendedData>
<SchemaData schemaUrl="#kml_schema_ft_MRT_EXITS">
<SimpleData name="STATION_NA">KHATIB MRT STATION</SimpleData>
<SimpleData name="EXIT_CODE">Exit B</SimpleData>
<SimpleData name="INC_CRC">DFC9A990CD03CDD1</SimpleData>
<SimpleData name="FMEL_UPD_D">20230127204435</SimpleData>
</SchemaData>
</ExtendedData>
<Point>
<coordinates>103.832706667743,1.41714341792972,0.0</coordinates>
</Point>
</Placemark>
<Placemark id="kml_474">
<name>kml_474</name>
<snippet> </snippet>
<description><![CDATA[<center><table><tr><th colspan='2' align='center'><em>Attributes</em></th></tr><tr bgcolor="#E3E3F3">
<th>STATION_NA</th>
<td>SEMBAWANG MRT STATION</td>
</tr><tr bgcolor="">
<th>EXIT_CODE</th>
<td>Exit D</td>
</tr><tr bgcolor="#E3E3F3">
<th>INC_CRC</th>
<td>A612A01DC4DD39AA</td>
</tr><tr bgcolor="">
<th>FMEL_UPD_D</th>
<td>20230127204435</td>
</tr></table></center>]]></description>
<ExtendedData>
<SchemaData schemaUrl="#kml_schema_ft_MRT_EXITS">
<SimpleData name="STATION_NA">SEMBAWANG MRT STATION</SimpleData>
<SimpleData name="EXIT_CODE">Exit D</SimpleData>
<SimpleData name="INC_CRC">A612A01DC4DD39AA</SimpleData>
<SimpleData name="FMEL_UPD_D">20230127204435</SimpleData>
</SchemaData>
</ExtendedData>
<Point>
<coordinates>103.820401560292,1.44892733153759,0.0</coordinates>
</Point>
</Placemark>
<Placemark id="kml_475">
<name>kml_475</name>
<snippet> </snippet>
<description><![CDATA[<center><table><tr><th colspan='2' align='center'><em>Attributes</em></th></tr><tr bgcolor="#E3E3F3">
<th>STATION_NA</th>
<td>PASIR RIS MRT STATION</td>
</tr><tr bgcolor="">
<th>EXIT_CODE</th>
<td>Exit B</td>
</tr><tr bgcolor="#E3E3F3">
<th>INC_CRC</th>
<td>5F3BC6B21D0848C7</td>
</tr><tr bgcolor="">
<th>FMEL_UPD_D</th>
<td>20230127204435</td>
</tr></table></center>]]></description>
<ExtendedData>
<SchemaData schemaUrl="#kml_schema_ft_MRT_EXITS">
<SimpleData name="STATION_NA">PASIR RIS MRT STATION</SimpleData>
<SimpleData name="EXIT_CODE">Exit B</SimpleData>
<SimpleData name="INC_CRC">5F3BC6B21D0848C7</SimpleData>
<SimpleData name="FMEL_UPD_D">20230127204435</SimpleData>
</SchemaData>
</ExtendedData>
<Point>
<coordinates>103.949136940349,1.37288623635201,0.0</coordinates>
</Point>
</Placemark>
<Placemark id="kml_476">
<name>kml_476</name>
<snippet> </snippet>
<description><![CDATA[<center><table><tr><th colspan='2' align='center'><em>Attributes</em></th></tr><tr bgcolor="#E3E3F3">
<th>STATION_NA</th>
<td>PASIR RIS MRT STATION</td>
</tr><tr bgcolor="">
<th>EXIT_CODE</th>
<td>Exit A</td>
</tr><tr bgcolor="#E3E3F3">
<th>INC_CRC</th>
<td>A801E2A1E34520C9</td>
</tr><tr bgcolor="">
<th>FMEL_UPD_D</th>
<td>20230127204435</td>
</tr></table></center>]]></description>
<ExtendedData>
<SchemaData schemaUrl="#kml_schema_ft_MRT_EXITS">
<SimpleData name="STATION_NA">PASIR RIS MRT STATION</SimpleData>
<SimpleData name="EXIT_CODE">Exit A</SimpleData>
<SimpleData name="INC_CRC">A801E2A1E34520C9</SimpleData>
<SimpleData name="FMEL_UPD_D">20230127204435</SimpleData>
</SchemaData>
</ExtendedData>
<Point>
<coordinates>103.949333426645,1.37284196908053,0.0</coordinates>
</Point>
</Placemark>
<Placemark id="kml_477">
<name>kml_477</name>
<snippet> </snippet>
<description><![CDATA[<center><table><tr><th colspan='2' align='center'><em>Attributes</em></th></tr><tr bgcolor="#E3E3F3">
<th>STATION_NA</th>
<td>TAMPINES MRT STATION</td>
</tr><tr bgcolor="">
<th>EXIT_CODE</th>
<td>Exit A</td>
</tr><tr bgcolor="#E3E3F3">
<th>INC_CRC</th>
<td>6D821717AFC18096</td>
</tr><tr bgcolor="">
<th>FMEL_UPD_D</th>
<td>20230127204435</td>
</tr></table></center>]]></description>
<ExtendedData>
<SchemaData schemaUrl="#kml_schema_ft_MRT_EXITS">
<SimpleData name="STATION_NA">TAMPINES MRT STATION</SimpleData>
<SimpleData name="EXIT_CODE">Exit A</SimpleData>
<SimpleData name="INC_CRC">6D821717AFC18096</SimpleData>
<SimpleData name="FMEL_UPD_D">20230127204435</SimpleData>
</SchemaData>
</ExtendedData>
<Point>
<coordinates>103.944766312107,1.35376401254022,0.0</coordinates>
</Point>
</Placemark>
<Placemark id="kml_478">
<name>kml_478</name>
<snippet> </snippet>
<description><![CDATA[<center><table><tr><th colspan='2' align='center'><em>Attributes</em></th></tr><tr bgcolor="#E3E3F3">
<th>STATION_NA</th>
<td>TAMPINES MRT STATION</td>
</tr><tr bgcolor="">
<th>EXIT_CODE</th>
<td>Exit C</td>
</tr><tr bgcolor="#E3E3F3">
<th>INC_CRC</th>
<td>ACC2B4758E58EF1B</td>
</tr><tr bgcolor="">
<th>FMEL_UPD_D</th>
<td>20230127204435</td>
</tr></table></center>]]></description>
<ExtendedData>
<SchemaData schemaUrl="#kml_schema_ft_MRT_EXITS">
<SimpleData name="STATION_NA">TAMPINES MRT STATION</SimpleData>
<SimpleData name="EXIT_CODE">Exit C</SimpleData>
<SimpleData name="INC_CRC">ACC2B4758E58EF1B</SimpleData>
<SimpleData name="FMEL_UPD_D">20230127204435</SimpleData>
</SchemaData>
</ExtendedData>
<Point>
<coordinates>103.944903957895,1.35339831264921,0.0</coordinates>
</Point>
</Placemark>
<Placemark id="kml_479">
<name>kml_479</name>
<snippet> </snippet>
<description><![CDATA[<center><table><tr><th colspan='2' align='center'><em>Attributes</em></th></tr><tr bgcolor="#E3E3F3">
<th>STATION_NA</th>
<td>CHOA CHU KANG MRT STATION</td>
</tr><tr bgcolor="">
<th>EXIT_CODE</th>
<td>Exit C</td>
</tr><tr bgcolor="#E3E3F3">
<th>INC_CRC</th>
<td>2E2B70E0E2D25273</td>
</tr><tr bgcolor="">
<th>FMEL_UPD_D</th>
<td>20230127204435</td>
</tr></table></center>]]></description>
<ExtendedData>
<SchemaData schemaUrl="#kml_schema_ft_MRT_EXITS">
<SimpleData name="STATION_NA">CHOA CHU KANG MRT STATION</SimpleData>
<SimpleData name="EXIT_CODE">Exit C</SimpleData>
<SimpleData name="INC_CRC">2E2B70E0E2D25273</SimpleData>
<SimpleData name="FMEL_UPD_D">20230127204435</SimpleData>
</SchemaData>
</ExtendedData>
<Point>
<coordinates>103.744517798771,1.38573618540312,0.0</coordinates>
</Point>
</Placemark>
<Placemark id="kml_480">
<name>kml_480</name>
<snippet> </snippet>
<description><![CDATA[<center><table><tr><th colspan='2' align='center'><em>Attributes</em></th></tr><tr bgcolor="#E3E3F3">
<th>STATION_NA</th>
<td>LITTLE INDIA MRT STATION</td>
</tr><tr bgcolor="">
<th>EXIT_CODE</th>
<td>Exit C</td>
</tr><tr bgcolor="#E3E3F3">
<th>INC_CRC</th>
<td>8A50DC395B46AA31</td>
</tr><tr bgcolor="">
<th>FMEL_UPD_D</th>
<td>20230127204435</td>
</tr></table></center>]]></description>
<ExtendedData>
<SchemaData schemaUrl="#kml_schema_ft_MRT_EXITS">
<SimpleData name="STATION_NA">LITTLE INDIA MRT STATION</SimpleData>
<SimpleData name="EXIT_CODE">Exit C</SimpleData>
<SimpleData name="INC_CRC">8A50DC395B46AA31</SimpleData>
<SimpleData name="FMEL_UPD_D">20230127204435</SimpleData>
</SchemaData>
</ExtendedData>
<Point>
<coordinates>103.849704822933,1.30635155408624,0.0</coordinates>
</Point>
</Placemark>
<Placemark id="kml_481">
<name>kml_481</name>
<snippet> </snippet>
<description><![CDATA[<center><table><tr><th colspan='2' align='center'><em>Attributes</em></th></tr><tr bgcolor="#E3E3F3">
<th>STATION_NA</th>
<td>LITTLE INDIA MRT STATION</td>
</tr><tr bgcolor="">
<th>EXIT_CODE</th>
<td>Exit E</td>
</tr><tr bgcolor="#E3E3F3">
<th>INC_CRC</th>
<td>6710D2143B21969B</td>
</tr><tr bgcolor="">
<th>FMEL_UPD_D</th>
<td>20230127204435</td>
</tr></table></center>]]></description>
<ExtendedData>
<SchemaData schemaUrl="#kml_schema_ft_MRT_EXITS">
<SimpleData name="STATION_NA">LITTLE INDIA MRT STATION</SimpleData>
<SimpleData name="EXIT_CODE">Exit E</SimpleData>
<SimpleData name="INC_CRC">6710D2143B21969B</SimpleData>
<SimpleData name="FMEL_UPD_D">20230127204435</SimpleData>
</SchemaData>
</ExtendedData>
<Point>
<coordinates>103.850322159955,1.30742644439895,0.0</coordinates>
</Point>
</Placemark>
<Placemark id="kml_482">
<name>kml_482</name>
<snippet> </snippet>
<description><![CDATA[<center><table><tr><th colspan='2' align='center'><em>Attributes</em></th></tr><tr bgcolor="#E3E3F3">
<th>STATION_NA</th>
<td>FARRER PARK MRT STATION</td>
</tr><tr bgcolor="">
<th>EXIT_CODE</th>
<td>Exit D</td>
</tr><tr bgcolor="#E3E3F3">
<th>INC_CRC</th>
<td>173209DA7F23FABE</td>
</tr><tr bgcolor="">
<th>FMEL_UPD_D</th>
<td>20230127204435</td>
</tr></table></center>]]></description>
<ExtendedData>
<SchemaData schemaUrl="#kml_schema_ft_MRT_EXITS">
<SimpleData name="STATION_NA">FARRER PARK MRT STATION</SimpleData>
<SimpleData name="EXIT_CODE">Exit D</SimpleData>
<SimpleData name="INC_CRC">173209DA7F23FABE</SimpleData>
<SimpleData name="FMEL_UPD_D">20230127204435</SimpleData>
</SchemaData>
</ExtendedData>
<Point>
<coordinates>103.852974635237,1.31245360639306,0.0</coordinates>
</Point>
</Placemark>
<Placemark id="kml_483">
<name>kml_483</name>
<snippet> </snippet>
<description><![CDATA[<center><table><tr><th colspan='2' align='center'><em>Attributes</em></th></tr><tr bgcolor="#E3E3F3">
<th>STATION_NA</th>
<td>FARRER PARK MRT STATION</td>
</tr><tr bgcolor="">
<th>EXIT_CODE</th>
<td>Exit C</td>
</tr><tr bgcolor="#E3E3F3">
<th>INC_CRC</th>
<td>6551D0EB84199FBF</td>
</tr><tr bgcolor="">
<th>FMEL_UPD_D</th>
<td>20230127204435</td>
</tr></table></center>]]></description>
<ExtendedData>
<SchemaData schemaUrl="#kml_schema_ft_MRT_EXITS">
<SimpleData name="STATION_NA">FARRER PARK MRT STATION</SimpleData>
<SimpleData name="EXIT_CODE">Exit C</SimpleData>
<SimpleData name="INC_CRC">6551D0EB84199FBF</SimpleData>
<SimpleData name="FMEL_UPD_D">20230127204435</SimpleData>
</SchemaData>
</ExtendedData>
<Point>
<coordinates>103.853266824822,1.31191067869135,0.0</coordinates>
</Point>
</Placemark>
<Placemark id="kml_484">
<name>kml_484</name>
<snippet> </snippet>
<description><![CDATA[<center><table><tr><th colspan='2' align='center'><em>Attributes</em></th></tr><tr bgcolor="#E3E3F3">
<th>STATION_NA</th>
<td>FARRER PARK MRT STATION</td>
</tr><tr bgcolor="">
<th>EXIT_CODE</th>
<td>Exit A</td>
</tr><tr bgcolor="#E3E3F3">
<th>INC_CRC</th>
<td>360853AB3FB5F8E8</td>
</tr><tr bgcolor="">
<th>FMEL_UPD_D</th>
<td>20230127204435</td>
</tr></table></center>]]></description>
<ExtendedData>
<SchemaData schemaUrl="#kml_schema_ft_MRT_EXITS">
<SimpleData name="STATION_NA">FARRER PARK MRT STATION</SimpleData>
<SimpleData name="EXIT_CODE">Exit A</SimpleData>
<SimpleData name="INC_CRC">360853AB3FB5F8E8</SimpleData>
<SimpleData name="FMEL_UPD_D">20230127204435</SimpleData>
</SchemaData>
</ExtendedData>
<Point>
<coordinates>103.854772747378,1.31232690903703,0.0</coordinates>
</Point>
</Placemark>
<Placemark id="kml_485">
<name>kml_485</name>
<snippet> </snippet>
<description><![CDATA[<center><table><tr><th colspan='2' align='center'><em>Attributes</em></th></tr><tr bgcolor="#E3E3F3">
<th>STATION_NA</th>
<td>FARRER PARK MRT STATION</td>
</tr><tr bgcolor="">
<th>EXIT_CODE</th>
<td>Exit G</td>
</tr><tr bgcolor="#E3E3F3">
<th>INC_CRC</th>
<td>E130D0857A648E60</td>
</tr><tr bgcolor="">
<th>FMEL_UPD_D</th>
<td>20230127204435</td>
</tr></table></center>]]></description>
<ExtendedData>
<SchemaData schemaUrl="#kml_schema_ft_MRT_EXITS">
<SimpleData name="STATION_NA">FARRER PARK MRT STATION</SimpleData>
<SimpleData name="EXIT_CODE">Exit G</SimpleData>
<SimpleData name="INC_CRC">E130D0857A648E60</SimpleData>
<SimpleData name="FMEL_UPD_D">20230127204435</SimpleData>
</SchemaData>
</ExtendedData>
<Point>
<coordinates>103.855500982372,1.31225903641299,0.0</coordinates>
</Point>
</Placemark>
<Placemark id="kml_486">
<name>kml_486</name>
<snippet> </snippet>
<description><![CDATA[<center><table><tr><th colspan='2' align='center'><em>Attributes</em></th></tr><tr bgcolor="#E3E3F3">
<th>STATION_NA</th>
<td>CHANGI AIRPORT MRT STATION</td>
</tr><tr bgcolor="">
<th>EXIT_CODE</th>
<td>Exit B</td>
</tr><tr bgcolor="#E3E3F3">
<th>INC_CRC</th>
<td>18E22F13F5B553EB</td>
</tr><tr bgcolor="">
<th>FMEL_UPD_D</th>
<td>20230127204435</td>
</tr></table></center>]]></description>
<ExtendedData>
<SchemaData schemaUrl="#kml_schema_ft_MRT_EXITS">
<SimpleData name="STATION_NA">CHANGI AIRPORT MRT STATION</SimpleData>
<SimpleData name="EXIT_CODE">Exit B</SimpleData>
<SimpleData name="INC_CRC">18E22F13F5B553EB</SimpleData>
<SimpleData name="FMEL_UPD_D">20230127204435</SimpleData>
</SchemaData>
</ExtendedData>
<Point>
<coordinates>103.987304579798,1.35722025606017,0.0</coordinates>
</Point>
</Placemark>
<Placemark id="kml_487">
<name>kml_487</name>
<snippet> </snippet>
<description><![CDATA[<center><table><tr><th colspan='2' align='center'><em>Attributes</em></th></tr><tr bgcolor="#E3E3F3">
<th>STATION_NA</th>
<td>ESPLANADE MRT STATION</td>
</tr><tr bgcolor="">
<th>EXIT_CODE</th>
<td>Exit G</td>
</tr><tr bgcolor="#E3E3F3">
<th>INC_CRC</th>
<td>2ACFF8F7FE329CCA</td>
</tr><tr bgcolor="">
<th>FMEL_UPD_D</th>
<td>20230127204435</td>
</tr></table></center>]]></description>
<ExtendedData>
<SchemaData schemaUrl="#kml_schema_ft_MRT_EXITS">
<SimpleData name="STATION_NA">ESPLANADE MRT STATION</SimpleData>
<SimpleData name="EXIT_CODE">Exit G</SimpleData>
<SimpleData name="INC_CRC">2ACFF8F7FE329CCA</SimpleData>
<SimpleData name="FMEL_UPD_D">20230127204435</SimpleData>
</SchemaData>
</ExtendedData>
<Point>
<coordinates>103.85492020244,1.29358640073634,0.0</coordinates>
</Point>
</Placemark>
<Placemark id="kml_488">
<name>kml_488</name>
<snippet> </snippet>
<description><![CDATA[<center><table><tr><th colspan='2' align='center'><em>Attributes</em></th></tr><tr bgcolor="#E3E3F3">
<th>STATION_NA</th>
<td>ESPLANADE MRT STATION</td>
</tr><tr bgcolor="">
<th>EXIT_CODE</th>
<td>Exit C</td>
</tr><tr bgcolor="#E3E3F3">
<th>INC_CRC</th>
<td>37A435E4166C73B7</td>
</tr><tr bgcolor="">
<th>FMEL_UPD_D</th>
<td>20230127204435</td>
</tr></table></center>]]></description>
<ExtendedData>
<SchemaData schemaUrl="#kml_schema_ft_MRT_EXITS">
<SimpleData name="STATION_NA">ESPLANADE MRT STATION</SimpleData>
<SimpleData name="EXIT_CODE">Exit C</SimpleData>
<SimpleData name="INC_CRC">37A435E4166C73B7</SimpleData>
<SimpleData name="FMEL_UPD_D">20230127204435</SimpleData>
</SchemaData>
</ExtendedData>
<Point>
<coordinates>103.855855203772,1.29290433691952,0.0</coordinates>
</Point>
</Placemark>
<Placemark id="kml_489">
<name>kml_489</name>
<snippet> </snippet>
<description><![CDATA[<center><table><tr><th colspan='2' align='center'><em>Attributes</em></th></tr><tr bgcolor="#E3E3F3">
<th>STATION_NA</th>
<td>ESPLANADE MRT STATION</td>
</tr><tr bgcolor="">
<th>EXIT_CODE</th>
<td>Exit B</td>
</tr><tr bgcolor="#E3E3F3">
<th>INC_CRC</th>
<td>651EA817751D16D3</td>
</tr><tr bgcolor="">
<th>FMEL_UPD_D</th>
<td>20230127204435</td>
</tr></table></center>]]></description>
<ExtendedData>
<SchemaData schemaUrl="#kml_schema_ft_MRT_EXITS">
<SimpleData name="STATION_NA">ESPLANADE MRT STATION</SimpleData>
<SimpleData name="EXIT_CODE">Exit B</SimpleData>
<SimpleData name="INC_CRC">651EA817751D16D3</SimpleData>
<SimpleData name="FMEL_UPD_D">20230127204435</SimpleData>
</SchemaData>
</ExtendedData>
<Point>
<coordinates>103.856175670935,1.29292718733646,0.0</coordinates>
</Point>
</Placemark>
<Placemark id="kml_490">
<name>kml_490</name>
<snippet> </snippet>
<description><![CDATA[<center><table><tr><th colspan='2' align='center'><em>Attributes</em></th></tr><tr bgcolor="#E3E3F3">
<th>STATION_NA</th>
<td>RAFFLES PLACE MRT STATION</td>
</tr><tr bgcolor="">
<th>EXIT_CODE</th>
<td>Exit C</td>
</tr><tr bgcolor="#E3E3F3">
<th>INC_CRC</th>
<td>D79CE3109CFB1331</td>
</tr><tr bgcolor="">
<th>FMEL_UPD_D</th>
<td>20230127204435</td>
</tr></table></center>]]></description>
<ExtendedData>
<SchemaData schemaUrl="#kml_schema_ft_MRT_EXITS">
<SimpleData name="STATION_NA">RAFFLES PLACE MRT STATION</SimpleData>
<SimpleData name="EXIT_CODE">Exit C</SimpleData>
<SimpleData name="INC_CRC">D79CE3109CFB1331</SimpleData>
<SimpleData name="FMEL_UPD_D">20230127204435</SimpleData>
</SchemaData>
</ExtendedData>
<Point>
<coordinates>103.851562535487,1.28363052072741,0.0</coordinates>
</Point>
</Placemark>
<Placemark id="kml_491">
<name>kml_491</name>
<snippet> </snippet>
<description><![CDATA[<center><table><tr><th colspan='2' align='center'><em>Attributes</em></th></tr><tr bgcolor="#E3E3F3">
<th>STATION_NA</th>
<td>RAFFLES PLACE MRT STATION</td>
</tr><tr bgcolor="">
<th>EXIT_CODE</th>
<td>Exit J</td>
</tr><tr bgcolor="#E3E3F3">
<th>INC_CRC</th>
<td>244D66DE744BCD47</td>
</tr><tr bgcolor="">
<th>FMEL_UPD_D</th>
<td>20230127204435</td>
</tr></table></center>]]></description>
<ExtendedData>
<SchemaData schemaUrl="#kml_schema_ft_MRT_EXITS">
<SimpleData name="STATION_NA">RAFFLES PLACE MRT STATION</SimpleData>
<SimpleData name="EXIT_CODE">Exit J</SimpleData>
<SimpleData name="INC_CRC">244D66DE744BCD47</SimpleData>
<SimpleData name="FMEL_UPD_D">20230127204435</SimpleData>
</SchemaData>
</ExtendedData>
<Point>
<coordinates>103.851296033431,1.28262623356678,0.0</coordinates>
</Point>
</Placemark>
<Placemark id="kml_492">
<name>kml_492</name>
<snippet> </snippet>
<description><![CDATA[<center><table><tr><th colspan='2' align='center'><em>Attributes</em></th></tr><tr bgcolor="#E3E3F3">
<th>STATION_NA</th>
<td>RAFFLES PLACE MRT STATION</td>
</tr><tr bgcolor="">
<th>EXIT_CODE</th>
<td>Exit F</td>
</tr><tr bgcolor="#E3E3F3">
<th>INC_CRC</th>
<td>0172739C99613BF7</td>
</tr><tr bgcolor="">
<th>FMEL_UPD_D</th>
<td>20230127204435</td>
</tr></table></center>]]></description>
<ExtendedData>
<SchemaData schemaUrl="#kml_schema_ft_MRT_EXITS">
<SimpleData name="STATION_NA">RAFFLES PLACE MRT STATION</SimpleData>
<SimpleData name="EXIT_CODE">Exit F</SimpleData>
<SimpleData name="INC_CRC">0172739C99613BF7</SimpleData>
<SimpleData name="FMEL_UPD_D">20230127204435</SimpleData>
</SchemaData>
</ExtendedData>
<Point>
<coordinates>103.850960902093,1.28253857491919,0.0</coordinates>
</Point>
</Placemark>
<Placemark id="kml_493">
<name>kml_493</name>
<snippet> </snippet>
<description><![CDATA[<center><table><tr><th colspan='2' align='center'><em>Attributes</em></th></tr><tr bgcolor="#E3E3F3">
<th>STATION_NA</th>
<td>RAFFLES PLACE MRT STATION</td>
</tr><tr bgcolor="">
<th>EXIT_CODE</th>
<td>Exit I</td>
</tr><tr bgcolor="#E3E3F3">
<th>INC_CRC</th>
<td>5783A6CCBAC00283</td>
</tr><tr bgcolor="">
<th>FMEL_UPD_D</th>
<td>20230127204435</td>
</tr></table></center>]]></description>
<ExtendedData>
<SchemaData schemaUrl="#kml_schema_ft_MRT_EXITS">
<SimpleData name="STATION_NA">RAFFLES PLACE MRT STATION</SimpleData>
<SimpleData name="EXIT_CODE">Exit I</SimpleData>
<SimpleData name="INC_CRC">5783A6CCBAC00283</SimpleData>
<SimpleData name="FMEL_UPD_D">20230127204435</SimpleData>
</SchemaData>
</ExtendedData>
<Point>
<coordinates>103.851433302399,1.28238230729746,0.0</coordinates>
</Point>
</Placemark>
<Placemark id="kml_494">
<name>kml_494</name>
<snippet> </snippet>
<description><![CDATA[<center><table><tr><th colspan='2' align='center'><em>Attributes</em></th></tr><tr bgcolor="#E3E3F3">
<th>STATION_NA</th>
<td>TANJONG PAGAR MRT STATION</td>
</tr><tr bgcolor="">
<th>EXIT_CODE</th>
<td>Exit E</td>
</tr><tr bgcolor="#E3E3F3">
<th>INC_CRC</th>
<td>BD38C5FD98D816FF</td>
</tr><tr bgcolor="">
<th>FMEL_UPD_D</th>
<td>20230127204435</td>
</tr></table></center>]]></description>
<ExtendedData>
<SchemaData schemaUrl="#kml_schema_ft_MRT_EXITS">
<SimpleData name="STATION_NA">TANJONG PAGAR MRT STATION</SimpleData>
<SimpleData name="EXIT_CODE">Exit E</SimpleData>
<SimpleData name="INC_CRC">BD38C5FD98D816FF</SimpleData>
<SimpleData name="FMEL_UPD_D">20230127204435</SimpleData>
</SchemaData>
</ExtendedData>
<Point>
<coordinates>103.847095791197,1.27625910113258,0.0</coordinates>
</Point>
</Placemark>
<Placemark id="kml_495">
<name>kml_495</name>
<snippet> </snippet>
<description><![CDATA[<center><table><tr><th colspan='2' align='center'><em>Attributes</em></th></tr><tr bgcolor="#E3E3F3">
<th>STATION_NA</th>
<td>BENCOOLEN MRT STATION</td>
</tr><tr bgcolor="">
<th>EXIT_CODE</th>
<td>Exit B</td>
</tr><tr bgcolor="#E3E3F3">
<th>INC_CRC</th>
<td>0DF43E9348A676BC</td>
</tr><tr bgcolor="">
<th>FMEL_UPD_D</th>
<td>20230127204435</td>
</tr></table></center>]]></description>
<ExtendedData>
<SchemaData schemaUrl="#kml_schema_ft_MRT_EXITS">
<SimpleData name="STATION_NA">BENCOOLEN MRT STATION</SimpleData>
<SimpleData name="EXIT_CODE">Exit B</SimpleData>
<SimpleData name="INC_CRC">0DF43E9348A676BC</SimpleData>
<SimpleData name="FMEL_UPD_D">20230127204435</SimpleData>
</SchemaData>
</ExtendedData>
<Point>
<coordinates>103.849560477591,1.29819940045567,0.0</coordinates>
</Point>
</Placemark>
<Placemark id="kml_496">
<name>kml_496</name>
<snippet> </snippet>
<description><![CDATA[<center><table><tr><th colspan='2' align='center'><em>Attributes</em></th></tr><tr bgcolor="#E3E3F3">
<th>STATION_NA</th>
<td>TAMPINES EAST MRT STATION</td>
</tr><tr bgcolor="">
<th>EXIT_CODE</th>
<td>Exit C</td>
</tr><tr bgcolor="#E3E3F3">
<th>INC_CRC</th>
<td>FFF4C9A7B530851C</td>
</tr><tr bgcolor="">
<th>FMEL_UPD_D</th>
<td>20230127204435</td>
</tr></table></center>]]></description>
<ExtendedData>
<SchemaData schemaUrl="#kml_schema_ft_MRT_EXITS">
<SimpleData name="STATION_NA">TAMPINES EAST MRT STATION</SimpleData>
<SimpleData name="EXIT_CODE">Exit C</SimpleData>
<SimpleData name="INC_CRC">FFF4C9A7B530851C</SimpleData>
<SimpleData name="FMEL_UPD_D">20230127204435</SimpleData>
</SchemaData>
</ExtendedData>
<Point>
<coordinates>103.955704711379,1.35555317150178,0.0</coordinates>
</Point>
</Placemark>
<Placemark id="kml_497">
<name>kml_497</name>
<snippet> </snippet>
<description><![CDATA[<center><table><tr><th colspan='2' align='center'><em>Attributes</em></th></tr><tr bgcolor="#E3E3F3">
<th>STATION_NA</th>
<td>MATTAR MRT STATION</td>
</tr><tr bgcolor="">
<th>EXIT_CODE</th>
<td>Exit A</td>
</tr><tr bgcolor="#E3E3F3">
<th>INC_CRC</th>
<td>6B8EB7C225C36578</td>
</tr><tr bgcolor="">
<th>FMEL_UPD_D</th>
<td>20230127204435</td>
</tr></table></center>]]></description>
<ExtendedData>
<SchemaData schemaUrl="#kml_schema_ft_MRT_EXITS">
<SimpleData name="STATION_NA">MATTAR MRT STATION</SimpleData>
<SimpleData name="EXIT_CODE">Exit A</SimpleData>
<SimpleData name="INC_CRC">6B8EB7C225C36578</SimpleData>
<SimpleData name="FMEL_UPD_D">20230127204435</SimpleData>
</SchemaData>
</ExtendedData>
<Point>
<coordinates>103.882732067245,1.3272514140918,0.0</coordinates>
</Point>
</Placemark>
<Placemark id="kml_498">
<name>kml_498</name>
<snippet> </snippet>
<description><![CDATA[<center><table><tr><th colspan='2' align='center'><em>Attributes</em></th></tr><tr bgcolor="#E3E3F3">
<th>STATION_NA</th>
<td>TAMPINES MRT STATION</td>
</tr><tr bgcolor="">
<th>EXIT_CODE</th>
<td>Exit E</td>
</tr><tr bgcolor="#E3E3F3">
<th>INC_CRC</th>
<td>CFE16BC8ECCE4D1A</td>
</tr><tr bgcolor="">
<th>FMEL_UPD_D</th>
<td>20230127204435</td>
</tr></table></center>]]></description>
<ExtendedData>
<SchemaData schemaUrl="#kml_schema_ft_MRT_EXITS">
<SimpleData name="STATION_NA">TAMPINES MRT STATION</SimpleData>
<SimpleData name="EXIT_CODE">Exit E</SimpleData>
<SimpleData name="INC_CRC">CFE16BC8ECCE4D1A</SimpleData>
<SimpleData name="FMEL_UPD_D">20230127204435</SimpleData>
</SchemaData>
</ExtendedData>
<Point>
<coordinates>103.942658810694,1.35585344476425,0.0</coordinates>
</Point>
</Placemark>
<Placemark id="kml_499">
<name>kml_499</name>
<snippet> </snippet>
<description><![CDATA[<center><table><tr><th colspan='2' align='center'><em>Attributes</em></th></tr><tr bgcolor="#E3E3F3">
<th>STATION_NA</th>
<td>UPPER CHANGI MRT STATION</td>
</tr><tr bgcolor="">
<th>EXIT_CODE</th>
<td>Exit A</td>
</tr><tr bgcolor="#E3E3F3">
<th>INC_CRC</th>
<td>23F915FD4BA908AB</td>
</tr><tr bgcolor="">
<th>FMEL_UPD_D</th>
<td>20230127204435</td>
</tr></table></center>]]></description>
<ExtendedData>
<SchemaData schemaUrl="#kml_schema_ft_MRT_EXITS">
<SimpleData name="STATION_NA">UPPER CHANGI MRT STATION</SimpleData>
<SimpleData name="EXIT_CODE">Exit A</SimpleData>
<SimpleData name="INC_CRC">23F915FD4BA908AB</SimpleData>
<SimpleData name="FMEL_UPD_D">20230127204435</SimpleData>
</SchemaData>
</ExtendedData>
<Point>
<coordinates>103.961328480539,1.34186119734213,0.0</coordinates>
</Point>
</Placemark>
<Placemark id="kml_500">
<name>kml_500</name>
<snippet> </snippet>
<description><![CDATA[<center><table><tr><th colspan='2' align='center'><em>Attributes</em></th></tr><tr bgcolor="#E3E3F3">
<th>STATION_NA</th>
<td>TAMPINES EAST MRT STATION</td>
</tr><tr bgcolor="">
<th>EXIT_CODE</th>
<td>Exit B</td>
</tr><tr bgcolor="#E3E3F3">
<th>INC_CRC</th>
<td>192449D843551047</td>
</tr><tr bgcolor="">
<th>FMEL_UPD_D</th>
<td>20230127204435</td>
</tr></table></center>]]></description>
<ExtendedData>
<SchemaData schemaUrl="#kml_schema_ft_MRT_EXITS">
<SimpleData name="STATION_NA">TAMPINES EAST MRT STATION</SimpleData>
<SimpleData name="EXIT_CODE">Exit B</SimpleData>
<SimpleData name="INC_CRC">192449D843551047</SimpleData>
<SimpleData name="FMEL_UPD_D">20230127204435</SimpleData>
</SchemaData>
</ExtendedData>
<Point>
<coordinates>103.955170014221,1.35558822639472,0.0</coordinates>
</Point>
</Placemark>
<Placemark id="kml_501">
<name>kml_501</name>
<snippet> </snippet>
<description><![CDATA[<center><table><tr><th colspan='2' align='center'><em>Attributes</em></th></tr><tr bgcolor="#E3E3F3">
<th>STATION_NA</th>
<td>JALAN BESAR MRT STATION</td>
</tr><tr bgcolor="">
<th>EXIT_CODE</th>
<td>Exit B</td>
</tr><tr bgcolor="#E3E3F3">
<th>INC_CRC</th>
<td>F845CB06D67E6A83</td>
</tr><tr bgcolor="">
<th>FMEL_UPD_D</th>
<td>20230127204435</td>
</tr></table></center>]]></description>
<ExtendedData>
<SchemaData schemaUrl="#kml_schema_ft_MRT_EXITS">
<SimpleData name="STATION_NA">JALAN BESAR MRT STATION</SimpleData>
<SimpleData name="EXIT_CODE">Exit B</SimpleData>
<SimpleData name="INC_CRC">F845CB06D67E6A83</SimpleData>
<SimpleData name="FMEL_UPD_D">20230127204435</SimpleData>
</SchemaData>
</ExtendedData>
<Point>
<coordinates>103.855244564615,1.30546727989327,0.0</coordinates>
</Point>
</Placemark>
<Placemark id="kml_502">
<name>kml_502</name>
<snippet> </snippet>
<description><![CDATA[<center><table><tr><th colspan='2' align='center'><em>Attributes</em></th></tr><tr bgcolor="#E3E3F3">
<th>STATION_NA</th>
<td>BEDOK NORTH MRT STATION</td>
</tr><tr bgcolor="">
<th>EXIT_CODE</th>
<td>Exit A</td>
</tr><tr bgcolor="#E3E3F3">
<th>INC_CRC</th>
<td>D120C83FD7AA7B80</td>
</tr><tr bgcolor="">
<th>FMEL_UPD_D</th>
<td>20230127204435</td>
</tr></table></center>]]></description>
<ExtendedData>
<SchemaData schemaUrl="#kml_schema_ft_MRT_EXITS">
<SimpleData name="STATION_NA">BEDOK NORTH MRT STATION</SimpleData>
<SimpleData name="EXIT_CODE">Exit A</SimpleData>
<SimpleData name="INC_CRC">D120C83FD7AA7B80</SimpleData>
<SimpleData name="FMEL_UPD_D">20230127204435</SimpleData>
</SchemaData>
</ExtendedData>
<Point>
<coordinates>103.918049823987,1.33512626621364,0.0</coordinates>
</Point>
</Placemark>
<Placemark id="kml_503">
<name>kml_503</name>
<snippet> </snippet>
<description><![CDATA[<center><table><tr><th colspan='2' align='center'><em>Attributes</em></th></tr><tr bgcolor="#E3E3F3">
<th>STATION_NA</th>
<td>UPPER CHANGI MRT STATION</td>
</tr><tr bgcolor="">
<th>EXIT_CODE</th>
<td>Exit A</td>
</tr><tr bgcolor="#E3E3F3">
<th>INC_CRC</th>
<td>FC43DB54B0E61973</td>
</tr><tr bgcolor="">
<th>FMEL_UPD_D</th>
<td>20230127204435</td>
</tr></table></center>]]></description>
<ExtendedData>
<SchemaData schemaUrl="#kml_schema_ft_MRT_EXITS">
<SimpleData name="STATION_NA">UPPER CHANGI MRT STATION</SimpleData>
<SimpleData name="EXIT_CODE">Exit A</SimpleData>
<SimpleData name="INC_CRC">FC43DB54B0E61973</SimpleData>
<SimpleData name="FMEL_UPD_D">20230127204435</SimpleData>
</SchemaData>
</ExtendedData>
<Point>
<coordinates>103.96096063019,1.3420065422681,0.0</coordinates>
</Point>
</Placemark>
<Placemark id="kml_504">
<name>kml_504</name>
<snippet> </snippet>
<description><![CDATA[<center><table><tr><th colspan='2' align='center'><em>Attributes</em></th></tr><tr bgcolor="#E3E3F3">
<th>STATION_NA</th>
<td>BEDOK NORTH MRT STATION</td>
</tr><tr bgcolor="">
<th>EXIT_CODE</th>
<td>Exit B</td>
</tr><tr bgcolor="#E3E3F3">
<th>INC_CRC</th>
<td>472D306FE205DA62</td>
</tr><tr bgcolor="">
<th>FMEL_UPD_D</th>
<td>20230127204435</td>
</tr></table></center>]]></description>
<ExtendedData>
<SchemaData schemaUrl="#kml_schema_ft_MRT_EXITS">
<SimpleData name="STATION_NA">BEDOK NORTH MRT STATION</SimpleData>
<SimpleData name="EXIT_CODE">Exit B</SimpleData>
<SimpleData name="INC_CRC">472D306FE205DA62</SimpleData>
<SimpleData name="FMEL_UPD_D">20230127204435</SimpleData>
</SchemaData>
</ExtendedData>
<Point>
<coordinates>103.919062823449,1.33416607444721,0.0</coordinates>
</Point>
</Placemark>
<Placemark id="kml_505">
<name>kml_505</name>
<snippet> </snippet>
<description><![CDATA[<center><table><tr><th colspan='2' align='center'><em>Attributes</em></th></tr><tr bgcolor="#E3E3F3">
<th>STATION_NA</th>
<td>BENDEMEER MRT STATION</td>
</tr><tr bgcolor="">
<th>EXIT_CODE</th>
<td>Exit B</td>
</tr><tr bgcolor="#E3E3F3">
<th>INC_CRC</th>
<td>5EC1075AF445471C</td>
</tr><tr bgcolor="">
<th>FMEL_UPD_D</th>
<td>20230127204435</td>
</tr></table></center>]]></description>
<ExtendedData>
<SchemaData schemaUrl="#kml_schema_ft_MRT_EXITS">
<SimpleData name="STATION_NA">BENDEMEER MRT STATION</SimpleData>
<SimpleData name="EXIT_CODE">Exit B</SimpleData>
<SimpleData name="INC_CRC">5EC1075AF445471C</SimpleData>
<SimpleData name="FMEL_UPD_D">20230127204435</SimpleData>
</SchemaData>
</ExtendedData>
<Point>
<coordinates>103.863219231431,1.3134807250256,0.0</coordinates>
</Point>
</Placemark>
<Placemark id="kml_506">
<name>kml_506</name>
<snippet> </snippet>
<description><![CDATA[<center><table><tr><th colspan='2' align='center'><em>Attributes</em></th></tr><tr bgcolor="#E3E3F3">
<th>STATION_NA</th>
<td>TAMPINES WEST MRT STATION</td>
</tr><tr bgcolor="">
<th>EXIT_CODE</th>
<td>Exit A</td>
</tr><tr bgcolor="#E3E3F3">
<th>INC_CRC</th>
<td>6F2A56A935D2673D</td>
</tr><tr bgcolor="">
<th>FMEL_UPD_D</th>
<td>20230127204435</td>
</tr></table></center>]]></description>
<ExtendedData>
<SchemaData schemaUrl="#kml_schema_ft_MRT_EXITS">
<SimpleData name="STATION_NA">TAMPINES WEST MRT STATION</SimpleData>
<SimpleData name="EXIT_CODE">Exit A</SimpleData>
<SimpleData name="INC_CRC">6F2A56A935D2673D</SimpleData>
<SimpleData name="FMEL_UPD_D">20230127204435</SimpleData>
</SchemaData>
</ExtendedData>
<Point>
<coordinates>103.938196740006,1.34563058761391,0.0</coordinates>
</Point>
</Placemark>
<Placemark id="kml_507">
<name>kml_507</name>
<snippet> </snippet>
<description><![CDATA[<center><table><tr><th colspan='2' align='center'><em>Attributes</em></th></tr><tr bgcolor="#E3E3F3">
<th>STATION_NA</th>
<td>UBI MRT STATION</td>
</tr><tr bgcolor="">
<th>EXIT_CODE</th>
<td>Exit B</td>
</tr><tr bgcolor="#E3E3F3">
<th>INC_CRC</th>
<td>7CB7D918F6B5E915</td>
</tr><tr bgcolor="">
<th>FMEL_UPD_D</th>
<td>20230127204435</td>
</tr></table></center>]]></description>
<ExtendedData>
<SchemaData schemaUrl="#kml_schema_ft_MRT_EXITS">
<SimpleData name="STATION_NA">UBI MRT STATION</SimpleData>
<SimpleData name="EXIT_CODE">Exit B</SimpleData>
<SimpleData name="INC_CRC">7CB7D918F6B5E915</SimpleData>
<SimpleData name="FMEL_UPD_D">20230127204435</SimpleData>
</SchemaData>
</ExtendedData>
<Point>
<coordinates>103.898585570916,1.32983077067473,0.0</coordinates>
</Point>
</Placemark>
<Placemark id="kml_508">
<name>kml_508</name>
<snippet> </snippet>
<description><![CDATA[<center><table><tr><th colspan='2' align='center'><em>Attributes</em></th></tr><tr bgcolor="#E3E3F3">
<th>STATION_NA</th>
<td>FORT CANNING MRT STATION</td>
</tr><tr bgcolor="">
<th>EXIT_CODE</th>
<td>Exit B</td>
</tr><tr bgcolor="#E3E3F3">
<th>INC_CRC</th>
<td>AF446178B7F1A586</td>
</tr><tr bgcolor="">
<th>FMEL_UPD_D</th>
<td>20230127204435</td>
</tr></table></center>]]></description>
<ExtendedData>
<SchemaData schemaUrl="#kml_schema_ft_MRT_EXITS">
<SimpleData name="STATION_NA">FORT CANNING MRT STATION</SimpleData>
<SimpleData name="EXIT_CODE">Exit B</SimpleData>
<SimpleData name="INC_CRC">AF446178B7F1A586</SimpleData>
<SimpleData name="FMEL_UPD_D">20230127204435</SimpleData>
</SchemaData>
</ExtendedData>
<Point>
<coordinates>103.844425031565,1.29283027594572,0.0</coordinates>
</Point>
</Placemark>
<Placemark id="kml_509">
<name>kml_509</name>
<snippet> </snippet>
<description><![CDATA[<center><table><tr><th colspan='2' align='center'><em>Attributes</em></th></tr><tr bgcolor="#E3E3F3">
<th>STATION_NA</th>
<td>BEDOK NORTH MRT STATION</td>
</tr><tr bgcolor="">
<th>EXIT_CODE</th>
<td>Exit B</td>
</tr><tr bgcolor="#E3E3F3">
<th>INC_CRC</th>
<td>4D84939055694394</td>
</tr><tr bgcolor="">
<th>FMEL_UPD_D</th>
<td>20230127204435</td>
</tr></table></center>]]></description>
<ExtendedData>
<SchemaData schemaUrl="#kml_schema_ft_MRT_EXITS">
<SimpleData name="STATION_NA">BEDOK NORTH MRT STATION</SimpleData>
<SimpleData name="EXIT_CODE">Exit B</SimpleData>
<SimpleData name="INC_CRC">4D84939055694394</SimpleData>
<SimpleData name="FMEL_UPD_D">20230127204435</SimpleData>
</SchemaData>
</ExtendedData>
<Point>
<coordinates>103.919134302662,1.33437249020327,0.0</coordinates>
</Point>
</Placemark>
<Placemark id="kml_510">
<name>kml_510</name>
<snippet> </snippet>
<description><![CDATA[<center><table><tr><th colspan='2' align='center'><em>Attributes</em></th></tr><tr bgcolor="#E3E3F3">
<th>STATION_NA</th>
<td>MATTAR MRT STATION</td>
</tr><tr bgcolor="">
<th>EXIT_CODE</th>
<td>Exit B</td>
</tr><tr bgcolor="#E3E3F3">
<th>INC_CRC</th>
<td>63BE655DB172CD4E</td>
</tr><tr bgcolor="">
<th>FMEL_UPD_D</th>
<td>20230127204435</td>
</tr></table></center>]]></description>
<ExtendedData>
<SchemaData schemaUrl="#kml_schema_ft_MRT_EXITS">
<SimpleData name="STATION_NA">MATTAR MRT STATION</SimpleData>
<SimpleData name="EXIT_CODE">Exit B</SimpleData>
<SimpleData name="INC_CRC">63BE655DB172CD4E</SimpleData>
<SimpleData name="FMEL_UPD_D">20230127204435</SimpleData>
</SchemaData>
</ExtendedData>
<Point>
<coordinates>103.883748387313,1.32646352216707,0.0</coordinates>
</Point>
</Placemark>
<Placemark id="kml_511">
<name>kml_511</name>
<snippet> </snippet>
<description><![CDATA[<center><table><tr><th colspan='2' align='center'><em>Attributes</em></th></tr><tr bgcolor="#E3E3F3">
<th>STATION_NA</th>
<td>FORT CANNING MRT STATION</td>
</tr><tr bgcolor="">
<th>EXIT_CODE</th>
<td>Exit A</td>
</tr><tr bgcolor="#E3E3F3">
<th>INC_CRC</th>
<td>FC551044CAEAB201</td>
</tr><tr bgcolor="">
<th>FMEL_UPD_D</th>
<td>20230127204435</td>
</tr></table></center>]]></description>
<ExtendedData>
<SchemaData schemaUrl="#kml_schema_ft_MRT_EXITS">
<SimpleData name="STATION_NA">FORT CANNING MRT STATION</SimpleData>
<SimpleData name="EXIT_CODE">Exit A</SimpleData>
<SimpleData name="INC_CRC">FC551044CAEAB201</SimpleData>
<SimpleData name="FMEL_UPD_D">20230127204435</SimpleData>
</SchemaData>
</ExtendedData>
<Point>
<coordinates>103.844170034197,1.29240609557825,0.0</coordinates>
</Point>
</Placemark>
<Placemark id="kml_512">
<name>kml_512</name>
<snippet> </snippet>
<description><![CDATA[<center><table><tr><th colspan='2' align='center'><em>Attributes</em></th></tr><tr bgcolor="#E3E3F3">
<th>STATION_NA</th>
<td>UBI MRT STATION</td>
</tr><tr bgcolor="">
<th>EXIT_CODE</th>
<td>Exit A</td>
</tr><tr bgcolor="#E3E3F3">
<th>INC_CRC</th>
<td>CAE96AD9A152877B</td>
</tr><tr bgcolor="">
<th>FMEL_UPD_D</th>
<td>20230127204435</td>
</tr></table></center>]]></description>
<ExtendedData>
<SchemaData schemaUrl="#kml_schema_ft_MRT_EXITS">
<SimpleData name="STATION_NA">UBI MRT STATION</SimpleData>
<SimpleData name="EXIT_CODE">Exit A</SimpleData>
<SimpleData name="INC_CRC">CAE96AD9A152877B</SimpleData>
<SimpleData name="FMEL_UPD_D">20230127204435</SimpleData>
</SchemaData>
</ExtendedData>
<Point>
<coordinates>103.899876690857,1.32995082828977,0.0</coordinates>
</Point>
</Placemark>
<Placemark id="kml_513">
<name>kml_513</name>
<snippet> </snippet>
<description><![CDATA[<center><table><tr><th colspan='2' align='center'><em>Attributes</em></th></tr><tr bgcolor="#E3E3F3">
<th>STATION_NA</th>
<td>UPPER CHANGI MRT STATION</td>
</tr><tr bgcolor="">
<th>EXIT_CODE</th>
<td>Exit C</td>
</tr><tr bgcolor="#E3E3F3">
<th>INC_CRC</th>
<td>9EAAA93AC64D4C2B</td>
</tr><tr bgcolor="">
<th>FMEL_UPD_D</th>
<td>20230127204435</td>
</tr></table></center>]]></description>
<ExtendedData>
<SchemaData schemaUrl="#kml_schema_ft_MRT_EXITS">
<SimpleData name="STATION_NA">UPPER CHANGI MRT STATION</SimpleData>
<SimpleData name="EXIT_CODE">Exit C</SimpleData>
<SimpleData name="INC_CRC">9EAAA93AC64D4C2B</SimpleData>
<SimpleData name="FMEL_UPD_D">20230127204435</SimpleData>
</SchemaData>
</ExtendedData>
<Point>
<coordinates>103.96161727308,1.34199266734225,0.0</coordinates>
</Point>
</Placemark>
<Placemark id="kml_514">
<name>kml_514</name>
<snippet> </snippet>
<description><![CDATA[<center><table><tr><th colspan='2' align='center'><em>Attributes</em></th></tr><tr bgcolor="#E3E3F3">
<th>STATION_NA</th>
<td>UPPER CHANGI MRT STATION</td>
</tr><tr bgcolor="">
<th>EXIT_CODE</th>
<td>Exit B</td>
</tr><tr bgcolor="#E3E3F3">
<th>INC_CRC</th>
<td>D12B752513687695</td>
</tr><tr bgcolor="">
<th>FMEL_UPD_D</th>
<td>20230127204435</td>
</tr></table></center>]]></description>
<ExtendedData>
<SchemaData schemaUrl="#kml_schema_ft_MRT_EXITS">
<SimpleData name="STATION_NA">UPPER CHANGI MRT STATION</SimpleData>
<SimpleData name="EXIT_CODE">Exit B</SimpleData>
<SimpleData name="INC_CRC">D12B752513687695</SimpleData>
<SimpleData name="FMEL_UPD_D">20230127204435</SimpleData>
</SchemaData>
</ExtendedData>
<Point>
<coordinates>103.961476268426,1.34103767912256,0.0</coordinates>
</Point>
</Placemark>
<Placemark id="kml_515">
<name>kml_515</name>
<snippet> </snippet>
<description><![CDATA[<center><table><tr><th colspan='2' align='center'><em>Attributes</em></th></tr><tr bgcolor="#E3E3F3">
<th>STATION_NA</th>
<td>TAMPINES EAST MRT STATION</td>
</tr><tr bgcolor="">
<th>EXIT_CODE</th>
<td>Exit D</td>
</tr><tr bgcolor="#E3E3F3">
<th>INC_CRC</th>
<td>99EACB07EB87275F</td>
</tr><tr bgcolor="">
<th>FMEL_UPD_D</th>
<td>20230127204435</td>
</tr></table></center>]]></description>
<ExtendedData>
<SchemaData schemaUrl="#kml_schema_ft_MRT_EXITS">
<SimpleData name="STATION_NA">TAMPINES EAST MRT STATION</SimpleData>
<SimpleData name="EXIT_CODE">Exit D</SimpleData>
<SimpleData name="INC_CRC">99EACB07EB87275F</SimpleData>
<SimpleData name="FMEL_UPD_D">20230127204435</SimpleData>
</SchemaData>
</ExtendedData>
<Point>
<coordinates>103.955717437922,1.35697019355667,0.0</coordinates>
</Point>
</Placemark>
<Placemark id="kml_516">
<name>kml_516</name>
<snippet> </snippet>
<description><![CDATA[<center><table><tr><th colspan='2' align='center'><em>Attributes</em></th></tr><tr bgcolor="#E3E3F3">
<th>STATION_NA</th>
<td>TANJONG PAGAR MRT STATION</td>
</tr><tr bgcolor="">
<th>EXIT_CODE</th>
<td>Exit F</td>
</tr><tr bgcolor="#E3E3F3">
<th>INC_CRC</th>
<td>39E16699C1976560</td>
</tr><tr bgcolor="">
<th>FMEL_UPD_D</th>
<td>20230127204435</td>
</tr></table></center>]]></description>
<ExtendedData>
<SchemaData schemaUrl="#kml_schema_ft_MRT_EXITS">
<SimpleData name="STATION_NA">TANJONG PAGAR MRT STATION</SimpleData>
<SimpleData name="EXIT_CODE">Exit F</SimpleData>
<SimpleData name="INC_CRC">39E16699C1976560</SimpleData>
<SimpleData name="FMEL_UPD_D">20230127204435</SimpleData>
</SchemaData>
</ExtendedData>
<Point>
<coordinates>103.846927580235,1.27737948810714,0.0</coordinates>
</Point>
</Placemark>
<Placemark id="kml_517">
<name>kml_517</name>
<snippet> </snippet>
<description><![CDATA[<center><table><tr><th colspan='2' align='center'><em>Attributes</em></th></tr><tr bgcolor="#E3E3F3">
<th>STATION_NA</th>
<td>TANJONG PAGAR MRT STATION</td>
</tr><tr bgcolor="">
<th>EXIT_CODE</th>
<td>Exit G</td>
</tr><tr bgcolor="#E3E3F3">
<th>INC_CRC</th>
<td>E1CC299B43F4C1C1</td>
</tr><tr bgcolor="">
<th>FMEL_UPD_D</th>
<td>20230127204435</td>
</tr></table></center>]]></description>
<ExtendedData>
<SchemaData schemaUrl="#kml_schema_ft_MRT_EXITS">
<SimpleData name="STATION_NA">TANJONG PAGAR MRT STATION</SimpleData>
<SimpleData name="EXIT_CODE">Exit G</SimpleData>
<SimpleData name="INC_CRC">E1CC299B43F4C1C1</SimpleData>
<SimpleData name="FMEL_UPD_D">20230127204435</SimpleData>
</SchemaData>
</ExtendedData>
<Point>
<coordinates>103.846953147544,1.27778454036503,0.0</coordinates>
</Point>
</Placemark>
<Placemark id="kml_518">
<name>kml_518</name>
<snippet> </snippet>
<description><![CDATA[<center><table><tr><th colspan='2' align='center'><em>Attributes</em></th></tr><tr bgcolor="#E3E3F3">
<th>STATION_NA</th>
<td>TANJONG PAGAR MRT STATION</td>
</tr><tr bgcolor="">
<th>EXIT_CODE</th>
<td>Exit H</td>
</tr><tr bgcolor="#E3E3F3">
<th>INC_CRC</th>
<td>E922D2F204D2DA84</td>
</tr><tr bgcolor="">
<th>FMEL_UPD_D</th>
<td>20230127204435</td>
</tr></table></center>]]></description>
<ExtendedData>
<SchemaData schemaUrl="#kml_schema_ft_MRT_EXITS">
<SimpleData name="STATION_NA">TANJONG PAGAR MRT STATION</SimpleData>
<SimpleData name="EXIT_CODE">Exit H</SimpleData>
<SimpleData name="INC_CRC">E922D2F204D2DA84</SimpleData>
<SimpleData name="FMEL_UPD_D">20230127204435</SimpleData>
</SchemaData>
</ExtendedData>
<Point>
<coordinates>103.846445088412,1.27545090434532,0.0</coordinates>
</Point>
</Placemark>
<Placemark id="kml_519">
<name>kml_519</name>
<snippet> </snippet>
<description><![CDATA[<center><table><tr><th colspan='2' align='center'><em>Attributes</em></th></tr><tr bgcolor="#E3E3F3">
<th>STATION_NA</th>
<td>ESPLANADE MRT STATION</td>
</tr><tr bgcolor="">
<th>EXIT_CODE</th>
<td>Exit E</td>
</tr><tr bgcolor="#E3E3F3">
<th>INC_CRC</th>
<td>5A8D40F4CDB7B0AD</td>
</tr><tr bgcolor="">
<th>FMEL_UPD_D</th>
<td>20230127204435</td>
</tr></table></center>]]></description>
<ExtendedData>
<SchemaData schemaUrl="#kml_schema_ft_MRT_EXITS">
<SimpleData name="STATION_NA">ESPLANADE MRT STATION</SimpleData>
<SimpleData name="EXIT_CODE">Exit E</SimpleData>
<SimpleData name="INC_CRC">5A8D40F4CDB7B0AD</SimpleData>
<SimpleData name="FMEL_UPD_D">20230127204435</SimpleData>
</SchemaData>
</ExtendedData>
<Point>
<coordinates>103.855567841069,1.29312881366023,0.0</coordinates>
</Point>
</Placemark>
<Placemark id="kml_520">
<name>kml_520</name>
<snippet> </snippet>
<description><![CDATA[<center><table><tr><th colspan='2' align='center'><em>Attributes</em></th></tr><tr bgcolor="#E3E3F3">
<th>STATION_NA</th>
<td>ESPLANADE MRT STATION</td>
</tr><tr bgcolor="">
<th>EXIT_CODE</th>
<td>Exit F</td>
</tr><tr bgcolor="#E3E3F3">
<th>INC_CRC</th>
<td>C6AC4E01D3816D01</td>
</tr><tr bgcolor="">
<th>FMEL_UPD_D</th>
<td>20230127204435</td>
</tr></table></center>]]></description>
<ExtendedData>
<SchemaData schemaUrl="#kml_schema_ft_MRT_EXITS">
<SimpleData name="STATION_NA">ESPLANADE MRT STATION</SimpleData>
<SimpleData name="EXIT_CODE">Exit F</SimpleData>
<SimpleData name="INC_CRC">C6AC4E01D3816D01</SimpleData>
<SimpleData name="FMEL_UPD_D">20230127204435</SimpleData>
</SchemaData>
</ExtendedData>
<Point>
<coordinates>103.855104632111,1.29381950731267,0.0</coordinates>
</Point>
</Placemark>
<Placemark id="kml_521">
<name>kml_521</name>
<snippet> </snippet>
<description><![CDATA[<center><table><tr><th colspan='2' align='center'><em>Attributes</em></th></tr><tr bgcolor="#E3E3F3">
<th>STATION_NA</th>
<td>ESPLANADE MRT STATION</td>
</tr><tr bgcolor="">
<th>EXIT_CODE</th>
<td>Exit D</td>
</tr><tr bgcolor="#E3E3F3">
<th>INC_CRC</th>
<td>63956E6E46ECE3E0</td>
</tr><tr bgcolor="">
<th>FMEL_UPD_D</th>
<td>20230127204435</td>
</tr></table></center>]]></description>
<ExtendedData>
<SchemaData schemaUrl="#kml_schema_ft_MRT_EXITS">
<SimpleData name="STATION_NA">ESPLANADE MRT STATION</SimpleData>
<SimpleData name="EXIT_CODE">Exit D</SimpleData>
<SimpleData name="INC_CRC">63956E6E46ECE3E0</SimpleData>
<SimpleData name="FMEL_UPD_D">20230127204435</SimpleData>
</SchemaData>
</ExtendedData>
<Point>
<coordinates>103.85583375579,1.29262374346665,0.0</coordinates>
</Point>
</Placemark>
<Placemark id="kml_522">
<name>kml_522</name>
<snippet> </snippet>
<description><![CDATA[<center><table><tr><th colspan='2' align='center'><em>Attributes</em></th></tr><tr bgcolor="#E3E3F3">
<th>STATION_NA</th>
<td>PROMENADE MRT STATION</td>
</tr><tr bgcolor="">
<th>EXIT_CODE</th>
<td>Exit B</td>
</tr><tr bgcolor="#E3E3F3">
<th>INC_CRC</th>
<td>BCC2873D65F6A92C</td>
</tr><tr bgcolor="">
<th>FMEL_UPD_D</th>
<td>20230127204435</td>
</tr></table></center>]]></description>
<ExtendedData>
<SchemaData schemaUrl="#kml_schema_ft_MRT_EXITS">
<SimpleData name="STATION_NA">PROMENADE MRT STATION</SimpleData>
<SimpleData name="EXIT_CODE">Exit B</SimpleData>
<SimpleData name="INC_CRC">BCC2873D65F6A92C</SimpleData>
<SimpleData name="FMEL_UPD_D">20230127204435</SimpleData>
</SchemaData>
</ExtendedData>
<Point>
<coordinates>103.860136884402,1.29386208787626,0.0</coordinates>
</Point>
</Placemark>
<Placemark id="kml_523">
<name>kml_523</name>
<snippet> </snippet>
<description><![CDATA[<center><table><tr><th colspan='2' align='center'><em>Attributes</em></th></tr><tr bgcolor="#E3E3F3">
<th>STATION_NA</th>
<td>NICOLL HIGHWAY MRT STATION</td>
</tr><tr bgcolor="">
<th>EXIT_CODE</th>
<td>Exit A</td>
</tr><tr bgcolor="#E3E3F3">
<th>INC_CRC</th>
<td>CE8447F8465B2FF7</td>
</tr><tr bgcolor="">
<th>FMEL_UPD_D</th>
<td>20230127204435</td>
</tr></table></center>]]></description>
<ExtendedData>
<SchemaData schemaUrl="#kml_schema_ft_MRT_EXITS">
<SimpleData name="STATION_NA">NICOLL HIGHWAY MRT STATION</SimpleData>
<SimpleData name="EXIT_CODE">Exit A</SimpleData>
<SimpleData name="INC_CRC">CE8447F8465B2FF7</SimpleData>
<SimpleData name="FMEL_UPD_D">20230127204435</SimpleData>
</SchemaData>
</ExtendedData>
<Point>
<coordinates>103.863505955243,1.30016968970884,0.0</coordinates>
</Point>
</Placemark>
<Placemark id="kml_524">
<name>kml_524</name>
<snippet> </snippet>
<description><![CDATA[<center><table><tr><th colspan='2' align='center'><em>Attributes</em></th></tr><tr bgcolor="#E3E3F3">
<th>STATION_NA</th>
<td>STADIUM MRT STATION</td>
</tr><tr bgcolor="">
<th>EXIT_CODE</th>
<td>Exit B</td>
</tr><tr bgcolor="#E3E3F3">
<th>INC_CRC</th>
<td>402BA10E05281F64</td>
</tr><tr bgcolor="">
<th>FMEL_UPD_D</th>
<td>20230127204435</td>
</tr></table></center>]]></description>
<ExtendedData>
<SchemaData schemaUrl="#kml_schema_ft_MRT_EXITS">
<SimpleData name="STATION_NA">STADIUM MRT STATION</SimpleData>
<SimpleData name="EXIT_CODE">Exit B</SimpleData>
<SimpleData name="INC_CRC">402BA10E05281F64</SimpleData>
<SimpleData name="FMEL_UPD_D">20230127204435</SimpleData>
</SchemaData>
</ExtendedData>
<Point>
<coordinates>103.876226233975,1.30337022602025,0.0</coordinates>
</Point>
</Placemark>
<Placemark id="kml_525">
<name>kml_525</name>
<snippet> </snippet>
<description><![CDATA[<center><table><tr><th colspan='2' align='center'><em>Attributes</em></th></tr><tr bgcolor="#E3E3F3">
<th>STATION_NA</th>
<td>STADIUM MRT STATION</td>
</tr><tr bgcolor="">
<th>EXIT_CODE</th>
<td>Exit A</td>
</tr><tr bgcolor="#E3E3F3">
<th>INC_CRC</th>
<td>CA5A16272BE38BEE</td>
</tr><tr bgcolor="">
<th>FMEL_UPD_D</th>
<td>20230127204435</td>
</tr></table></center>]]></description>
<ExtendedData>
<SchemaData schemaUrl="#kml_schema_ft_MRT_EXITS">
<SimpleData name="STATION_NA">STADIUM MRT STATION</SimpleData>
<SimpleData name="EXIT_CODE">Exit A</SimpleData>
<SimpleData name="INC_CRC">CA5A16272BE38BEE</SimpleData>
<SimpleData name="FMEL_UPD_D">20230127204435</SimpleData>
</SchemaData>
</ExtendedData>
<Point>
<coordinates>103.874399988289,1.3025110877234,0.0</coordinates>
</Point>
</Placemark>
<Placemark id="kml_526">
<name>kml_526</name>
<snippet> </snippet>
<description><![CDATA[<center><table><tr><th colspan='2' align='center'><em>Attributes</em></th></tr><tr bgcolor="#E3E3F3">
<th>STATION_NA</th>
<td>MOUNTBATTEN MRT STATION</td>
</tr><tr bgcolor="">
<th>EXIT_CODE</th>
<td>Exit B</td>
</tr><tr bgcolor="#E3E3F3">
<th>INC_CRC</th>
<td>187A879D30D2F951</td>
</tr><tr bgcolor="">
<th>FMEL_UPD_D</th>
<td>20230127204435</td>
</tr></table></center>]]></description>
<ExtendedData>
<SchemaData schemaUrl="#kml_schema_ft_MRT_EXITS">
<SimpleData name="STATION_NA">MOUNTBATTEN MRT STATION</SimpleData>
<SimpleData name="EXIT_CODE">Exit B</SimpleData>
<SimpleData name="INC_CRC">187A879D30D2F951</SimpleData>
<SimpleData name="FMEL_UPD_D">20230127204435</SimpleData>
</SchemaData>
</ExtendedData>
<Point>
<coordinates>103.883248292704,1.30604592566075,0.0</coordinates>
</Point>
</Placemark>
<Placemark id="kml_527">
<name>kml_527</name>
<snippet> </snippet>
<description><![CDATA[<center><table><tr><th colspan='2' align='center'><em>Attributes</em></th></tr><tr bgcolor="#E3E3F3">
<th>STATION_NA</th>
<td>MOUNTBATTEN MRT STATION</td>
</tr><tr bgcolor="">
<th>EXIT_CODE</th>
<td>Exit A</td>
</tr><tr bgcolor="#E3E3F3">
<th>INC_CRC</th>
<td>D4AA144302569724</td>
</tr><tr bgcolor="">
<th>FMEL_UPD_D</th>
<td>20230127204435</td>
</tr></table></center>]]></description>
<ExtendedData>
<SchemaData schemaUrl="#kml_schema_ft_MRT_EXITS">
<SimpleData name="STATION_NA">MOUNTBATTEN MRT STATION</SimpleData>
<SimpleData name="EXIT_CODE">Exit A</SimpleData>
<SimpleData name="INC_CRC">D4AA144302569724</SimpleData>
<SimpleData name="FMEL_UPD_D">20230127204435</SimpleData>
</SchemaData>
</ExtendedData>
<Point>
<coordinates>103.882597535734,1.30675271022847,0.0</coordinates>
</Point>
</Placemark>
<Placemark id="kml_528">
<name>kml_528</name>
<snippet> </snippet>
<description><![CDATA[<center><table><tr><th colspan='2' align='center'><em>Attributes</em></th></tr><tr bgcolor="#E3E3F3">
<th>STATION_NA</th>
<td>DAKOTA MRT STATION</td>
</tr><tr bgcolor="">
<th>EXIT_CODE</th>
<td>Exit A</td>
</tr><tr bgcolor="#E3E3F3">
<th>INC_CRC</th>
<td>A66FCFFDD49C15D3</td>
</tr><tr bgcolor="">
<th>FMEL_UPD_D</th>
<td>20230127204435</td>
</tr></table></center>]]></description>
<ExtendedData>
<SchemaData schemaUrl="#kml_schema_ft_MRT_EXITS">
<SimpleData name="STATION_NA">DAKOTA MRT STATION</SimpleData>
<SimpleData name="EXIT_CODE">Exit A</SimpleData>
<SimpleData name="INC_CRC">A66FCFFDD49C15D3</SimpleData>
<SimpleData name="FMEL_UPD_D">20230127204435</SimpleData>
</SchemaData>
</ExtendedData>
<Point>
<coordinates>103.889307215344,1.30881418752426,0.0</coordinates>
</Point>
</Placemark>
<Placemark id="kml_529">
<name>kml_529</name>
<snippet> </snippet>
<description><![CDATA[<center><table><tr><th colspan='2' align='center'><em>Attributes</em></th></tr><tr bgcolor="#E3E3F3">
<th>STATION_NA</th>
<td>DAKOTA MRT STATION</td>
</tr><tr bgcolor="">
<th>EXIT_CODE</th>
<td>Exit B</td>
</tr><tr bgcolor="#E3E3F3">
<th>INC_CRC</th>
<td>AB5D405E46C647FB</td>
</tr><tr bgcolor="">
<th>FMEL_UPD_D</th>
<td>20230127204435</td>
</tr></table></center>]]></description>
<ExtendedData>
<SchemaData schemaUrl="#kml_schema_ft_MRT_EXITS">
<SimpleData name="STATION_NA">DAKOTA MRT STATION</SimpleData>
<SimpleData name="EXIT_CODE">Exit B</SimpleData>
<SimpleData name="INC_CRC">AB5D405E46C647FB</SimpleData>
<SimpleData name="FMEL_UPD_D">20230127204435</SimpleData>
</SchemaData>
</ExtendedData>
<Point>
<coordinates>103.887979337682,1.30809675040545,0.0</coordinates>
</Point>
</Placemark>
<Placemark id="kml_530">
<name>kml_530</name>
<snippet> </snippet>
<description><![CDATA[<center><table><tr><th colspan='2' align='center'><em>Attributes</em></th></tr><tr bgcolor="#E3E3F3">
<th>STATION_NA</th>
<td>PAYA LEBAR MRT STATION</td>
</tr><tr bgcolor="">
<th>EXIT_CODE</th>
<td>Exit C</td>
</tr><tr bgcolor="#E3E3F3">
<th>INC_CRC</th>
<td>0EA7336E0E7F32CF</td>
</tr><tr bgcolor="">
<th>FMEL_UPD_D</th>
<td>20230127204435</td>
</tr></table></center>]]></description>
<ExtendedData>
<SchemaData schemaUrl="#kml_schema_ft_MRT_EXITS">
<SimpleData name="STATION_NA">PAYA LEBAR MRT STATION</SimpleData>
<SimpleData name="EXIT_CODE">Exit C</SimpleData>
<SimpleData name="INC_CRC">0EA7336E0E7F32CF</SimpleData>
<SimpleData name="FMEL_UPD_D">20230127204435</SimpleData>
</SchemaData>
</ExtendedData>
<Point>
<coordinates>103.891721121592,1.31814928543131,0.0</coordinates>
</Point>
</Placemark>
<Placemark id="kml_531">
<name>kml_531</name>
<snippet> </snippet>
<description><![CDATA[<center><table><tr><th colspan='2' align='center'><em>Attributes</em></th></tr><tr bgcolor="#E3E3F3">
<th>STATION_NA</th>
<td>PAYA LEBAR MRT STATION</td>
</tr><tr bgcolor="">
<th>EXIT_CODE</th>
<td>Exit D</td>
</tr><tr bgcolor="#E3E3F3">
<th>INC_CRC</th>
<td>786C0A6632548330</td>
</tr><tr bgcolor="">
<th>FMEL_UPD_D</th>
<td>20230127204435</td>
</tr></table></center>]]></description>
<ExtendedData>
<SchemaData schemaUrl="#kml_schema_ft_MRT_EXITS">
<SimpleData name="STATION_NA">PAYA LEBAR MRT STATION</SimpleData>
<SimpleData name="EXIT_CODE">Exit D</SimpleData>
<SimpleData name="INC_CRC">786C0A6632548330</SimpleData>
<SimpleData name="FMEL_UPD_D">20230127204435</SimpleData>
</SchemaData>
</ExtendedData>
<Point>
<coordinates>103.892077699246,1.31658771946928,0.0</coordinates>
</Point>
</Placemark>
<Placemark id="kml_532">
<name>kml_532</name>
<snippet> </snippet>
<description><![CDATA[<center><table><tr><th colspan='2' align='center'><em>Attributes</em></th></tr><tr bgcolor="#E3E3F3">
<th>STATION_NA</th>
<td>PROMENADE MRT STATION</td>
</tr><tr bgcolor="">
<th>EXIT_CODE</th>
<td>Exit C</td>
</tr><tr bgcolor="#E3E3F3">
<th>INC_CRC</th>
<td>DF287781847E65C1</td>
</tr><tr bgcolor="">
<th>FMEL_UPD_D</th>
<td>20230127204435</td>
</tr></table></center>]]></description>
<ExtendedData>
<SchemaData schemaUrl="#kml_schema_ft_MRT_EXITS">
<SimpleData name="STATION_NA">PROMENADE MRT STATION</SimpleData>
<SimpleData name="EXIT_CODE">Exit C</SimpleData>
<SimpleData name="INC_CRC">DF287781847E65C1</SimpleData>
<SimpleData name="FMEL_UPD_D">20230127204435</SimpleData>
</SchemaData>
</ExtendedData>
<Point>
<coordinates>103.860236484112,1.29410275636151,0.0</coordinates>
</Point>
</Placemark>
<Placemark id="kml_533">
<name>kml_533</name>
<snippet> </snippet>
<description><![CDATA[<center><table><tr><th colspan='2' align='center'><em>Attributes</em></th></tr><tr bgcolor="#E3E3F3">
<th>STATION_NA</th>
<td>KHATIB MRT STATION</td>
</tr><tr bgcolor="">
<th>EXIT_CODE</th>
<td>Exit D</td>
</tr><tr bgcolor="#E3E3F3">
<th>INC_CRC</th>
<td>67A576351EE1E7DB</td>
</tr><tr bgcolor="">
<th>FMEL_UPD_D</th>
<td>20230127204435</td>
</tr></table></center>]]></description>
<ExtendedData>
<SchemaData schemaUrl="#kml_schema_ft_MRT_EXITS">
<SimpleData name="STATION_NA">KHATIB MRT STATION</SimpleData>
<SimpleData name="EXIT_CODE">Exit D</SimpleData>
<SimpleData name="INC_CRC">67A576351EE1E7DB</SimpleData>
<SimpleData name="FMEL_UPD_D">20230127204435</SimpleData>
</SchemaData>
</ExtendedData>
<Point>
<coordinates>103.833231020039,1.41786903711686,0.0</coordinates>
</Point>
</Placemark>
<Placemark id="kml_534">
<name>kml_534</name>
<snippet> </snippet>
<description><![CDATA[<center><table><tr><th colspan='2' align='center'><em>Attributes</em></th></tr><tr bgcolor="#E3E3F3">
<th>STATION_NA</th>
<td>SIMEI MRT STATION</td>
</tr><tr bgcolor="">
<th>EXIT_CODE</th>
<td>Exit A</td>
</tr><tr bgcolor="#E3E3F3">
<th>INC_CRC</th>
<td>FE7E73B9E2A00E1D</td>
</tr><tr bgcolor="">
<th>FMEL_UPD_D</th>
<td>20230127204435</td>
</tr></table></center>]]></description>
<ExtendedData>
<SchemaData schemaUrl="#kml_schema_ft_MRT_EXITS">
<SimpleData name="STATION_NA">SIMEI MRT STATION</SimpleData>
<SimpleData name="EXIT_CODE">Exit A</SimpleData>
<SimpleData name="INC_CRC">FE7E73B9E2A00E1D</SimpleData>
<SimpleData name="FMEL_UPD_D">20230127204435</SimpleData>
</SchemaData>
</ExtendedData>
<Point>
<coordinates>103.953818676297,1.34266179453371,0.0</coordinates>
</Point>
</Placemark>
<Placemark id="kml_535">
<name>kml_535</name>
<snippet> </snippet>
<description><![CDATA[<center><table><tr><th colspan='2' align='center'><em>Attributes</em></th></tr><tr bgcolor="#E3E3F3">
<th>STATION_NA</th>
<td>BEDOK MRT STATION</td>
</tr><tr bgcolor="">
<th>EXIT_CODE</th>
<td>Exit C</td>
</tr><tr bgcolor="#E3E3F3">
<th>INC_CRC</th>
<td>D5D6C1E315FDB9D7</td>
</tr><tr bgcolor="">
<th>FMEL_UPD_D</th>
<td>20230127204435</td>
</tr></table></center>]]></description>
<ExtendedData>
<SchemaData schemaUrl="#kml_schema_ft_MRT_EXITS">
<SimpleData name="STATION_NA">BEDOK MRT STATION</SimpleData>
<SimpleData name="EXIT_CODE">Exit C</SimpleData>
<SimpleData name="INC_CRC">D5D6C1E315FDB9D7</SimpleData>
<SimpleData name="FMEL_UPD_D">20230127204435</SimpleData>
</SchemaData>
</ExtendedData>
<Point>
<coordinates>103.929404279689,1.32407464586546,0.0</coordinates>
</Point>
</Placemark>
<Placemark id="kml_536">
<name>kml_536</name>
<snippet> </snippet>
<description><![CDATA[<center><table><tr><th colspan='2' align='center'><em>Attributes</em></th></tr><tr bgcolor="#E3E3F3">
<th>STATION_NA</th>
<td>BUGIS MRT STATION</td>
</tr><tr bgcolor="">
<th>EXIT_CODE</th>
<td>Exit D</td>
</tr><tr bgcolor="#E3E3F3">
<th>INC_CRC</th>
<td>1AC0E726E51FF630</td>
</tr><tr bgcolor="">
<th>FMEL_UPD_D</th>
<td>20230127204435</td>
</tr></table></center>]]></description>
<ExtendedData>
<SchemaData schemaUrl="#kml_schema_ft_MRT_EXITS">
<SimpleData name="STATION_NA">BUGIS MRT STATION</SimpleData>
<SimpleData name="EXIT_CODE">Exit D</SimpleData>
<SimpleData name="INC_CRC">1AC0E726E51FF630</SimpleData>
<SimpleData name="FMEL_UPD_D">20230127204435</SimpleData>
</SchemaData>
</ExtendedData>
<Point>
<coordinates>103.856890654867,1.29907884888673,0.0</coordinates>
</Point>
</Placemark>
<Placemark id="kml_537">
<name>kml_537</name>
<snippet> </snippet>
<description><![CDATA[<center><table><tr><th colspan='2' align='center'><em>Attributes</em></th></tr><tr bgcolor="#E3E3F3">
<th>STATION_NA</th>
<td>CITY HALL MRT STATION</td>
</tr><tr bgcolor="">
<th>EXIT_CODE</th>
<td>Exit C</td>
</tr><tr bgcolor="#E3E3F3">
<th>INC_CRC</th>
<td>6F31D6D44E1CD68C</td>
</tr><tr bgcolor="">
<th>FMEL_UPD_D</th>
<td>20230127204435</td>
</tr></table></center>]]></description>
<ExtendedData>
<SchemaData schemaUrl="#kml_schema_ft_MRT_EXITS">
<SimpleData name="STATION_NA">CITY HALL MRT STATION</SimpleData>
<SimpleData name="EXIT_CODE">Exit C</SimpleData>
<SimpleData name="INC_CRC">6F31D6D44E1CD68C</SimpleData>
<SimpleData name="FMEL_UPD_D">20230127204435</SimpleData>
</SchemaData>
</ExtendedData>
<Point>
<coordinates>103.852980287708,1.29304184790826,0.0</coordinates>
</Point>
</Placemark>
<Placemark id="kml_538">
<name>kml_538</name>
<snippet> </snippet>
<description><![CDATA[<center><table><tr><th colspan='2' align='center'><em>Attributes</em></th></tr><tr bgcolor="#E3E3F3">
<th>STATION_NA</th>
<td>QUEENSTOWN MRT STATION</td>
</tr><tr bgcolor="">
<th>EXIT_CODE</th>
<td>Exit C</td>
</tr><tr bgcolor="#E3E3F3">
<th>INC_CRC</th>
<td>45F7FB42BEF80E73</td>
</tr><tr bgcolor="">
<th>FMEL_UPD_D</th>
<td>20230127204435</td>
</tr></table></center>]]></description>
<ExtendedData>
<SchemaData schemaUrl="#kml_schema_ft_MRT_EXITS">
<SimpleData name="STATION_NA">QUEENSTOWN MRT STATION</SimpleData>
<SimpleData name="EXIT_CODE">Exit C</SimpleData>
<SimpleData name="INC_CRC">45F7FB42BEF80E73</SimpleData>
<SimpleData name="FMEL_UPD_D">20230127204435</SimpleData>
</SchemaData>
</ExtendedData>
<Point>
<coordinates>103.805584729896,1.2954462560701,0.0</coordinates>
</Point>
</Placemark>
<Placemark id="kml_539">
<name>kml_539</name>
<snippet> </snippet>
<description><![CDATA[<center><table><tr><th colspan='2' align='center'><em>Attributes</em></th></tr><tr bgcolor="#E3E3F3">
<th>STATION_NA</th>
<td>QUEENSTOWN MRT STATION</td>
</tr><tr bgcolor="">
<th>EXIT_CODE</th>
<td>Exit D</td>
</tr><tr bgcolor="#E3E3F3">
<th>INC_CRC</th>
<td>323A1F8C0515C318</td>
</tr><tr bgcolor="">
<th>FMEL_UPD_D</th>
<td>20230127204435</td>
</tr></table></center>]]></description>
<ExtendedData>
<SchemaData schemaUrl="#kml_schema_ft_MRT_EXITS">
<SimpleData name="STATION_NA">QUEENSTOWN MRT STATION</SimpleData>
<SimpleData name="EXIT_CODE">Exit D</SimpleData>
<SimpleData name="INC_CRC">323A1F8C0515C318</SimpleData>
<SimpleData name="FMEL_UPD_D">20230127204435</SimpleData>
</SchemaData>
</ExtendedData>
<Point>
<coordinates>103.805492204888,1.29538293052613,0.0</coordinates>
</Point>
</Placemark>
<Placemark id="kml_540">
<name>kml_540</name>
<snippet> </snippet>
<description><![CDATA[<center><table><tr><th colspan='2' align='center'><em>Attributes</em></th></tr><tr bgcolor="#E3E3F3">
<th>STATION_NA</th>
<td>COMMONWEALTH MRT STATION</td>
</tr><tr bgcolor="">
<th>EXIT_CODE</th>
<td>Exit C</td>
</tr><tr bgcolor="#E3E3F3">
<th>INC_CRC</th>
<td>4759AD8699CAAFEB</td>
</tr><tr bgcolor="">
<th>FMEL_UPD_D</th>
<td>20230127204435</td>
</tr></table></center>]]></description>
<ExtendedData>
<SchemaData schemaUrl="#kml_schema_ft_MRT_EXITS">
<SimpleData name="STATION_NA">COMMONWEALTH MRT STATION</SimpleData>
<SimpleData name="EXIT_CODE">Exit C</SimpleData>
<SimpleData name="INC_CRC">4759AD8699CAAFEB</SimpleData>
<SimpleData name="FMEL_UPD_D">20230127204435</SimpleData>
</SchemaData>
</ExtendedData>
<Point>
<coordinates>103.798778572605,1.30207704580319,0.0</coordinates>
</Point>
</Placemark>
<Placemark id="kml_541">
<name>kml_541</name>
<snippet> </snippet>
<description><![CDATA[<center><table><tr><th colspan='2' align='center'><em>Attributes</em></th></tr><tr bgcolor="#E3E3F3">
<th>STATION_NA</th>
<td>COMMONWEALTH MRT STATION</td>
</tr><tr bgcolor="">
<th>EXIT_CODE</th>
<td>Exit D</td>
</tr><tr bgcolor="#E3E3F3">
<th>INC_CRC</th>
<td>5C10631FF88A2A31</td>
</tr><tr bgcolor="">
<th>FMEL_UPD_D</th>
<td>20230127204435</td>
</tr></table></center>]]></description>
<ExtendedData>
<SchemaData schemaUrl="#kml_schema_ft_MRT_EXITS">
<SimpleData name="STATION_NA">COMMONWEALTH MRT STATION</SimpleData>
<SimpleData name="EXIT_CODE">Exit D</SimpleData>
<SimpleData name="INC_CRC">5C10631FF88A2A31</SimpleData>
<SimpleData name="FMEL_UPD_D">20230127204435</SimpleData>
</SchemaData>
</ExtendedData>
<Point>
<coordinates>103.798720258772,1.30201271935133,0.0</coordinates>
</Point>
</Placemark>
<Placemark id="kml_542">
<name>kml_542</name>
<snippet> </snippet>
<description><![CDATA[<center><table><tr><th colspan='2' align='center'><em>Attributes</em></th></tr><tr bgcolor="#E3E3F3">
<th>STATION_NA</th>
<td>CLEMENTI MRT STATION</td>
</tr><tr bgcolor="">
<th>EXIT_CODE</th>
<td>Exit D</td>
</tr><tr bgcolor="#E3E3F3">
<th>INC_CRC</th>
<td>1BCD78C2E2F0AEBA</td>
</tr><tr bgcolor="">
<th>FMEL_UPD_D</th>
<td>20230127204435</td>
</tr></table></center>]]></description>
<ExtendedData>
<SchemaData schemaUrl="#kml_schema_ft_MRT_EXITS">
<SimpleData name="STATION_NA">CLEMENTI MRT STATION</SimpleData>
<SimpleData name="EXIT_CODE">Exit D</SimpleData>
<SimpleData name="INC_CRC">1BCD78C2E2F0AEBA</SimpleData>
<SimpleData name="FMEL_UPD_D">20230127204435</SimpleData>
</SchemaData>
</ExtendedData>
<Point>
<coordinates>103.765570116184,1.314078414345,0.0</coordinates>
</Point>
</Placemark>
<Placemark id="kml_543">
<name>kml_543</name>
<snippet> </snippet>
<description><![CDATA[<center><table><tr><th colspan='2' align='center'><em>Attributes</em></th></tr><tr bgcolor="#E3E3F3">
<th>STATION_NA</th>
<td>CLEMENTI MRT STATION</td>
</tr><tr bgcolor="">
<th>EXIT_CODE</th>
<td>Exit C</td>
</tr><tr bgcolor="#E3E3F3">
<th>INC_CRC</th>
<td>B42D779AB82F42CF</td>
</tr><tr bgcolor="">
<th>FMEL_UPD_D</th>
<td>20230127204435</td>
</tr></table></center>]]></description>
<ExtendedData>
<SchemaData schemaUrl="#kml_schema_ft_MRT_EXITS">
<SimpleData name="STATION_NA">CLEMENTI MRT STATION</SimpleData>
<SimpleData name="EXIT_CODE">Exit C</SimpleData>
<SimpleData name="INC_CRC">B42D779AB82F42CF</SimpleData>
<SimpleData name="FMEL_UPD_D">20230127204435</SimpleData>
</SchemaData>
</ExtendedData>
<Point>
<coordinates>103.765749815719,1.31416229810691,0.0</coordinates>
</Point>
</Placemark>
<Placemark id="kml_544">
<name>kml_544</name>
<snippet> </snippet>
<description><![CDATA[<center><table><tr><th colspan='2' align='center'><em>Attributes</em></th></tr><tr bgcolor="#E3E3F3">
<th>STATION_NA</th>
<td>JURONG EAST MRT STATION</td>
</tr><tr bgcolor="">
<th>EXIT_CODE</th>
<td>Exit D</td>
</tr><tr bgcolor="#E3E3F3">
<th>INC_CRC</th>
<td>F6949D2149A78ED9</td>
</tr><tr bgcolor="">
<th>FMEL_UPD_D</th>
<td>20230127204435</td>
</tr></table></center>]]></description>
<ExtendedData>
<SchemaData schemaUrl="#kml_schema_ft_MRT_EXITS">
<SimpleData name="STATION_NA">JURONG EAST MRT STATION</SimpleData>
<SimpleData name="EXIT_CODE">Exit D</SimpleData>
<SimpleData name="INC_CRC">F6949D2149A78ED9</SimpleData>
<SimpleData name="FMEL_UPD_D">20230127204435</SimpleData>
</SchemaData>
</ExtendedData>
<Point>
<coordinates>103.742298193307,1.33358133108919,0.0</coordinates>
</Point>
</Placemark>
<Placemark id="kml_545">
<name>kml_545</name>
<snippet> </snippet>
<description><![CDATA[<center><table><tr><th colspan='2' align='center'><em>Attributes</em></th></tr><tr bgcolor="#E3E3F3">
<th>STATION_NA</th>
<td>ANG MO KIO MRT STATION</td>
</tr><tr bgcolor="">
<th>EXIT_CODE</th>
<td>Exit D</td>
</tr><tr bgcolor="#E3E3F3">
<th>INC_CRC</th>
<td>2FA1606517F7F394</td>
</tr><tr bgcolor="">
<th>FMEL_UPD_D</th>
<td>20230127204435</td>
</tr></table></center>]]></description>
<ExtendedData>
<SchemaData schemaUrl="#kml_schema_ft_MRT_EXITS">
<SimpleData name="STATION_NA">ANG MO KIO MRT STATION</SimpleData>
<SimpleData name="EXIT_CODE">Exit D</SimpleData>
<SimpleData name="INC_CRC">2FA1606517F7F394</SimpleData>
<SimpleData name="FMEL_UPD_D">20230127204435</SimpleData>
</SchemaData>
</ExtendedData>
<Point>
<coordinates>103.84982457248,1.36988237526817,0.0</coordinates>
</Point>
</Placemark>
<Placemark id="kml_546">
<name>kml_546</name>
<snippet> </snippet>
<description><![CDATA[<center><table><tr><th colspan='2' align='center'><em>Attributes</em></th></tr><tr bgcolor="#E3E3F3">
<th>STATION_NA</th>
<td>SOMERSET MRT STATION</td>
</tr><tr bgcolor="">
<th>EXIT_CODE</th>
<td>Exit C</td>
</tr><tr bgcolor="#E3E3F3">
<th>INC_CRC</th>
<td>947DEBE26C775910</td>
</tr><tr bgcolor="">
<th>FMEL_UPD_D</th>
<td>20230127204435</td>
</tr></table></center>]]></description>
<ExtendedData>
<SchemaData schemaUrl="#kml_schema_ft_MRT_EXITS">
<SimpleData name="STATION_NA">SOMERSET MRT STATION</SimpleData>
<SimpleData name="EXIT_CODE">Exit C</SimpleData>
<SimpleData name="INC_CRC">947DEBE26C775910</SimpleData>
<SimpleData name="FMEL_UPD_D">20230127204435</SimpleData>
</SchemaData>
</ExtendedData>
<Point>
<coordinates>103.838765584281,1.30043622058993,0.0</coordinates>
</Point>
</Placemark>
<Placemark id="kml_547">
<name>kml_547</name>
<snippet> </snippet>
<description><![CDATA[<center><table><tr><th colspan='2' align='center'><em>Attributes</em></th></tr><tr bgcolor="#E3E3F3">
<th>STATION_NA</th>
<td>SOMERSET MRT STATION</td>
</tr><tr bgcolor="">
<th>EXIT_CODE</th>
<td>Exit D</td>
</tr><tr bgcolor="#E3E3F3">
<th>INC_CRC</th>
<td>C8C03BAA2804D6D1</td>
</tr><tr bgcolor="">
<th>FMEL_UPD_D</th>
<td>20230127204435</td>
</tr></table></center>]]></description>
<ExtendedData>
<SchemaData schemaUrl="#kml_schema_ft_MRT_EXITS">
<SimpleData name="STATION_NA">SOMERSET MRT STATION</SimpleData>
<SimpleData name="EXIT_CODE">Exit D</SimpleData>
<SimpleData name="INC_CRC">C8C03BAA2804D6D1</SimpleData>
<SimpleData name="FMEL_UPD_D">20230127204435</SimpleData>
</SchemaData>
</ExtendedData>
<Point>
<coordinates>103.839734148085,1.30024113867986,0.0</coordinates>
</Point>
</Placemark>
<Placemark id="kml_548">
<name>kml_548</name>
<snippet> </snippet>
<description><![CDATA[<center><table><tr><th colspan='2' align='center'><em>Attributes</em></th></tr><tr bgcolor="#E3E3F3">
<th>STATION_NA</th>
<td>MARINA SOUTH PIER MRT STATION</td>
</tr><tr bgcolor="">
<th>EXIT_CODE</th>
<td>Exit A</td>
</tr><tr bgcolor="#E3E3F3">
<th>INC_CRC</th>
<td>F068727788589ACD</td>
</tr><tr bgcolor="">
<th>FMEL_UPD_D</th>
<td>20230127204435</td>
</tr></table></center>]]></description>
<ExtendedData>
<SchemaData schemaUrl="#kml_schema_ft_MRT_EXITS">
<SimpleData name="STATION_NA">MARINA SOUTH PIER MRT STATION</SimpleData>
<SimpleData name="EXIT_CODE">Exit A</SimpleData>
<SimpleData name="INC_CRC">F068727788589ACD</SimpleData>
<SimpleData name="FMEL_UPD_D">20230127204435</SimpleData>
</SchemaData>
</ExtendedData>
<Point>
<coordinates>103.86233005097,1.27052998951863,0.0</coordinates>
</Point>
</Placemark>
<Placemark id="kml_549">
<name>kml_549</name>
<snippet> </snippet>
<description><![CDATA[<center><table><tr><th colspan='2' align='center'><em>Attributes</em></th></tr><tr bgcolor="#E3E3F3">
<th>STATION_NA</th>
<td>MARINA SOUTH PIER MRT STATION</td>
</tr><tr bgcolor="">
<th>EXIT_CODE</th>
<td>Exit B</td>
</tr><tr bgcolor="#E3E3F3">
<th>INC_CRC</th>
<td>C73EE0EE2FBED722</td>
</tr><tr bgcolor="">
<th>FMEL_UPD_D</th>
<td>20230127204435</td>
</tr></table></center>]]></description>
<ExtendedData>
<SchemaData schemaUrl="#kml_schema_ft_MRT_EXITS">
<SimpleData name="STATION_NA">MARINA SOUTH PIER MRT STATION</SimpleData>
<SimpleData name="EXIT_CODE">Exit B</SimpleData>
<SimpleData name="INC_CRC">C73EE0EE2FBED722</SimpleData>
<SimpleData name="FMEL_UPD_D">20230127204435</SimpleData>
</SchemaData>
</ExtendedData>
<Point>
<coordinates>103.863579669764,1.27143783716222,0.0</coordinates>
</Point>
</Placemark>
<Placemark id="kml_550">
<name>kml_550</name>
<snippet> </snippet>
<description><![CDATA[<center><table><tr><th colspan='2' align='center'><em>Attributes</em></th></tr><tr bgcolor="#E3E3F3">
<th>STATION_NA</th>
<td>CHINATOWN MRT STATION</td>
</tr><tr bgcolor="">
<th>EXIT_CODE</th>
<td>Exit G</td>
</tr><tr bgcolor="#E3E3F3">
<th>INC_CRC</th>
<td>6EAFAD60E5DC5EB3</td>
</tr><tr bgcolor="">
<th>FMEL_UPD_D</th>
<td>20230127204435</td>
</tr></table></center>]]></description>
<ExtendedData>
<SchemaData schemaUrl="#kml_schema_ft_MRT_EXITS">
<SimpleData name="STATION_NA">CHINATOWN MRT STATION</SimpleData>
<SimpleData name="EXIT_CODE">Exit G</SimpleData>
<SimpleData name="INC_CRC">6EAFAD60E5DC5EB3</SimpleData>
<SimpleData name="FMEL_UPD_D">20230127204435</SimpleData>
</SchemaData>
</ExtendedData>
<Point>
<coordinates>103.84445854173,1.28473608363703,0.0</coordinates>
</Point>
</Placemark>
<Placemark id="kml_551">
<name>kml_551</name>
<snippet> </snippet>
<description><![CDATA[<center><table><tr><th colspan='2' align='center'><em>Attributes</em></th></tr><tr bgcolor="#E3E3F3">
<th>STATION_NA</th>
<td>CHINATOWN MRT STATION</td>
</tr><tr bgcolor="">
<th>EXIT_CODE</th>
<td>Exit F</td>
</tr><tr bgcolor="#E3E3F3">
<th>INC_CRC</th>
<td>F311BD73BF790D1C</td>
</tr><tr bgcolor="">
<th>FMEL_UPD_D</th>
<td>20230127204435</td>
</tr></table></center>]]></description>
<ExtendedData>
<SchemaData schemaUrl="#kml_schema_ft_MRT_EXITS">
<SimpleData name="STATION_NA">CHINATOWN MRT STATION</SimpleData>
<SimpleData name="EXIT_CODE">Exit F</SimpleData>
<SimpleData name="INC_CRC">F311BD73BF790D1C</SimpleData>
<SimpleData name="FMEL_UPD_D">20230127204435</SimpleData>
</SchemaData>
</ExtendedData>
<Point>
<coordinates>103.845462531796,1.28427477607278,0.0</coordinates>
</Point>
</Placemark>
<Placemark id="kml_552">
<name>kml_552</name>
<snippet> </snippet>
<description><![CDATA[<center><table><tr><th colspan='2' align='center'><em>Attributes</em></th></tr><tr bgcolor="#E3E3F3">
<th>STATION_NA</th>
<td>BUKIT PANJANG MRT STATION</td>
</tr><tr bgcolor="">
<th>EXIT_CODE</th>
<td>Exit B</td>
</tr><tr bgcolor="#E3E3F3">
<th>INC_CRC</th>
<td>BE5F7B68E04895BE</td>
</tr><tr bgcolor="">
<th>FMEL_UPD_D</th>
<td>20230127204435</td>
</tr></table></center>]]></description>
<ExtendedData>
<SchemaData schemaUrl="#kml_schema_ft_MRT_EXITS">
<SimpleData name="STATION_NA">BUKIT PANJANG MRT STATION</SimpleData>
<SimpleData name="EXIT_CODE">Exit B</SimpleData>
<SimpleData name="INC_CRC">BE5F7B68E04895BE</SimpleData>
<SimpleData name="FMEL_UPD_D">20230127204435</SimpleData>
</SchemaData>
</ExtendedData>
<Point>
<coordinates>103.761370504957,1.37861889401251,0.0</coordinates>
</Point>
</Placemark>
<Placemark id="kml_553">
<name>kml_553</name>
<snippet> </snippet>
<description><![CDATA[<center><table><tr><th colspan='2' align='center'><em>Attributes</em></th></tr><tr bgcolor="#E3E3F3">
<th>STATION_NA</th>
<td>HILLVIEW MRT STATION</td>
</tr><tr bgcolor="">
<th>EXIT_CODE</th>
<td>Exit A</td>
</tr><tr bgcolor="#E3E3F3">
<th>INC_CRC</th>
<td>4A8EA2D66E8ECDA8</td>
</tr><tr bgcolor="">
<th>FMEL_UPD_D</th>
<td>20230127204435</td>
</tr></table></center>]]></description>
<ExtendedData>
<SchemaData schemaUrl="#kml_schema_ft_MRT_EXITS">
<SimpleData name="STATION_NA">HILLVIEW MRT STATION</SimpleData>
<SimpleData name="EXIT_CODE">Exit A</SimpleData>
<SimpleData name="INC_CRC">4A8EA2D66E8ECDA8</SimpleData>
<SimpleData name="FMEL_UPD_D">20230127204435</SimpleData>
</SchemaData>
</ExtendedData>
<Point>
<coordinates>103.767688290103,1.36247423794507,0.0</coordinates>
</Point>
</Placemark>
<Placemark id="kml_554">
<name>kml_554</name>
<snippet> </snippet>
<description><![CDATA[<center><table><tr><th colspan='2' align='center'><em>Attributes</em></th></tr><tr bgcolor="#E3E3F3">
<th>STATION_NA</th>
<td>BEAUTY WORLD MRT STATION</td>
</tr><tr bgcolor="">
<th>EXIT_CODE</th>
<td>Exit A</td>
</tr><tr bgcolor="#E3E3F3">
<th>INC_CRC</th>
<td>D320410A69021932</td>
</tr><tr bgcolor="">
<th>FMEL_UPD_D</th>
<td>20230127204435</td>
</tr></table></center>]]></description>
<ExtendedData>
<SchemaData schemaUrl="#kml_schema_ft_MRT_EXITS">
<SimpleData name="STATION_NA">BEAUTY WORLD MRT STATION</SimpleData>
<SimpleData name="EXIT_CODE">Exit A</SimpleData>
<SimpleData name="INC_CRC">D320410A69021932</SimpleData>
<SimpleData name="FMEL_UPD_D">20230127204435</SimpleData>
</SchemaData>
</ExtendedData>
<Point>
<coordinates>103.775984296226,1.3416961499328,0.0</coordinates>
</Point>
</Placemark>
<Placemark id="kml_555">
<name>kml_555</name>
<snippet> </snippet>
<description><![CDATA[<center><table><tr><th colspan='2' align='center'><em>Attributes</em></th></tr><tr bgcolor="#E3E3F3">
<th>STATION_NA</th>
<td>BEAUTY WORLD MRT STATION</td>
</tr><tr bgcolor="">
<th>EXIT_CODE</th>
<td>Exit C</td>
</tr><tr bgcolor="#E3E3F3">
<th>INC_CRC</th>
<td>7E2D6AAB2D36BBBA</td>
</tr><tr bgcolor="">
<th>FMEL_UPD_D</th>
<td>20230127204435</td>
</tr></table></center>]]></description>
<ExtendedData>
<SchemaData schemaUrl="#kml_schema_ft_MRT_EXITS">
<SimpleData name="STATION_NA">BEAUTY WORLD MRT STATION</SimpleData>
<SimpleData name="EXIT_CODE">Exit C</SimpleData>
<SimpleData name="INC_CRC">7E2D6AAB2D36BBBA</SimpleData>
<SimpleData name="FMEL_UPD_D">20230127204435</SimpleData>
</SchemaData>
</ExtendedData>
<Point>
<coordinates>103.775761545626,1.33998187378458,0.0</coordinates>
</Point>
</Placemark>
<Placemark id="kml_556">
<name>kml_556</name>
<snippet> </snippet>
<description><![CDATA[<center><table><tr><th colspan='2' align='center'><em>Attributes</em></th></tr><tr bgcolor="#E3E3F3">
<th>STATION_NA</th>
<td>KING ALBERT PARK MRT STATION</td>
</tr><tr bgcolor="">
<th>EXIT_CODE</th>
<td>Exit B</td>
</tr><tr bgcolor="#E3E3F3">
<th>INC_CRC</th>
<td>DAE9E8760965D45A</td>
</tr><tr bgcolor="">
<th>FMEL_UPD_D</th>
<td>20230127204435</td>
</tr></table></center>]]></description>
<ExtendedData>
<SchemaData schemaUrl="#kml_schema_ft_MRT_EXITS">
<SimpleData name="STATION_NA">KING ALBERT PARK MRT STATION</SimpleData>
<SimpleData name="EXIT_CODE">Exit B</SimpleData>
<SimpleData name="INC_CRC">DAE9E8760965D45A</SimpleData>
<SimpleData name="FMEL_UPD_D">20230127204435</SimpleData>
</SchemaData>
</ExtendedData>
<Point>
<coordinates>103.784561584781,1.33597604551556,0.0</coordinates>
</Point>
</Placemark>
<Placemark id="kml_557">
<name>kml_557</name>
<snippet> </snippet>
<description><![CDATA[<center><table><tr><th colspan='2' align='center'><em>Attributes</em></th></tr><tr bgcolor="#E3E3F3">
<th>STATION_NA</th>
<td>SIXTH AVENUE MRT STATION</td>
</tr><tr bgcolor="">
<th>EXIT_CODE</th>
<td>Exit B</td>
</tr><tr bgcolor="#E3E3F3">
<th>INC_CRC</th>
<td>10CC04828E7C82D8</td>
</tr><tr bgcolor="">
<th>FMEL_UPD_D</th>
<td>20230127204435</td>
</tr></table></center>]]></description>
<ExtendedData>
<SchemaData schemaUrl="#kml_schema_ft_MRT_EXITS">
<SimpleData name="STATION_NA">SIXTH AVENUE MRT STATION</SimpleData>
<SimpleData name="EXIT_CODE">Exit B</SimpleData>
<SimpleData name="INC_CRC">10CC04828E7C82D8</SimpleData>
<SimpleData name="FMEL_UPD_D">20230127204435</SimpleData>
</SchemaData>
</ExtendedData>
<Point>
<coordinates>103.796848178229,1.33152130143572,0.0</coordinates>
</Point>
</Placemark>
<Placemark id="kml_558">
<name>kml_558</name>
<snippet> </snippet>
<description><![CDATA[<center><table><tr><th colspan='2' align='center'><em>Attributes</em></th></tr><tr bgcolor="#E3E3F3">
<th>STATION_NA</th>
<td>TAN KAH KEE MRT STATION</td>
</tr><tr bgcolor="">
<th>EXIT_CODE</th>
<td>Exit B</td>
</tr><tr bgcolor="#E3E3F3">
<th>INC_CRC</th>
<td>A5B4AAE12B40643B</td>
</tr><tr bgcolor="">
<th>FMEL_UPD_D</th>
<td>20230127204435</td>
</tr></table></center>]]></description>
<ExtendedData>
<SchemaData schemaUrl="#kml_schema_ft_MRT_EXITS">
<SimpleData name="STATION_NA">TAN KAH KEE MRT STATION</SimpleData>
<SimpleData name="EXIT_CODE">Exit B</SimpleData>
<SimpleData name="INC_CRC">A5B4AAE12B40643B</SimpleData>
<SimpleData name="FMEL_UPD_D">20230127204435</SimpleData>
</SchemaData>
</ExtendedData>
<Point>
<coordinates>103.807800873707,1.32614615882549,0.0</coordinates>
</Point>
</Placemark>
<Placemark id="kml_559">
<name>kml_559</name>
<snippet> </snippet>
<description><![CDATA[<center><table><tr><th colspan='2' align='center'><em>Attributes</em></th></tr><tr bgcolor="#E3E3F3">
<th>STATION_NA</th>
<td>BOTANIC GARDENS MRT STATION</td>
</tr><tr bgcolor="">
<th>EXIT_CODE</th>
<td>Exit B</td>
</tr><tr bgcolor="#E3E3F3">
<th>INC_CRC</th>
<td>1D8ACE3D804EFC33</td>
</tr><tr bgcolor="">
<th>FMEL_UPD_D</th>
<td>20230127204435</td>
</tr></table></center>]]></description>
<ExtendedData>
<SchemaData schemaUrl="#kml_schema_ft_MRT_EXITS">
<SimpleData name="STATION_NA">BOTANIC GARDENS MRT STATION</SimpleData>
<SimpleData name="EXIT_CODE">Exit B</SimpleData>
<SimpleData name="INC_CRC">1D8ACE3D804EFC33</SimpleData>
<SimpleData name="FMEL_UPD_D">20230127204435</SimpleData>
</SchemaData>
</ExtendedData>
<Point>
<coordinates>103.815914145792,1.32268461233639,0.0</coordinates>
</Point>
</Placemark>
<Placemark id="kml_560">
<name>kml_560</name>
<snippet> </snippet>
<description><![CDATA[<center><table><tr><th colspan='2' align='center'><em>Attributes</em></th></tr><tr bgcolor="#E3E3F3">
<th>STATION_NA</th>
<td>NEWTON MRT STATION</td>
</tr><tr bgcolor="">
<th>EXIT_CODE</th>
<td>Exit C</td>
</tr><tr bgcolor="#E3E3F3">
<th>INC_CRC</th>
<td>D977970135729EB8</td>
</tr><tr bgcolor="">
<th>FMEL_UPD_D</th>
<td>20230127204435</td>
</tr></table></center>]]></description>
<ExtendedData>
<SchemaData schemaUrl="#kml_schema_ft_MRT_EXITS">
<SimpleData name="STATION_NA">NEWTON MRT STATION</SimpleData>
<SimpleData name="EXIT_CODE">Exit C</SimpleData>
<SimpleData name="INC_CRC">D977970135729EB8</SimpleData>
<SimpleData name="FMEL_UPD_D">20230127204435</SimpleData>
</SchemaData>
</ExtendedData>
<Point>
<coordinates>103.838242381635,1.31361726914981,0.0</coordinates>
</Point>
</Placemark>
<Placemark id="kml_561">
<name>kml_561</name>
<snippet> </snippet>
<description><![CDATA[<center><table><tr><th colspan='2' align='center'><em>Attributes</em></th></tr><tr bgcolor="#E3E3F3">
<th>STATION_NA</th>
<td>LITTLE INDIA MRT STATION</td>
</tr><tr bgcolor="">
<th>EXIT_CODE</th>
<td>Exit F</td>
</tr><tr bgcolor="#E3E3F3">
<th>INC_CRC</th>
<td>5617CFEE626840BB</td>
</tr><tr bgcolor="">
<th>FMEL_UPD_D</th>
<td>20230127204435</td>
</tr></table></center>]]></description>
<ExtendedData>
<SchemaData schemaUrl="#kml_schema_ft_MRT_EXITS">
<SimpleData name="STATION_NA">LITTLE INDIA MRT STATION</SimpleData>
<SimpleData name="EXIT_CODE">Exit F</SimpleData>
<SimpleData name="INC_CRC">5617CFEE626840BB</SimpleData>
<SimpleData name="FMEL_UPD_D">20230127204435</SimpleData>
</SchemaData>
</ExtendedData>
<Point>
<coordinates>103.848304399136,1.30768353655885,0.0</coordinates>
</Point>
</Placemark>
<Placemark id="kml_562">
<name>kml_562</name>
<snippet> </snippet>
<description><![CDATA[<center><table><tr><th colspan='2' align='center'><em>Attributes</em></th></tr><tr bgcolor="#E3E3F3">
<th>STATION_NA</th>
<td>ROCHOR MRT STATION</td>
</tr><tr bgcolor="">
<th>EXIT_CODE</th>
<td>Exit B</td>
</tr><tr bgcolor="#E3E3F3">
<th>INC_CRC</th>
<td>5F1E6F573314E1E3</td>
</tr><tr bgcolor="">
<th>FMEL_UPD_D</th>
<td>20230127204435</td>
</tr></table></center>]]></description>
<ExtendedData>
<SchemaData schemaUrl="#kml_schema_ft_MRT_EXITS">
<SimpleData name="STATION_NA">ROCHOR MRT STATION</SimpleData>
<SimpleData name="EXIT_CODE">Exit B</SimpleData>
<SimpleData name="INC_CRC">5F1E6F573314E1E3</SimpleData>
<SimpleData name="FMEL_UPD_D">20230127204435</SimpleData>
</SchemaData>
</ExtendedData>
<Point>
<coordinates>103.853104335649,1.30421477703374,0.0</coordinates>
</Point>
</Placemark>
<Placemark id="kml_563">
<name>kml_563</name>
<snippet> </snippet>
<description><![CDATA[<center><table><tr><th colspan='2' align='center'><em>Attributes</em></th></tr><tr bgcolor="#E3E3F3">
<th>STATION_NA</th>
<td>DOWNTOWN MRT STATION</td>
</tr><tr bgcolor="">
<th>EXIT_CODE</th>
<td>Exit A</td>
</tr><tr bgcolor="#E3E3F3">
<th>INC_CRC</th>
<td>AD2F8B7AE573BE63</td>
</tr><tr bgcolor="">
<th>FMEL_UPD_D</th>
<td>20230127204435</td>
</tr></table></center>]]></description>
<ExtendedData>
<SchemaData schemaUrl="#kml_schema_ft_MRT_EXITS">
<SimpleData name="STATION_NA">DOWNTOWN MRT STATION</SimpleData>
<SimpleData name="EXIT_CODE">Exit A</SimpleData>
<SimpleData name="INC_CRC">AD2F8B7AE573BE63</SimpleData>
<SimpleData name="FMEL_UPD_D">20230127204435</SimpleData>
</SchemaData>
</ExtendedData>
<Point>
<coordinates>103.852646560011,1.27977345528297,0.0</coordinates>
</Point>
</Placemark>
</Folder>
</Document></kml>
